{"type":"FeatureCollection","features":[{"type":"Feature","properties":{"ADM1_PCODE":"SB01","ADM1_NAME":"Choiseul"},"geometry":{"type":"MultiPolygon","coordinates":[[[[157.5636548397765,-7.372470965503945],[157.55058900027586,-7.376140976933861],[157.56049692019303,-7.378237041978487],[157.55697792008615,-7.3906450700503346],[157.5194799602028,-7.370058905488053],[157.4873110796727,-7.39398398590461],[157.49119512007678,-7.407792958932218],[157.46802012006899,-7.4161590647772755],[157.46078591971232,-7.409685923097053],[157.44812796026642,-7.412394961228544],[157.44633516011453,-7.426831999567637],[157.43609604033526,-7.428519976274457],[157.4315251202172,-7.426257083337726],[157.44133116040138,-7.410126988657916],[157.4329910405052,-7.418503937301226],[157.43137104028133,-7.408074984920131],[157.42628495970408,-7.409743934443415],[157.43024100007813,-7.424627108082141],[157.4197189199675,-7.4250479893176955],[157.4172860405313,-7.403774066048121],[157.41085896028773,-7.410789032276231],[157.4146141202963,-7.419836923722387],[157.40109612008558,-7.423441927808488],[157.40122103980903,-7.4029260153302],[157.34049408038953,-7.401866082774174],[157.34344104051002,-7.41096610033388],[157.33377792049092,-7.398627009436083],[157.33797587986598,-7.395234935006916],[157.3163020796823,-7.391500998459217],[157.31440812024624,-7.363401931415414],[157.3267611600437,-7.34029498697013],[157.30378307972936,-7.3477290575836784],[157.30088508048684,-7.362756953989369],[157.29654600027226,-7.352339004016519],[157.28154911977893,-7.348933899669145],[157.27201488015538,-7.363776992685702],[157.282175160192,-7.366779968877639],[157.28184504010488,-7.37651299255295],[157.2719468399591,-7.366543080251419],[157.2673780802893,-7.37063300269885],[157.26268691977214,-7.36128901580281],[157.27156487989356,-7.357202041771973],[157.2644070004034,-7.348076996461816],[157.2573409197522,-7.3597380621237845],[157.2295589996413,-7.361646940724192],[157.21300691979553,-7.342672038922808],[157.21247412001742,-7.347904008653534],[157.15219500041147,-7.336018046150313],[157.10499395985192,-7.351187012971663],[157.10809499990827,-7.34691303297708],[157.0991749204781,-7.34660204776253],[157.0948070402755,-7.3371820376324415],[157.1021881196727,-7.323240001037385],[157.09225715976513,-7.321259008869963],[157.09697207982322,-7.313843956302855],[157.09067099997637,-7.299187025699781],[157.04576496003332,-7.271081060746526],[157.03226999981302,-7.275623057255163],[157.03286184046496,-7.291407019526197],[157.0193060400454,-7.293522944735601],[157.02090588027758,-7.301623036594988],[157.0096058402663,-7.29986298262572],[157.01484204010737,-7.266207979640531],[157.00563288012387,-7.283133908348557],[156.99460895977302,-7.27264000045043],[157.0104129603794,-7.261030941533554],[157.0057509600747,-7.2458030275001715],[156.9308900400272,-7.218851061628725],[156.9056000402263,-7.1994270577048125],[156.89437307996002,-7.177366069610615],[156.8659579203374,-7.170261008020279],[156.8685729601469,-7.1595039078914775],[156.85034796032394,-7.132515029124578],[156.8175170402941,-7.110008017757593],[156.7899719996354,-7.066877947298224],[156.77156987988621,-7.060080927516159],[156.75845796040474,-7.026749078456628],[156.6915029999851,-6.9626620130416015],[156.67927092013727,-6.9293149903817],[156.65495687970542,-6.901295956547568],[156.62356595997434,-6.882104886595104],[156.5890009204419,-6.875298930893765],[156.55678092038224,-6.844489084003381],[156.52746791978595,-6.835687002172333],[156.50647883976634,-6.796584044955717],[156.44927592000252,-6.76816594028408],[156.42596087982847,-6.737803080070505],[156.41088912026467,-6.737443063522399],[156.40719300023153,-6.721897037080964],[156.41479511998585,-6.7021630251304085],[156.40987896023609,-6.685056052351291],[156.38548788028552,-6.6575369752732225],[156.3919761600544,-6.643124984372304],[156.44050488006116,-6.597339010582796],[156.4684570803257,-6.589481943071822],[156.47738183997848,-6.594453934493742],[156.47308092019713,-6.603945029883497],[156.48080904034816,-6.610751936736203],[156.48933096039326,-6.593030074902603],[156.50048088024246,-6.593265031253409],[156.5543149200615,-6.645871929096028],[156.57947604036522,-6.650345067787222],[156.58704287968507,-6.644085093902266],[156.5987529601994,-6.655799885499893],[156.63357396029895,-6.66211298737423],[156.6570808797194,-6.7018439203027595],[156.67659899990227,-6.718085980947336],[156.6767581202852,-6.738603016291932],[156.7164718799197,-6.74866100465605],[156.73898807975263,-6.763674936354863],[156.75349788022407,-6.759068060622292],[156.75601607984936,-6.769225900930395],[156.78234000011815,-6.771646998521548],[156.79795103990654,-6.786292012811445],[156.827465999745,-6.790332924827021],[156.84276384011295,-6.812652952536483],[156.86444016007098,-6.826430979246491],[156.8628349200656,-6.832518098827113],[156.93751403996419,-6.849696874623925],[156.96238895971337,-6.866044927671912],[156.96652716046074,-6.860437003372409],[156.97778796026378,-6.8705540943883365],[156.97370807994128,-6.886242916243358],[156.99057299988138,-6.898846030040563],[157.00723992035304,-6.890369116463274],[157.082968080264,-6.953950929381063],[157.0983839996845,-6.958758894290808],[157.10925311965062,-6.980377955795244],[157.1143431600017,-7.051681066561999],[157.1339998803515,-7.086279896337659],[157.13220600042465,-7.114279952986764],[157.17463812049937,-7.141224006773609],[157.17735000049313,-7.164641922716563],[157.18978800025522,-7.173254919972939],[157.1996599201874,-7.15547600175204],[157.20146603965995,-7.180332074874673],[157.21331184034236,-7.187379117759328],[157.224526920389,-7.182070094034731],[157.243583879641,-7.198747021240525],[157.26674700032748,-7.201423944720171],[157.28051700043324,-7.189204973531319],[157.2785740801193,-7.210128926373452],[157.29617700020128,-7.2222139398866485],[157.2884920800323,-7.237804960939906],[157.33131299994514,-7.272440021968559],[157.35101904049895,-7.26877897770337],[157.3507630799318,-7.288967024485008],[157.3700410804392,-7.29357097309919],[157.36708800009671,-7.280496929105244],[157.38151788015233,-7.282661113665002],[157.39637795980425,-7.3249569368738365],[157.42116000004125,-7.317639961407795],[157.40902584015268,-7.291167055871978],[157.43817287969517,-7.309929906008331],[157.44549492001522,-7.323485125011108],[157.50940896012895,-7.289358931423884],[157.53505607978119,-7.291430944127681],[157.55063184003345,-7.305115986807318],[157.56118416013146,-7.353165907878491],[157.55565096018947,-7.35880995084953],[157.5636548397765,-7.372470965503945]],[[157.15910412022973,-7.3354810375912],[157.15774800012062,-7.334142977504799],[157.15754315998134,-7.335157011852285],[157.15910412022973,-7.3354810375912]]],[[[157.8196180803281,-7.45531896074255],[157.81708512048442,-7.4784059529045095],[157.7515028397178,-7.4759939391701025],[157.7202051597233,-7.449289921278993],[157.7139879600661,-7.435220946912297],[157.72924692045027,-7.433524963937983],[157.71858084039962,-7.433292931216512],[157.71437316035485,-7.419794085832175],[157.73940792003748,-7.4022209407773225],[157.74503508016494,-7.41134897502556],[157.7579731199434,-7.389425881751881],[157.76218404021134,-7.405200986738464],[157.77046692035594,-7.393133059968654],[157.78605096038018,-7.39386099753204],[157.8121189200818,-7.429437944731158],[157.8196180803281,-7.45531896074255]],[[157.80638483977427,-7.456809966316782],[157.8063060000317,-7.4561390680181665],[157.80587292043657,-7.456900990282418],[157.80638483977427,-7.456809966316782]],[[157.80658896036303,-7.449458050301288],[157.80532788021435,-7.449183010909197],[157.8054949201448,-7.4498150114432935],[157.80658896036303,-7.449458050301288]],[[157.8123090000026,-7.435923112018303],[157.81158288008038,-7.433859985103241],[157.81071708021628,-7.434677990014402],[157.8123090000026,-7.435923112018303]],[[157.80881411966112,-7.4502590712952],[157.80722795987236,-7.450143950688251],[157.80729204029484,-7.451226077086437],[157.80881411966112,-7.4502590712952]],[[157.80800808022133,-7.458093933348145],[157.8075710399541,-7.456335037151976],[157.8061389601012,-7.45786102076926],[157.80800808022133,-7.458093933348145]]],[[[157.64742000015906,-7.426267078667108],[157.62195396020684,-7.437672987414232],[157.61272103978405,-7.426365962205217],[157.6181530804419,-7.451274980271934],[157.60855188039702,-7.453504903524298],[157.60447307984947,-7.44502492347633],[157.59487692025166,-7.455008944198279],[157.5943718397882,-7.439712001244769],[157.58275104013507,-7.453198990439988],[157.56661800011483,-7.444647967675287],[157.56575796024836,-7.454486002379091],[157.55758703983253,-7.441968934728295],[157.59416699964893,-7.4300419511773494],[157.595232960328,-7.420805960271745],[157.55018795999368,-7.4289710179741775],[157.53593412008934,-7.4151089816150275],[157.505600880367,-7.419278062568296],[157.4954488801023,-7.411483917929794],[157.5083070003632,-7.397192927328084],[157.50585900048412,-7.386041056019687],[157.5211381199616,-7.373889954272859],[157.56992784008423,-7.404662991561417],[157.5959799597924,-7.388494977348002],[157.61602691997967,-7.400523939384603],[157.62898511974973,-7.398353009434478],[157.64742000015906,-7.426267078667108]]],[[[157.64557104003055,-7.452747080934854],[157.6259589596622,-7.451026000854659],[157.6257710401896,-7.435884023769944],[157.64505191979754,-7.436008963941482],[157.64557104003055,-7.452747080934854]]],[[[157.48253711963918,-7.412658956745005],[157.47295716025917,-7.430692006384782],[157.45212792017307,-7.431047019281401],[157.48253711963918,-7.412658956745005]]],[[[157.12267392035096,-7.363677916476689],[157.11495300019698,-7.369129031472012],[157.09343615994794,-7.354473027577728],[157.12267392035096,-7.363677916476689]]],[[[157.5851630400291,-7.37816902910729],[157.56603588013263,-7.3870749635178905],[157.5688381198642,-7.377564952455684],[157.5851630400291,-7.37816902910729]]],[[[157.60954008021014,-7.305882096769972],[157.60137203979315,-7.318266971954742],[157.59260316030003,-7.31707293782805],[157.59508896038795,-7.307287014522147],[157.60954008021014,-7.305882096769972]]],[[[157.21472988042566,-7.366347071534932],[157.2018721203892,-7.376069037603955],[157.20827903974285,-7.357077971337641],[157.21472988042566,-7.366347071534932]]],[[[157.18286592044234,-7.357110104600592],[157.18168512003567,-7.371187105969147],[157.17175811990188,-7.366891004183456],[157.18286592044234,-7.357110104600592]]],[[[157.38877584004993,-7.419126878398876],[157.3731201602801,-7.418156946782806],[157.37329008020936,-7.408650996794974],[157.38877584004993,-7.419126878398876]]],[[[157.30240212030435,-7.388999076128304],[157.2975849602888,-7.387538008329449],[157.30223904014764,-7.39632094401363],[157.2905239200846,-7.396979081793267],[157.29331212004664,-7.386647977137436],[157.30240212030435,-7.388999076128304]]],[[[157.30453188031592,-7.366578961469497],[157.29898787992929,-7.3758458990692555],[157.29826212023144,-7.366977048185765],[157.30453188031592,-7.366578961469497]]],[[[157.5862459204766,-7.485226982138691],[157.56975792015498,-7.479191037377484],[157.56301008026955,-7.466371092576286],[157.57074216019433,-7.478626005578749],[157.5862459204766,-7.485226982138691]]],[[[157.49842500043522,-7.4296269650542754],[157.48834895991433,-7.429708890782592],[157.49539596034893,-7.422881107543054],[157.49842500043522,-7.4296269650542754]]],[[[156.3942841197672,-6.674268935760482],[156.386976120115,-6.67535001834955],[156.38771988025448,-6.664555000273007],[156.3942841197672,-6.674268935760482]]],[[[157.25170691985215,-7.372896001771442],[157.24808604001228,-7.3770129996918365],[157.24401191968732,-7.36231887625053],[157.25170691985215,-7.372896001771442]]],[[[156.39974784041186,-6.7024630009706385],[156.39213995976164,-6.6989199486086175],[156.39575796050104,-6.694639077502931],[156.39974784041186,-6.7024630009706385]]],[[[156.52194516006418,-6.829772032902657],[156.5213450396403,-6.835021089086778],[156.51500507980967,-6.825854951886469],[156.52194516006418,-6.829772032902657]]],[[[157.54482899997913,-7.4349389376615695],[157.5339519604655,-7.433582972995593],[157.54059288017083,-7.430401962671542],[157.54482899997913,-7.4349389376615695]]],[[[157.573643040334,-7.493412968019283],[157.56425208020158,-7.495693002338658],[157.56048215997458,-7.486234065529527],[157.573643040334,-7.493412968019283]]],[[[157.1615751600992,-7.346632039225886],[157.1599479598784,-7.356737894907555],[157.15483596021016,-7.347897046449959],[157.1615751600992,-7.346632039225886]]],[[[157.54794192025508,-7.425940977228617],[157.54511987985805,-7.430313967481275],[157.5400579199444,-7.423155984293793],[157.54794192025508,-7.425940977228617]]],[[[157.23760283988545,-7.367007931472139],[157.23717696028734,-7.372243898068329],[157.22945496035837,-7.367572036012433],[157.23760283988545,-7.367007931472139]]],[[[156.3994519200859,-6.711286998740745],[156.39803495977756,-6.716033049331297],[156.39467292050364,-6.7069790630038275],[156.3994519200859,-6.711286998740745]]],[[[157.59025704015397,-7.330792006652719],[157.58592588038525,-7.333414049997318],[157.58311787975774,-7.323714002513523],[157.59025704015397,-7.330792006652719]]],[[[157.1636249996949,-7.125783099336376],[157.16240207997947,-7.130521947505739],[157.158066960437,-7.122346099458697],[157.1636249996949,-7.125783099336376]]],[[[156.40083899973297,-6.687266078718011],[156.39382692040672,-6.686250097333113],[156.39501887968584,-6.682554073382751],[156.40083899973297,-6.687266078718011]]],[[[156.96928115976328,-6.855309929662324],[156.96381995979127,-6.859448014218719],[156.96598608001227,-6.853453990191525],[156.96928115976328,-6.855309929662324]]],[[[157.5175838403185,-7.425668958182291],[157.5090730800442,-7.42736889755338],[157.514234039692,-7.423315020266418],[157.5175838403185,-7.425668958182291]]],[[[157.58494992011785,-7.348969068443547],[157.57977203980334,-7.350503993373985],[157.57767612022684,-7.3469269583121894],[157.58494992011785,-7.348969068443547]]],[[[157.11508692014118,-6.9743079241063395],[157.10987808028875,-6.974741909165759],[157.1069048399546,-6.97005703353944],[157.11508692014118,-6.9743079241063395]]],[[[157.1830459203674,-7.351547088691369],[157.17857292020855,-7.350088039185635],[157.18108716006003,-7.346775035187529],[157.1830459203674,-7.351547088691369]]],[[[157.3268601597779,-7.407181961181469],[157.32083987981414,-7.404025036424892],[157.32313596020563,-7.401287921411269],[157.3268601597779,-7.407181961181469]]],[[[157.50382499998352,-7.423851029502248],[157.49579987973158,-7.425077083186334],[157.49582903994406,-7.421582044295921],[157.50382499998352,-7.423851029502248]]],[[[157.82360291979188,-7.465609008598093],[157.82095512022062,-7.467121039745569],[157.81876200023538,-7.458032002184696],[157.82360291979188,-7.465609008598093]]],[[[157.56914807995975,-7.348984064542962],[157.5655999196404,-7.355332060805962],[157.5655711196524,-7.348303004704074],[157.56914807995975,-7.348984064542962]]],[[[157.61480688026307,-7.390190061693727],[157.60950696022397,-7.3910070771657255],[157.60949796000313,-7.388250067307826],[157.61480688026307,-7.390190061693727]]],[[[157.82606208034005,-7.471649067951227],[157.8184199999286,-7.47643404597338],[157.82125103964822,-7.471392960736999],[157.82606208034005,-7.471649067951227]]],[[[157.34814911989724,-7.262019071934936],[157.3433308801067,-7.265493046363375],[157.34223503966464,-7.262134955122908],[157.34814911989724,-7.262019071934936]]],[[[157.56613416031627,-7.392683052708034],[157.5601639201071,-7.3902850265332996],[157.56162696039627,-7.388245069654725],[157.56613416031627,-7.392683052708034]]],[[[157.39570799985864,-7.41070692363508],[157.38956387994642,-7.408856982231074],[157.39155396001613,-7.4063680096725495],[157.39570799985864,-7.41070692363508]]],[[[157.3664101197052,-7.4114219801050165],[157.3613539197892,-7.415470076161153],[157.36051188036438,-7.41348289210176],[157.3664101197052,-7.4114219801050165]]],[[[157.2461881199042,-7.381289902427616],[157.2428408399504,-7.384933957210044],[157.24146204007528,-7.382855060749755],[157.2461881199042,-7.381289902427616]]],[[[156.6251211602251,-6.891564975168579],[156.6205210798946,-6.890576050757916],[156.62210112035964,-6.888101051237122],[156.6251211602251,-6.891564975168579]]],[[[156.91414392048682,-7.201673063674053],[156.9131229600136,-7.2043880072850675],[156.90925404005242,-7.200731946100925],[156.91414392048682,-7.201673063674053]]],[[[157.5398429998093,-7.463677021908988],[157.5312400804717,-7.459929924884443],[157.53239100021705,-7.458111067706839],[157.5398429998093,-7.463677021908988]]],[[[157.8262320002693,-7.469636973484373],[157.8223270803231,-7.469568975831633],[157.823722080416,-7.465965065173769],[157.8262320002693,-7.469636973484373]]],[[[157.53489191984954,-7.416792004785268],[157.53359412016528,-7.418848964669012],[157.52940191988952,-7.416705970615466],[157.53489191984954,-7.416792004785268]]],[[[157.560424920223,-7.462682915319989],[157.55475204033917,-7.462969011150405],[157.55106492052687,-7.458131949028812],[157.560424920223,-7.462682915319989]]],[[[157.54834007964018,-7.436962079110616],[157.54505615966,-7.441273918568889],[157.54355207983707,-7.4386999924838735],[157.54834007964018,-7.436962079110616]]],[[[157.10537015991986,-7.352107106540196],[157.10180004028342,-7.357135989677521],[157.10234184028243,-7.352829041769364],[157.10537015991986,-7.352107106540196]]],[[[157.80889188052706,-7.409205051753346],[157.80553595967854,-7.412100978586862],[157.8056900405127,-7.408073021998089],[157.80889188052706,-7.409205051753346]]],[[[157.6476259200733,-7.469418879761915],[157.64272704031637,-7.469396927556151],[157.6443229198765,-7.46683405365459],[157.6476259200733,-7.469418879761915]]],[[[157.58529515974953,-7.456841913786129],[157.58254295977252,-7.4585610080125075],[157.57986311999,-7.456889925096041],[157.58529515974953,-7.456841913786129]]],[[[157.0087900801568,-7.294848986150203],[157.00548312018623,-7.296280006172873],[157.00744404004348,-7.293261021165356],[157.0087900801568,-7.294848986150203]]],[[[157.54717007967812,-7.458590992659071],[157.54308588025577,-7.460755021121353],[157.54461804051613,-7.458225114734297],[157.54717007967812,-7.458590992659071]]],[[[157.149385920009,-7.352282949111094],[157.14693287968285,-7.3545230124513985],[157.14554687981078,-7.352897950033368],[157.149385920009,-7.352282949111094]]],[[[157.62395088004914,-7.46985506709658],[157.62077712047224,-7.470759921250162],[157.62311100017428,-7.46505199077],[157.62395088004914,-7.46985506709658]]],[[[157.30843788003708,-7.3602070262118335],[157.30585884021258,-7.361127994064507],[157.30408692050116,-7.358613938669673],[157.30843788003708,-7.3602070262118335]]],[[[157.0854218401407,-7.332498916424932],[157.08311100042908,-7.33401907902619],[157.08285684008575,-7.331798906898476],[157.0854218401407,-7.332498916424932]]],[[[157.18831199997146,-7.361227963183854],[157.18632516012497,-7.361294014661036],[157.1870149198378,-7.358146936918775],[157.18831199997146,-7.361227963183854]]],[[[157.5191469601169,-7.417768009217769],[157.51769184027356,-7.419399973098401],[157.518892080223,-7.4158590157835755],[157.5191469601169,-7.417768009217769]]],[[[157.5210668404404,-7.423313056516528],[157.51763712029637,-7.4220589744305245],[157.51907208014805,-7.420948931929904],[157.5210668404404,-7.423313056516528]]],[[[157.4515749604033,-7.416544969338485],[157.44895991969545,-7.417542928266115],[157.44910896008255,-7.415874009584975],[157.4515749604033,-7.416544969338485]]],[[[157.81673484040567,-7.461620985962219],[157.81553495978238,-7.461771083847512],[157.81547088025818,-7.457484969190665],[157.81673484040567,-7.461620985962219]]],[[[156.40725995975447,-6.701883071520312],[156.40471296014124,-6.701484950020481],[156.40522703992718,-6.700041915451942],[156.40725995975447,-6.701883071520312]]],[[[157.11108984023338,-7.3524209451671165],[157.11071508016482,-7.354528011386899],[157.1099850004688,-7.350794089348916],[157.11108984023338,-7.3524209451671165]]],[[[157.46136192037082,-7.422631933365761],[157.45875192011005,-7.425028890805027],[157.45791096046017,-7.423230950242561],[157.46136192037082,-7.422631933365761]]],[[[157.1647860003344,-7.347694959542628],[157.16148912035962,-7.344620088287847],[157.16349612019772,-7.34337292348759],[157.1647860003344,-7.347694959542628]]],[[[157.6427490005318,-7.4127840820486295],[157.6418860797682,-7.413960902696219],[157.63956408028582,-7.411383960326638],[157.6427490005318,-7.4127840820486295]]],[[[157.0948070402755,-7.349283980145929],[157.09360500010223,-7.351065975733823],[157.09339007996712,-7.346517962956269],[157.0948070402755,-7.349283980145929]]],[[[157.53073212000945,-7.4188029138096745],[157.52864592020433,-7.41973304050866],[157.52769587992614,-7.418455922633438],[157.53073212000945,-7.4188029138096745]]],[[[157.37426604047675,-7.275465932114397],[157.371720840189,-7.2760471151896375],[157.37196383986324,-7.2746499549027455],[157.37426604047675,-7.275465932114397]]],[[[157.43516400049876,-7.421072091982492],[157.43437595970394,-7.422256029635325],[157.43258712022418,-7.420208009807079],[157.43516400049876,-7.421072091982492]]],[[[157.48032095966357,-7.429545930607022],[157.4790238804282,-7.430202947447755],[157.4793460800695,-7.426841102685033],[157.48032095966357,-7.429545930607022]]],[[[157.16531699988874,-7.352678013937221],[157.16334888003445,-7.349549977015126],[157.1639219997958,-7.348416008781534],[157.16531699988874,-7.352678013937221]]],[[[157.3310379600597,-7.398484029541789],[157.32905400021198,-7.399746925516844],[157.32885311984646,-7.3981950359366655],[157.3310379600597,-7.398484029541789]]],[[[157.64847804039223,-7.450705985569887],[157.64624099997616,-7.448952949315713],[157.6473721199544,-7.448229922646486],[157.64847804039223,-7.450705985569887]]],[[[157.62766500052393,-7.458764114904706],[157.62506003981193,-7.459914932607902],[157.6254211203353,-7.45697595128634],[157.62766500052393,-7.458764114904706]]],[[[157.81693391964905,-7.4159459423422405],[157.81428287985452,-7.417958104387116],[157.81447295977537,-7.416483031338319],[157.81693391964905,-7.4159459423422405]]],[[[157.557854879721,-7.473193023287841],[157.55568911972443,-7.4732901118913535],[157.55563907996984,-7.471891075258695],[157.557854879721,-7.473193023287841]]],[[[157.61536704002984,-7.455564012273097],[157.6132408804659,-7.457514953015309],[157.61431404024373,-7.454557036585486],[157.61536704002984,-7.455564012273097]]],[[[157.54821803991558,-7.4340470389004665],[157.54562892009525,-7.434385093085147],[157.54580100047278,-7.432995927501913],[157.54821803991558,-7.4340470389004665]]],[[[156.57728507992996,-6.6493198911621585],[156.57586415984787,-6.649841955804213],[156.5759350800429,-6.6482389300905576],[156.57728507992996,-6.6493198911621585]]],[[[157.80879287989455,-7.4186390573233245],[157.80637512000288,-7.419285915847393],[157.80793716002623,-7.417449933150875],[157.80879287989455,-7.4186390573233245]]],[[[157.55919300028677,-7.480220978630898],[157.55704704005737,-7.478168053778727],[157.55810616006556,-7.477230912380475],[157.55919300028677,-7.480220978630898]]],[[[157.38123312049547,-7.407101994130338],[157.3785370804951,-7.407533958789965],[157.3786180797876,-7.406273049236494],[157.38123312049547,-7.407101994130338]]],[[[157.58465184024195,-7.460834978273733],[157.58324100015565,-7.463387892431663],[157.58214407993862,-7.462554056606486],[157.58465184024195,-7.460834978273733]]],[[[157.55096015989673,-7.4423200119538055],[157.54845995981483,-7.441963044628763],[157.5486691199523,-7.440719010591159],[157.55096015989673,-7.4423200119538055]]],[[[157.52930616037858,-7.423811047064056],[157.52898900028606,-7.424837013429231],[157.5276310799531,-7.423142062288126],[157.52930616037858,-7.423811047064056]]],[[[157.64925492051796,-7.426509111368403],[157.64735700040987,-7.427457070883983],[157.64830488023978,-7.426143027888515],[157.64925492051796,-7.426509111368403]]],[[[157.76384112019514,-7.398502058512375],[157.76175888016377,-7.400968048786218],[157.761965879853,-7.399678023745853],[157.76384112019514,-7.398502058512375]]],[[[156.56979491990447,-6.6471329371018655],[156.56788512047504,-6.646404903525827],[156.56833188051363,-6.645309990305578],[156.56979491990447,-6.6471329371018655]]],[[[157.5600188403921,-7.38692198449747],[157.55898203992544,-7.389395000947523],[157.55805107986387,-7.388466951765647],[157.5600188403921,-7.38692198449747]]],[[[156.90456215998472,-7.199412057439368],[156.90422915989876,-7.2011410742641635],[156.90319991965356,-7.199841900972281],[156.90456215998472,-7.199412057439368]]],[[[157.6207119602748,-7.456580979347207],[157.61783483967608,-7.457532087396992],[157.6180141200506,-7.4567780188450685],[157.6207119602748,-7.456580979347207]]],[[[157.0974289198576,-7.326045082630467],[157.09652208045972,-7.326784912365655],[157.09610591973467,-7.325372913969394],[157.0974289198576,-7.326045082630467]]],[[[157.54316183999953,-7.385599966066985],[157.54190795984786,-7.386164046598048],[157.5413380803097,-7.38533309883793],[157.54316183999953,-7.385599966066985]]],[[[157.6466139598209,-7.415080957746024],[157.6450051202662,-7.416128006528691],[157.6453809601097,-7.414215079203188],[157.6466139598209,-7.415080957746024]]],[[[157.61512007968352,-7.467628975151593],[157.61405411990276,-7.4685870182381064],[157.61400803992194,-7.466866000382245],[157.61512007968352,-7.467628975151593]]],[[[157.5265111197457,-7.4278749150090935],[157.5255250803808,-7.4288860568517086],[157.52439611995257,-7.428161926049246],[157.5265111197457,-7.4278749150090935]]],[[[157.03206912034585,-7.297496057453986],[157.03048692033084,-7.2983410957075305],[157.03037316037822,-7.297359116020521],[157.03206912034585,-7.297496057453986]]],[[[157.53252204016252,-7.421701990421972],[157.53115008006,-7.422639072818302],[157.53002291985555,-7.421491012907062],[157.53252204016252,-7.421701990421972]]],[[[157.45204691998222,-7.420822024555717],[157.4509791599776,-7.421411940698883],[157.45073399985512,-7.420324030579321],[157.45204691998222,-7.420822024555717]]],[[[157.5082011599581,-7.428770931459997],[157.50659088040396,-7.429437944731158],[157.5068169603098,-7.428612969017996],[157.5082011599581,-7.428770931459997]]],[[[157.64759207963826,-7.461896017438152],[157.64558688002398,-7.458519958219223],[157.64640191968462,-7.458575108202708],[157.64759207963826,-7.461896017438152]]],[[[157.58222615990445,-7.461446971837807],[157.5817880398623,-7.463990959362217],[157.58075412029274,-7.4632529656943785],[157.58222615990445,-7.461446971837807]]],[[[157.80604607969076,-7.41709901423451],[157.8053530797547,-7.419179891187103],[157.80541103995512,-7.416181019682898],[157.80604607969076,-7.41709901423451]]],[[[157.1046181200084,-7.357388057675138],[157.10378400013113,-7.35813908253857],[157.10351292001943,-7.357002994013847],[157.1046181200084,-7.357388057675138]]],[[[157.80028212051855,-7.414828923081766],[157.7987488804832,-7.414297008736745],[157.7992820404858,-7.413697978641457],[157.80028212051855,-7.414828923081766]]],[[[157.7642680804665,-7.402542062526548],[157.7631240004937,-7.403879916016559],[157.76295983966375,-7.40293494049887],[157.7642680804665,-7.402542062526548]]],[[[157.10689512018328,-7.3533710271475705],[157.10513507979317,-7.354592992161836],[157.10645195969403,-7.353037016715455],[157.10689512018328,-7.3533710271475705]]],[[[156.90662316024947,-7.206165935336946],[156.90511908042654,-7.207065076443889],[156.90575592038599,-7.205645915429491],[156.90662316024947,-7.206165935336946]]],[[[157.0603870804581,-7.281992987067684],[157.06005587969767,-7.283039099733975],[157.05863387984056,-7.282926971375366],[157.0603870804581,-7.281992987067684]]],[[[157.6215280797104,-7.45304299962779],[157.61953008009314,-7.454413896694037],[157.61951387987534,-7.453407989796256],[157.6215280797104,-7.45304299962779]]],[[[156.5021818797588,-6.590624007543966],[156.50061407973783,-6.590577873739274],[156.50088984007218,-6.589802908534264],[156.5021818797588,-6.590624007543966]]],[[[157.3256451605084,-7.408898928963845],[157.3253719199484,-7.409545088198453],[157.32370404041828,-7.408823068306355],[157.3256451605084,-7.408898928963845]]],[[[157.10306508020588,-6.95869903833704],[157.10148107996707,-6.9594349968352],[157.10158512014834,-6.958530906105426],[157.10306508020588,-6.95869903833704]]],[[[157.5768239999079,-7.463589034382915],[157.5752878798737,-7.462375938184253],[157.57604604000724,-7.46171807716983],[157.5768239999079,-7.463589034382915]]],[[[157.8048559197371,-7.419917959085971],[157.8028060801414,-7.420007027039777],[157.8030681600323,-7.4191129562640405],[157.8048559197371,-7.419917959085971]]],[[[157.50132191990278,-7.417105975334268],[157.4998279200757,-7.417046002089009],[157.50005904042862,-7.416350945988007],[157.50132191990278,-7.417105975334268]]],[[[157.57843895968463,-7.4611580192926015],[157.57722899996384,-7.461969014000668],[157.57660404022405,-7.461448935414739],[157.57843895968463,-7.4611580192926015]]],[[[157.57978716024618,-7.463570115995529],[157.5794588403829,-7.464556010338488],[157.5795420001237,-7.462604029956485],[157.57978716024618,-7.463570115995529]]],[[[157.29078096042676,-7.383304007405448],[157.28934311967794,-7.38306391460272],[157.29038892036542,-7.382583907955689],[157.29078096042676,-7.383304007405448]]],[[[157.71808115970933,-7.4140340857820215],[157.71731903980208,-7.414795901846407],[157.7168820004332,-7.413588918152436],[157.71808115970933,-7.4140340857820215]]],[[[157.8111130800514,-7.4178210212751186],[157.80906215978243,-7.4185949693162865],[157.80902903979623,-7.418196928844991],[157.8111130800514,-7.4178210212751186]]],[[[156.63313692003177,-6.661192961754392],[156.63107483999204,-6.659223105558042],[156.63234600013652,-6.659856005584465],[156.63313692003177,-6.661192961754392]]],[[[157.55065488002387,-7.435089936987546],[157.54969692019813,-7.435575063918836],[157.5497728799419,-7.434307986927521],[157.55065488002387,-7.435089936987546]]],[[[157.62740615995799,-7.456270963708351],[157.62627611975475,-7.456501021407398],[157.62613716026178,-7.455058025383938],[157.62740615995799,-7.456270963708351]]],[[[157.6291521596802,-7.458221009124332],[157.628459880193,-7.458728955001989],[157.62822408051576,-7.45786102076926],[157.6291521596802,-7.458221009124332]]],[[[157.64671296045344,-7.4628060635009525],[157.64599908007693,-7.464660953342117],[157.64596811964063,-7.462775008597472],[157.64671296045344,-7.4628060635009525]]],[[[157.531764959804,-7.426086089372686],[157.5315100799101,-7.427021020129741],[157.5307411202303,-7.426023975190261],[157.531764959804,-7.426086089372686]]],[[[157.82336604033966,-7.470377098191415],[157.82248800003148,-7.4712189505533075],[157.82180291964298,-7.470943032911725],[157.82336604033966,-7.470377098191415]]],[[[157.58019287985272,-7.459380038575953],[157.57940591973122,-7.46004504198801],[157.57920612003895,-7.4589159989448275],[157.58019287985272,-7.459380038575953]]],[[[156.90379608030364,-6.839546991811112],[156.90314087967812,-6.840245961722635],[156.90259008035662,-6.839711055606525],[156.90379608030364,-6.839546991811112]]],[[[156.57190092037507,-6.645792009782504],[156.5704328396389,-6.64589695956794],[156.570769079948,-6.645146039459894],[156.57190092037507,-6.645792009782504]]],[[[157.555485000034,-7.433911924573521],[157.555382040526,-7.4347060126179],[157.5545428802017,-7.4342771084146255],[157.555485000034,-7.433911924573521]]],[[[157.62044303971302,-7.450981023993347],[157.61996495991207,-7.4516258715165815],[157.6194231599131,-7.4508380613477225],[157.62044303971302,-7.450981023993347]]],[[[157.80452003965237,-7.421275038015923],[157.80375395997135,-7.4216259526610955],[157.80327083972333,-7.420966959969097],[157.80452003965237,-7.421275038015923]]],[[[157.36517316022025,-7.28414091651902],[157.36452983981434,-7.284463016281787],[157.36374287969284,-7.283352986690797],[157.36517316022025,-7.28414091651902]]],[[[157.71481416039583,-7.427203972766395],[157.71318191972796,-7.426664041099546],[157.71373703994595,-7.426427005699175],[157.71481416039583,-7.427203972766395]]],[[[157.52875392015935,-7.428715957014569],[157.5276019197407,-7.429117022195389],[157.52779199966153,-7.428141043281483],[157.52875392015935,-7.428715957014569]]],[[[157.75651907987503,-7.38870400695637],[157.75573608042563,-7.3891620514989995],[157.75490988009588,-7.388649027445986],[157.75651907987503,-7.38870400695637]]],[[[156.91410612027798,-7.204309968186901],[156.913181999989,-7.205340011057064],[156.91298508029556,-7.204746058247785],[156.91410612027798,-7.204309968186901]]],[[[157.03382088006563,-7.2772489366704285],[157.03311707968493,-7.277804049166578],[157.0330940396945,-7.276943973115695],[157.03382088006563,-7.2772489366704285]]],[[[157.29323616030285,-7.209476942227809],[157.29230988046393,-7.209443905602281],[157.29291107976445,-7.208944961201938],[157.29323616030285,-7.209476942227809]]],[[[157.54694687977107,-7.42973298716226],[157.54646196019758,-7.430494955011544],[157.54620816007866,-7.4293238910149935],[157.54694687977107,-7.42973298716226]]],[[[157.1241679201781,-7.367391914649897],[157.12393103982757,-7.36819005023861],[157.12325892033198,-7.367577033902104],[157.1241679201781,-7.367391914649897]]],[[[156.5787430797721,-6.648701101679264],[156.577970879869,-6.648698955863407],[156.5783128801758,-6.647698985780291],[156.5787430797721,-6.648701101679264]]],[[[157.74516395966208,-7.404749920358467],[157.74445799973145,-7.405351104163127],[157.74445188040775,-7.404319023628648],[157.74516395966208,-7.404749920358467]]],[[[157.76423387980702,-7.40117100330771],[157.76342387969513,-7.401131911931607],[157.7637889199923,-7.400430047480306],[157.76423387980702,-7.40117100330771]]],[[[157.80393215967254,-7.41461901379365],[157.80296304007604,-7.4147259317907475],[157.8034281598824,-7.4141210127058015],[157.80393215967254,-7.41461901379365]]],[[[157.01395284002842,-7.286137070894013],[157.0133959204849,-7.2867700183904445],[157.01296212044096,-7.285924065525031],[157.01395284002842,-7.286137070894013]]],[[[157.55693003988148,-7.433277045831413],[157.55603292025503,-7.4332509859438325],[157.5563050801417,-7.432620032752512],[157.55693003988148,-7.433277045831413]]],[[[156.39228900014874,-6.666392892143922],[156.3914919600314,-6.666734010394286],[156.39167700040352,-6.666002966845429],[156.39228900014874,-6.666392892143922]]],[[[157.60717812007067,-7.448629006123274],[157.60649808012926,-7.449197111405314],[157.60629396043882,-7.448619011309853],[157.60717812007067,-7.448629006123274]]],[[[157.10686092042206,-7.355181033836576],[157.10644511992146,-7.3556810653588425],[157.10624100023102,-7.354888976707494],[157.10686092042206,-7.355181033836576]]],[[[156.87389916039967,-7.1725809160673135],[156.87350495989003,-7.173406900701478],[156.87271403999478,-7.1733329644767645],[156.87389916039967,-7.1725809160673135]]],[[[157.18676796038977,-7.352772986029819],[157.1857909203474,-7.352759954127596],[157.18625208037997,-7.35231097611629],[157.18676796038977,-7.352772986029819]]],[[[157.81379003983514,-7.415442052315432],[157.81308983990212,-7.415208938361521],[157.81334903979416,-7.414526910276587],[157.81379003983514,-7.415442052315432]]],[[[157.15457711964422,-7.348113950921368],[157.15402596009827,-7.3486659392370735],[157.15332503971638,-7.348145013113053],[157.15457711964422,-7.348113950921368]]],[[[157.5786430802734,-7.370028915629095],[157.57759008048725,-7.370551958168346],[157.57738307989968,-7.369946977774494],[157.5786430802734,-7.370028915629095]]],[[[157.01687388015972,-7.297295019252859],[157.01633100038578,-7.297854034314029],[157.01625900041574,-7.297010958548],[157.01687388015972,-7.297295019252859]]],[[[157.81948416038387,-7.456217955459081],[157.818957119705,-7.456721977391609],[157.8185258403337,-7.45603198181106],[157.81948416038387,-7.456217955459081]]],[[[157.6328281197217,-7.4544030089757545],[157.63229207972032,-7.454779064133148],[157.631761080166,-7.453736034164407],[157.6328281197217,-7.4544030089757545]]],[[[157.76665812014514,-7.397956022043948],[157.7660281199583,-7.398349082605935],[157.76608103971168,-7.397565103445188],[157.76665812014514,-7.397956022043948]]],[[[157.6408150804387,-7.4604419734446825],[157.64002200009517,-7.461070031253162],[157.63952988052463,-7.460756983804842],[157.6408150804387,-7.4604419734446825]]],[[[157.27385088028922,-7.186199022939554],[157.27314204035977,-7.186651024011127],[157.27298399975186,-7.18606097603145],[157.27385088028922,-7.186199022939554]]],[[[156.87074484036552,-7.170971090103101],[156.8699618400178,-7.171197009089516],[156.87020195969325,-7.170576937444129],[156.87074484036552,-7.170971090103101]]],[[[157.12034688042155,-7.359746988175466],[157.1195120400954,-7.359098970519986],[157.11994296014058,-7.358792099604611],[157.12034688042155,-7.359746988175466]]],[[[157.4985250799444,-7.415387076182033],[157.49761715987327,-7.41552094716611],[157.49759807965663,-7.415055969226736],[157.4985250799444,-7.415387076182033]]],[[[157.63050107979225,-7.456816927675131],[157.63028795988103,-7.457149966315493],[157.6294880397649,-7.4564660397480305],[157.63050107979225,-7.456816927675131]]],[[[157.10311511996045,-7.356938013596405],[157.10288904005458,-7.357469104643816],[157.1025780001841,-7.356782881509977],[157.10311511996045,-7.356938013596405]]],[[[157.0152841199233,-7.2741291206905965],[157.01493600029283,-7.274657989273645],[157.01439203984557,-7.273993957042357],[157.0152841199233,-7.2741291206905965]]],[[[157.8201109203475,-7.456514943237333],[157.81993307997237,-7.457036098328125],[157.8190719603309,-7.457046092946971],[157.8201109203475,-7.456514943237333]]],[[[157.0916318398009,-7.339626946833125],[157.091202000429,-7.340288024645834],[157.09148388008708,-7.339114043174564],[157.0916318398009,-7.339626946833125]]],[[[157.56976907992575,-7.452213962322954],[157.56852492044376,-7.452779028704535],[157.56934391987818,-7.451991041310856],[157.56976907992575,-7.452213962322954]]],[[[157.11886692036398,-7.357662974822445],[157.11824592039798,-7.35806999573423],[157.11819408041958,-7.357350033188394],[157.11886692036398,-7.357662974822445]]],[[[157.6378018803458,-7.413903962583002],[157.63763484041533,-7.414187948398012],[157.63666103969788,-7.413244065052725],[157.6378018803458,-7.413903962583002]]],[[[156.69253295978083,-6.965089094145673],[156.69228815988274,-6.965620106510143],[156.6916750803626,-6.965701937654438],[156.69253295978083,-6.965089094145673]]],[[[157.6214859604017,-7.449971003420007],[157.62094883972702,-7.450495022177352],[157.62063996030477,-7.450075057815536],[157.6214859604017,-7.449971003420007]]],[[[157.61540304001488,-7.457360034324063],[157.61486916046172,-7.45778195520133],[157.6148749204593,-7.456869934954307],[157.61540304001488,-7.457360034324063]]],[[[157.64397407979718,-7.433338980537924],[157.64331995984492,-7.433652046929678],[157.6422100805316,-7.4336240242580525],[157.64397407979718,-7.433338980537924]]],[[[157.09543092024032,-7.35094190445882],[157.09506011994554,-7.351398024491219],[157.0947940802809,-7.3506369910102265],[157.09543092024032,-7.35094190445882]]],[[[157.29456312019948,-7.400566065371222],[157.2939381604597,-7.400410947885907],[157.2942751203194,-7.399884906580202],[157.29456312019948,-7.400566065371222]]],[[[157.11747804049313,-7.353499025863527],[157.1167411201262,-7.3533519254953905],[157.11718788016478,-7.352900984920414],[157.11747804049313,-7.353499025863527]]],[[[157.63160412023134,-7.45643891158807],[157.63107204000372,-7.456912056365126],[157.63113288020298,-7.456051078956395],[157.63160412023134,-7.45643891158807]]],[[[157.64586587968324,-7.44083502587543],[157.64512103976875,-7.440521071607091],[157.64563296000478,-7.440357937063246],[157.64586587968324,-7.44083502587543]]],[[[157.58474507997857,-7.455889912974797],[157.5837478799446,-7.455429974334885],[157.5841420804542,-7.455152976033085],[157.58474507997857,-7.455889912974797]]],[[[157.5761760001777,-7.454774958490436],[157.57590996051303,-7.455363045012486],[157.57539587982876,-7.455328063261035],[157.5761760001777,-7.454774958490436]]],[[[157.0096749602375,-7.29276002712222],[157.00943087988995,-7.293221920169931],[157.00893408009685,-7.2928900069078155],[157.0096749602375,-7.29276002712222]]],[[[157.81240403996304,-7.425326969721263],[157.81169195981036,-7.425532055945397],[157.81184891974505,-7.4250999298433475],[157.81240403996304,-7.425326969721263]]],[[[157.62702600011627,-7.4539059457438155],[157.62597803987885,-7.454411933085135],[157.62643883968698,-7.453681955032096],[157.62702600011627,-7.4539059457438155]]],[[[156.78638999977935,-7.067763070961561],[156.78450288011592,-7.068148023190796],[156.7848178797602,-7.067757890233811],[156.78638999977935,-7.067763070961561]]],[[[157.55664887977397,-7.311957011244641],[157.55612508021665,-7.312138939320653],[157.5555289204649,-7.311730984316218],[157.55664887977397,-7.311957011244641]]],[[[156.9211290000489,-7.2109669852498],[156.92037408013863,-7.2104789363127715],[156.92095188012263,-7.210341968055285],[156.9211290000489,-7.2109669852498]]],[[[157.26202415982348,-7.195992042104325],[157.26133691988505,-7.195997935495323],[157.26185496034307,-7.195520048429892],[157.26202415982348,-7.195992042104325]]],[[[157.71305412000575,-7.427301963893137],[157.71272507969357,-7.427817084523841],[157.71259007997438,-7.426783985821051],[157.71305412000575,-7.427301963893137]]],[[[157.33158408005687,-7.40822599448673],[157.3302279599478,-7.407865964608702],[157.3314929998702,-7.407872925856305],[157.33158408005687,-7.40822599448673]]],[[[157.80641795976044,-7.4161940496910885],[157.8060799201258,-7.416559069999636],[157.80602015970152,-7.415900069619396],[157.80641795976044,-7.4161940496910885]]],[[[157.3308950398946,-7.409678960981719],[157.3301311197635,-7.409585964183762],[157.3305008402833,-7.408888933234782],[157.3308950398946,-7.409678960981719]]],[[[157.55950799993104,-7.395546957238381],[157.55894208016664,-7.396197956300733],[157.5588898799638,-7.395789899304598],[157.55950799993104,-7.395546957238381]]],[[[157.62191003977594,-7.441200918512419],[157.62143303975,-7.440948005958264],[157.62162311967086,-7.440337054883173],[157.62191003977594,-7.441200918512419]]],[[[157.8202131603049,-7.468020902003706],[157.81944707972553,-7.468069981710343],[157.81987296022197,-7.467686978737898],[157.8202131603049,-7.468020902003706]]],[[[157.6454011201013,-7.431367048199366],[157.6449309598479,-7.431068973433932],[157.64504183980176,-7.4303919674374495],[157.6454011201013,-7.431367048199366]]],[[[157.54118508014884,-7.429815984398368],[157.54062095970997,-7.429958060895493],[157.54058892039706,-7.4295089839441415],[157.54118508014884,-7.429815984398368]]],[[[157.6476028800829,-7.464794987518763],[157.64680007996802,-7.464287048776934],[157.64722199979235,-7.464275983779839],[157.6476028800829,-7.464794987518763]]],[[[157.6186909197688,-7.454118871082154],[157.61846483986295,-7.454568994869862],[157.61821500041611,-7.453933967102356],[157.6186909197688,-7.454118871082154]]],[[[157.30306308002915,-7.244102929856833],[157.30217495972522,-7.244400058674849],[157.302329039661,-7.2439590080843725],[157.30306308002915,-7.244102929856833]]],[[[157.55855399987905,-7.427875986541719],[157.55798412034093,-7.427514009219869],[157.5583189197524,-7.42731999077177],[157.55855399987905,-7.427875986541719]]],[[[157.11520607986702,-6.976089957415816],[157.11455808013682,-6.976625065395168],[157.11443604041222,-6.976215917396947],[157.11520607986702,-6.976089957415816]]],[[[157.81440204047865,-7.430210979864255],[157.81357115992628,-7.430204911166476],[157.81379904005598,-7.429847041667507],[157.81440204047865,-7.430210979864255]]],[[[157.55949791993524,-7.446812065037404],[157.5592880402472,-7.447084963863423],[157.55859900008494,-7.446988940853932],[157.55949791993524,-7.446812065037404]]],[[[157.29436404005781,-7.380134952027819],[157.29385284027063,-7.38039004056785],[157.29395616000303,-7.379843982315956],[157.29436404005781,-7.380134952027819]]],[[[157.64204700037493,-7.459894051372161],[157.64190696020867,-7.460196033447699],[157.64134788021684,-7.46004004516165],[157.64204700037493,-7.459894051372161]]],[[[157.1022028798911,-6.961591941888616],[157.10172587986514,-6.961846014109675],[157.10177483984478,-6.961346087187315],[157.1022028798911,-6.961591941888616]]],[[[157.63392684016256,-7.404674951221713],[157.63332492041317,-7.405087997350613],[157.63286916015377,-7.404885936899453],[157.63392684016256,-7.404674951221713]]],[[[157.62673512023736,-7.43387694108812],[157.62610692027434,-7.433984032777599],[157.62668292003454,-7.433587077942705],[157.62673512023736,-7.43387694108812]]],[[[157.55456987996587,-7.439036079359369],[157.55402087996987,-7.439011091323219],[157.5537220796451,-7.438716948279294],[157.55394492022606,-7.438618959733013],[157.55456987996587,-7.439036079359369]]],[[[157.0126690801138,-7.27923208805322],[157.0122619205079,-7.279351002134975],[157.01233212025406,-7.278798927872871],[157.0126690801138,-7.27923208805322]]],[[[157.54739004026027,-7.432583086351582],[157.54704803995352,-7.432782099586135],[157.54711500037482,-7.431901084671397],[157.54739004026027,-7.432583086351582]]],[[[156.80426292019808,-7.088356050477571],[156.80342700009695,-7.088393025541761],[156.8040260398475,-7.088102940270771],[156.80426292019808,-7.088356050477571]]],[[[157.80885911986695,-7.4106819339675845],[157.80824892034562,-7.410785105559872],[157.80846312003183,-7.410269963830041],[157.80885911986695,-7.4106819339675845]]],[[[157.55850684012327,-7.391205930980471],[157.55797116034634,-7.390926036417411],[157.55848992035493,-7.390843924030151],[157.55850684012327,-7.391205930980471]]],[[[157.62387816052862,-7.441226084856024],[157.62341916004596,-7.441351023486609],[157.6234040405014,-7.44090695449319],[157.62387816052862,-7.441226084856024]]],[[[157.82053787972058,-7.455685020452805],[157.82051016040583,-7.456161020898043],[157.8200939996808,-7.456196002582092],[157.82053787972058,-7.455685020452805]]],[[[157.8166649999856,-7.457284895856181],[157.81614408042708,-7.457491929641513],[157.8161789997388,-7.4570930318772755],[157.8166649999856,-7.457284895856181]]],[[[157.54627296005168,-7.435394078509717],[157.5457300802777,-7.435691079684159],[157.5460508399196,-7.435227907721327],[157.54627296005168,-7.435394078509717]]],[[[157.33238615972292,-7.409155965376131],[157.33235483996052,-7.409524026088663],[157.33176588020575,-7.409608097868249],[157.33238615972292,-7.409155965376131]]],[[[157.82004000015246,-7.453349983395453],[157.81981788002034,-7.453772978759928],[157.8197368798295,-7.453205950959841],[157.82004000015246,-7.453349983395453]]],[[[157.81869215981533,-7.468383023854591],[157.8182580004452,-7.4685979055987675],[157.81827096043983,-7.468102999779459],[157.81869215981533,-7.468383023854591]]],[[[157.19858388041087,-7.348209994834254],[157.1983858800441,-7.348760913095733],[157.19801687997318,-7.348662011962044],[157.19858388041087,-7.348209994834254]]],[[[157.1636840396703,-7.3424710213510265],[157.1632459205265,-7.342575993797533],[157.16340611978603,-7.34209594184574],[157.1636840396703,-7.3424710213510265]]],[[[157.64663916025958,-7.428210118082512],[157.6460390398357,-7.428153001398778],[157.64637096014667,-7.427826901377924],[157.64663916025958,-7.428210118082512]]],[[[157.56902387978687,-7.453384073162978],[157.56887411984923,-7.453630017037554],[157.56853715998952,-7.453124028780871],[157.56902387978687,-7.453384073162978]]],[[[157.55544287982696,-7.439819984560617],[157.55523515968883,-7.440000968120625],[157.55496696047425,-7.4395199519332875],[157.55544287982696,-7.439819984560617]]],[[[157.76320896045834,-7.401569951615275],[157.762963079887,-7.401853945483423],[157.76287487969913,-7.401337008676125],[157.76320896045834,-7.401569951615275]]],[[[157.19554691987867,-7.342030066846749],[157.19517108003515,-7.342575993797533],[157.19501304032553,-7.342477983640681],[157.19554691987867,-7.342030066846749]]]]}},{"type":"Feature","properties":{"ADM1_PCODE":"SB10","ADM1_NAME":"Honiara"},"geometry":{"type":"Polygon","coordinates":[[[160.02274896021552,-9.423164944239655],[160.01966808015078,-9.43252902795177],[160.00320096026965,-9.433911911086764],[160.00321392026427,-9.447210072022957],[159.97667688008426,-9.458317078104203],[159.9590858402219,-9.456561962259045],[159.95458692007384,-9.443521980743922],[159.91848899983216,-9.43383200682169],[159.92289288001976,-9.423148962170288],[159.95804507998147,-9.426060938676649],[159.968958839929,-9.434458990906855],[160.0003980000892,-9.428041899643466],[160.01283096030252,-9.417553118801369],[160.02274896021552,-9.423164944239655]]]}},{"type":"Feature","properties":{"ADM1_PCODE":"SB02","ADM1_NAME":"Western"},"geometry":{"type":"MultiPolygon","coordinates":[[[[157.90352400042747,-8.482017967577752],[157.89457295966272,-8.503273947449717],[157.8848101203589,-8.507901050436333],[157.89382884019713,-8.511850919618741],[157.87052495979387,-8.52590406339477],[157.86892800045874,-8.54741001099317],[157.88020716002958,-8.580045055041522],[157.8651710402264,-8.577361913945655],[157.84510608049573,-8.55119606864446],[157.83183900040515,-8.565614962115145],[157.80558888033022,-8.561845957333874],[157.8065360397113,-8.54069594092385],[157.79732003995522,-8.557864031342868],[157.79375603964246,-8.544516063582886],[157.76963603980357,-8.551222946908073],[157.7567721604434,-8.532137060802619],[157.73013684007975,-8.515235014649411],[157.72806396049367,-8.50401896604181],[157.74529608028084,-8.484693944811198],[157.72725792015552,-8.492258007659059],[157.7147349604288,-8.511408902426133],[157.6792990796869,-8.513942083818296],[157.6084888797495,-8.470704986766712],[157.59648396048087,-8.437289125158111],[157.56921683970654,-8.428112934647507],[157.5508489197185,-8.3842530991587],[157.55842007993485,-8.359089043580443],[157.56548004036404,-8.376941041878876],[157.58630604022696,-8.385356991721093],[157.6005400803641,-8.381865979284882],[157.60519199977472,-8.402874084473307],[157.62484511967682,-8.374515055406691],[157.60904687996637,-8.364402968295972],[157.5951440396913,-8.370170930775382],[157.59704088002442,-8.358809980811335],[157.5824191198241,-8.355908918061465],[157.59399707971968,-8.3395090516821],[157.57942392017287,-8.334513941996635],[157.56360192002313,-8.29510596235735],[157.57179588042936,-8.28807491460506],[157.55386104003642,-8.27927194564005],[157.5454190404072,-8.253758949213143],[157.51858283967803,-8.244261003761668],[157.5145688400018,-8.262618065274655],[157.48719516017013,-8.271450975824699],[157.4794839597875,-8.264490936278216],[157.49135603978516,-8.259260983227968],[157.48056792000992,-8.24355806252026],[157.47367608018445,-8.259075903442996],[157.46342796018436,-8.262978069234151],[157.45806216039722,-8.255966042697024],[157.44267504006643,-8.267383946016121],[157.43317212020523,-8.263835948335755],[157.40904888014308,-8.274875997403662],[157.41104111976273,-8.279499943884737],[157.38309791971903,-8.274717999926134],[157.37871311974806,-8.284438042821739],[157.3595949600724,-8.286973062201405],[157.35704292001208,-8.265632039726578],[157.3421799603613,-8.2629939225265],[157.33041588031867,-8.271934057323858],[157.33551708044052,-8.280908011148579],[157.32621396027153,-8.279963956649846],[157.32775908052653,-8.306916001378221],[157.30962515999192,-8.310061972560396],[157.28772888035004,-8.338434058251611],[157.26437784019097,-8.327943994470266],[157.2493921203668,-8.331305119366215],[157.22586000050768,-8.278788872362448],[157.22657207976206,-8.306444005610373],[157.21985987963723,-8.315949890538255],[157.2115150804167,-8.312966046195868],[157.21160688015388,-8.262903966090645],[157.2073109999213,-8.253545007863355],[157.2095041199065,-8.264068053167932],[157.20012215999495,-8.26924503764465],[157.19311512021744,-8.262572107146106],[157.19825699964863,-8.26233198617187],[157.19924916013383,-8.220397028158459],[157.2154999198805,-8.208750975549545],[157.2276128400025,-8.221029105682282],[157.2132880799031,-8.193987999564218],[157.2288879599207,-8.186163029145705],[157.2548040001347,-8.18858002084787],[157.2679558802733,-8.205775940898373],[157.27180391979402,-8.189595024619708],[157.28493995993918,-8.180359054166978],[157.2765238802992,-8.186659934169782],[157.2864699597513,-8.185438071405681],[157.29026111974488,-8.17593011663949],[157.3043569199396,-8.192149003018853],[157.31494884047032,-8.189678940385784],[157.2978441601809,-8.180379009222587],[157.31900604012853,-8.14056402522215],[157.3142950798442,-8.144190990063588],[157.32135287982516,-8.132118975887474],[157.31538984051127,-8.12646104669958],[157.33773612041495,-8.124207083061163],[157.33208700007205,-8.116460045510545],[157.345152840471,-8.068103929179852],[157.37150699982888,-8.025121976407469],[157.3816939203036,-8.023642069269487],[157.38908616036989,-8.010187024343024],[157.3898590798235,-8.020653008982684],[157.40477208012715,-7.989207011191869],[157.44400704041013,-7.987180983377808],[157.4776018796728,-7.958491088136097],[157.50356687986638,-7.960736882033267],[157.5188740797813,-7.987023941124218],[157.52855196001886,-7.990439984965858],[157.53020400045392,-7.981980037035808],[157.54019183988865,-7.981480919850967],[157.54662107968215,-7.990098988568574],[157.54245983984268,-7.995975933332944],[157.54885595964996,-7.9920870346924415],[157.56349608051636,-8.006306103517039],[157.586955840181,-8.013387022901005],[157.59158004027688,-8.022538953594905],[157.57351811971225,-8.013999998079989],[157.59245987991056,-8.028230065101267],[157.58826408008545,-8.039879039523049],[157.5966949199439,-8.03326395076036],[157.59569988035815,-8.022799003283792],[157.5992969997588,-8.026310995303469],[157.59876600020445,-8.041790916384073],[157.6102618801342,-8.051384920669168],[157.60249092022562,-8.062823998277771],[157.60864583968416,-8.06848905925676],[157.59847908009937,-8.112413884810088],[157.60914696037383,-8.11790611123955],[157.6098601203015,-8.1284689152319],[157.60010411987193,-8.14071494879922],[157.61545992044032,-8.142897901640048],[157.6158721204933,-8.130589925294109],[157.63073400036907,-8.131015978741287],[157.63085999986743,-8.140428068276321],[157.6024109998097,-8.161197104823781],[157.62296483978596,-8.18642992164236],[157.63315788048274,-8.185203961587225],[157.62742092017643,-8.198210961163047],[157.6402981197556,-8.204630032855624],[157.62056687966148,-8.232590890933666],[157.64879016003772,-8.222099965294111],[157.65320988021878,-8.233509939652112],[157.67578187980385,-8.231460023692327],[157.69764287990955,-8.206709127119469],[157.7155420796436,-8.204379008398863],[157.73636015995896,-8.225918944402498],[157.76912196001763,-8.235348032395335],[157.77146088016667,-8.250481063447754],[157.78644588044034,-8.25302093236013],[157.77170784051302,-8.256769071770927],[157.7781410400803,-8.275760926874597],[157.77104184034118,-8.289798934559185],[157.7875780801935,-8.288437032669801],[157.79723292044065,-8.305246024078528],[157.82680008048195,-8.324552028127808],[157.83262596052663,-8.373815020061256],[157.8689488800009,-8.404722067476873],[157.87178999971627,-8.425694035510034],[157.8822361200831,-8.435640895001098],[157.87849608051744,-8.463956989949809],[157.8925670404979,-8.465130981368429],[157.88746404015222,-8.465969900412228],[157.90352400042747,-8.482017967577752]]],[[[157.19764499990345,-8.057332981359847],[157.19102604041348,-8.052697906607962],[157.18291596019694,-8.059277034040356],[157.18091687990636,-8.063904904893722],[157.19641883996476,-8.061488053040865],[157.185401039836,-8.084978002849429],[157.16917512030358,-8.077490046186087],[157.17697415975132,-8.08452196060486],[157.17193416005315,-8.085887055316412],[157.18182011975486,-8.086937961982954],[157.1829328799653,-8.101996071589893],[157.16093507991656,-8.126822065293869],[157.16680991994087,-8.118635111227587],[157.15913292021776,-8.117223084152632],[157.15503287990362,-8.135522925882832],[157.12508016024742,-8.136960013529384],[157.10982407986205,-8.125418976131037],[157.11917291978747,-8.118585038091881],[157.11628787964116,-8.108804986986353],[157.10437800033299,-8.11796901429068],[157.0983721203632,-8.109174040031462],[157.09397795994695,-8.118415930209089],[157.08053700015333,-8.110683036526847],[157.0632570001615,-8.119714978181594],[157.05622512016973,-8.109824113225974],[157.0426131597736,-8.114474034997613],[157.01269392032802,-8.103626985854834],[157.01836284043807,-8.102120101231092],[157.0101951602455,-8.096299048343631],[157.00733892008725,-8.100556007685253],[156.97921787966843,-8.076091953043676],[156.95849987976055,-8.048401054459896],[156.95978687989845,-8.034031067742692],[156.944624040148,-8.025064048752492],[156.95060400012855,-8.008553060240775],[156.9387340796808,-7.961583997694472],[156.94956108033819,-7.949103118104241],[156.94645392005984,-7.93611501981905],[156.96007812000178,-7.903612938934728],[157.0271158799378,-7.854292983937917],[157.07645316005704,-7.841700978299996],[157.11555599972132,-7.851997931709885],[157.17080016007614,-7.904438956462621],[157.17899303980906,-7.923632118226448],[157.1933469601209,-7.9913210859038495],[157.18608000000242,-8.038888966343325],[157.19764499990345,-8.057332981359847]]],[[[156.79193795993976,-7.735597047753455],[156.78994787987006,-7.759784018788159],[156.77113212006844,-7.789059967004095],[156.73323204012797,-7.814213964989593],[156.71882304051283,-7.833969981691182],[156.71215800014375,-7.875083926616189],[156.69799415975277,-7.897731105455593],[156.71713895986653,-7.9344240682359155],[156.70281995976475,-7.960499075992829],[156.68351208039263,-7.931458066209726],[156.64954607971248,-7.941732995357214],[156.6437619596504,-7.92093203605478],[156.65461703984693,-7.89057098727166],[156.62897892041553,-7.8732160259999535],[156.60183311981524,-7.876398905029531],[156.59413415987666,-7.869532977974307],[156.59320104026517,-7.854023911435168],[156.60571787976983,-7.837674030757971],[156.60675288001264,-7.791791045733992],[156.59324495979772,-7.77675098830654],[156.57164388003295,-7.777656084953257],[156.58317107972508,-7.745273964971715],[156.55661784022553,-7.750483943588963],[156.53294387997636,-7.7284170264441014],[156.533474880429,-7.699465969930786],[156.51506016001127,-7.708321056238243],[156.5039980801255,-7.6897020238315115],[156.50535600045842,-7.62181806409021],[156.52962288023622,-7.590967950958057],[156.54107016041075,-7.598607044162319],[156.54994812053215,-7.581589959435016],[156.57505703973476,-7.569373999122796],[156.5916789600006,-7.573973045639888],[156.59367192006908,-7.563854899136827],[156.60048311992816,-7.565229907097238],[156.6105598799996,-7.5912180994359],[156.60671292025387,-7.571572091096399],[156.62262599969193,-7.5730439617363],[156.61542995976856,-7.586268096719599],[156.63376404021983,-7.601130065055512],[156.6350780401219,-7.615294105900857],[156.6571251603747,-7.619453950420509],[156.65618015964526,-7.637645032557935],[156.6715420804357,-7.633281983130844],[156.67029000050786,-7.647786950465798],[156.68004600003917,-7.663685027473477],[156.67409303982276,-7.676615948045674],[156.69424187974303,-7.680699915811532],[156.70617911993818,-7.703522960935325],[156.73228416029806,-7.697312951060554],[156.73618188024727,-7.707094023071465],[156.77002296030568,-7.704413945646905],[156.76691292002855,-7.7087159752018675],[156.79193795993976,-7.735597047753455]]],[[[158.12698212013981,-8.55805893750383],[158.11292483970448,-8.595845034680037],[158.09157108051045,-8.605702935241698],[158.0821531197155,-8.602480000281718],[158.04972396041669,-8.62187895414383],[158.05227491980378,-8.630673034141232],[158.0621119204242,-8.634573045468931],[158.06817108037177,-8.627103995443509],[158.084471879873,-8.637607960889575],[158.10796403997333,-8.627313992062634],[158.10639299972908,-8.637460077375914],[158.09223096046026,-8.639894897544183],[158.0922079204699,-8.653556971109778],[158.08308407977708,-8.658071024406498],[158.10098111996115,-8.663729040942385],[158.09962896052414,-8.687057050853989],[158.08906691975642,-8.698508063238673],[158.0762649603705,-8.693767988662856],[158.06760083971088,-8.728597063173364],[158.0427500397271,-8.735600988907066],[158.04137304007583,-8.749781012440653],[158.02856387979458,-8.754766060199305],[158.02445591993293,-8.768212955430922],[158.0105120401241,-8.773181033525601],[157.9958989199202,-8.770899003300073],[157.98871115976877,-8.758524949737653],[157.96407491969566,-8.763699875320006],[157.94966699985545,-8.758194943084408],[157.91785092007677,-8.735285016648065],[157.9137771599763,-8.715668090720158],[157.89944195965668,-8.714700908919886],[157.8888169200381,-8.690268942420435],[157.8753608398016,-8.683476980087097],[157.87083311966555,-8.669125040359237],[157.88558988048337,-8.635206937987467],[157.87426212025903,-8.607633052501344],[157.89583908025844,-8.593622081331334],[157.88188691977933,-8.55910608460314],[157.89620699965613,-8.565737955011302],[157.9031420403619,-8.579494902168976],[157.92006708005238,-8.569553020793197],[157.920802919746,-8.590118011743902],[157.9340070000874,-8.58617909882405],[157.93744212000468,-8.56864900581473],[157.93121304012783,-8.556116108195232],[157.95679716003085,-8.56008292169155],[157.95183995984902,-8.568530997821709],[157.95934991964174,-8.576022027880738],[157.9662061197066,-8.562731120209317],[157.9619339999133,-8.5423009989077],[157.93798716022687,-8.531027001924102],[157.94515403993785,-8.52373891181886],[157.9543290001602,-8.52894394115806],[157.96706795979694,-8.513081017871421],[157.9809178803186,-8.516525092818272],[158.00329008021149,-8.537202953920797],[158.00870412042767,-8.552520023152573],[158.01650891987302,-8.540214973564325],[158.01942492045555,-8.557599886054392],[158.02957008004938,-8.558488974487238],[158.04135288008422,-8.530829056579217],[158.0590198796904,-8.51986090433393],[158.10211187971495,-8.532139019163797],[158.12250587975774,-8.547507021934726],[158.117748119942,-8.556600970801894],[158.12698212013981,-8.55805893750383]]],[[[157.40996688021002,-8.482388983835314],[157.40427887988332,-8.507898913986432],[157.37795496051288,-8.55140397163699],[157.38247188020426,-8.570900049974794],[157.3649218798757,-8.580375930157894],[157.35797892052065,-8.573978904949579],[157.3628220005254,-8.564372929481546],[157.35246191989822,-8.563212948459427],[157.3338610802317,-8.579693889465432],[157.33920600047668,-8.612294125423302],[157.32918108038365,-8.62577104720235],[157.33791107989293,-8.672066968749968],[157.34446092030996,-8.689923039177774],[157.40619588020806,-8.719017091608064],[157.38379596010213,-8.729871112289677],[157.31362116012477,-8.695796050350939],[157.30001207972742,-8.679558970905818],[157.29527591990274,-8.649085037732705],[157.26319703978433,-8.635603965411818],[157.21992900050674,-8.601877910303124],[157.19366592043727,-8.566945985907559],[157.24346400036467,-8.505769976366897],[157.27043483969032,-8.497281880692187],[157.27231296003123,-8.470546000118116],[157.28087988028216,-8.47546493907855],[157.3124731203782,-8.42527097138226],[157.34038211976244,-8.401671058012214],[157.34159711993027,-8.407700045330246],[157.36744187972477,-8.408762026514582],[157.38764508029615,-8.420748999011924],[157.40996688021002,-8.482388983835314]]],[[[155.8654531200879,-7.045086045174261],[155.86427807967883,-7.068689992224361],[155.84657508008766,-7.078819023618841],[155.86159391989807,-7.076427010508017],[155.86159499967303,-7.084878937148356],[155.8383199201561,-7.093074028768979],[155.840921999971,-7.097480087613163],[155.81800907985414,-7.089855062792804],[155.8009069202374,-7.098211896680096],[155.79600695980713,-7.091155977002918],[155.7993121204522,-7.100951032226714],[155.77262999965888,-7.104882964480798],[155.76787008029322,-7.113516019899942],[155.75079312021685,-7.100861008271273],[155.71615212004232,-7.103487956355848],[155.69512884026153,-7.08177102036154],[155.67430787994738,-7.085770100141109],[155.66206211965613,-7.075139094197453],[155.6652931198829,-7.06592404800043],[155.68475508008916,-7.061856022218354],[155.6811529202415,-7.012822004574805],[155.71242000002417,-7.02408989494302],[155.69859203971794,-6.981440123413898],[155.72979396020145,-6.983057935465722],[155.71586412016222,-6.9670089172814995],[155.72434211977642,-6.9584849865684175],[155.74361507983684,-6.962965934412672],[155.74398192035778,-6.982395981796242],[155.7479440800556,-6.972901089164529],[155.76664715967954,-6.988491993008914],[155.7661651201048,-6.998604014918213],[155.7779421601421,-6.99227498245069],[155.80261908042283,-7.016999081238555],[155.83646915980378,-7.019972015463946],[155.8654531200879,-7.045086045174261]]],[[[156.61622411988705,-8.138647983441752],[156.60941687980178,-8.167335079806794],[156.57523812033313,-8.179848066561233],[156.5669541604135,-8.134234086144422],[156.53144483970217,-8.09057806357425],[156.53420891989882,-7.987185973891111],[156.50865611975814,-7.94882198582568],[156.52919699973978,-7.934370050273672],[156.55056912049818,-7.937119069559695],[156.5422480799203,-7.945060993989542],[156.55621391994458,-7.944199939040999],[156.5748471600467,-7.975368998660448],[156.58125408029866,-8.019941121124548],[156.60533303970547,-8.07508895844285],[156.59969112025792,-8.087678067160017],[156.61622411988705,-8.138647983441752]]],[[[157.65841800052067,-8.773619008878542],[157.651089120428,-8.783943997137232],[157.6531220402553,-8.802797953031968],[157.6220090404085,-8.799833930969411],[157.55240916041635,-8.760968945119673],[157.48504704039078,-8.749364002708784],[157.4298550802388,-8.710414033547156],[157.45438403990744,-8.701491041168067],[157.49282484007193,-8.712909942765268],[157.5274989602327,-8.711096016031446],[157.55068187978804,-8.693772080670785],[157.57532099985994,-8.712952999574814],[157.60106892036853,-8.721169026006667],[157.65841800052067,-8.773619008878542]]],[[[157.20199596033763,-8.279017940200944],[157.19659991966483,-8.284091952421909],[157.17305088003735,-8.262934069991063],[157.15960199979787,-8.268292048438063],[157.1304999604612,-8.255943063241128],[157.13275212042183,-8.23124607101736],[157.089657959949,-8.1895139603867],[157.09363092009147,-8.17687495396573],[157.10772204006355,-8.170264076663875],[157.09270212047818,-8.167469957869429],[157.09157208027491,-8.17382805603758],[157.08226608010713,-8.165765004427687],[157.13921411997714,-8.157855024084528],[157.09349087992516,-8.156996914777467],[157.13622000010085,-8.151253988227595],[157.17524616047078,-8.171110932052988],[157.18884984019667,-8.204689893425702],[157.18648392028342,-8.252451966213677],[157.20199596033763,-8.279017940200944]]],[[[158.24081808012934,-8.79495301677341],[158.2257988800945,-8.810333930408099],[158.20214112006315,-8.804701973282835],[158.18742900012506,-8.831440999244258],[158.16552804026057,-8.83245305569205],[158.12896607998752,-8.791196986949307],[158.1345428401359,-8.757123087221101],[158.1697378798552,-8.736127962954615],[158.17256100002726,-8.72739097298725],[158.19089292003028,-8.725713934977659],[158.20085987992286,-8.690113072773185],[158.19350688006486,-8.676963905268947],[158.20507512018904,-8.693392018035306],[158.19947604049904,-8.719304076445905],[158.2154290796959,-8.747874042563511],[158.21345916051612,-8.773768972810196],[158.24081808012934,-8.79495301677341]]],[[[156.14495784004552,-6.92875498997324],[156.10523903996398,-6.927402875884731],[156.10052411990583,-6.917764992521136],[156.10093992040646,-6.936778077143497],[156.079950119938,-6.979749945605826],[156.06403200005286,-6.970194072410838],[156.06194904047098,-6.954152118435745],[156.04675307983598,-6.989245056454059],[156.03655896026254,-6.973576099326691],[156.03230412046202,-6.987805927822565],[156.02664384034838,-6.979139978609403],[156.02759099972945,-6.968971077610256],[156.0579980396456,-6.943352114645115],[156.05135208039152,-6.901748056849368],[156.07560707994963,-6.892675948869403],[156.06292211984123,-6.8721059867878225],[156.04763112014413,-6.873267043726162],[156.03630516014366,-6.844941952832762],[156.05187084040014,-6.813190032576515],[156.0695749197662,-6.800850074488806],[156.09441816042687,-6.800788948457788],[156.05433395982374,-6.823252899407168],[156.04728804006243,-6.853406094986745],[156.08793707975667,-6.865356003848523],[156.08777400049829,-6.8986189066445],[156.10242311978894,-6.898762936587803],[156.10773996049474,-6.912344948208484],[156.14495784004552,-6.92875498997324]]],[[[157.1460328800576,-8.342599016738241],[157.13675604010226,-8.344173909980665],[157.12760807964406,-8.331418034924042],[157.10480387993107,-8.323732038553784],[157.0962218401356,-8.278989084030092],[157.0854549601269,-8.276103996598927],[157.07109312026753,-8.249916902720214],[157.04279712037072,-8.235837037357776],[157.05680399992872,-8.23195989974123],[157.05319608008344,-8.228409981542002],[157.0281980399364,-8.221339977499067],[157.00565807966422,-8.192994030207744],[157.0185021601555,-8.183447949575061],[157.06465703980317,-8.18590112538534],[157.09763304044634,-8.211957054822115],[157.10491187988612,-8.242510953388795],[157.0958791202783,-8.261357960651916],[157.10277816010074,-8.28099600377425],[157.1181030002329,-8.296067970506849],[157.1190951598198,-8.31017703098119],[157.13745408048536,-8.318954016833699],[157.13763191996213,-8.340119031957784],[157.1460328800576,-8.342599016738241]]],[[[155.62509084022722,-7.366433115644286],[155.57546988022605,-7.398960092756636],[155.51794187992385,-7.389345019164792],[155.51247491995426,-7.3677530487237775],[155.52100691999516,-7.348091992591739],[155.53924092003894,-7.334182074868971],[155.57020703994692,-7.329682985165341],[155.5961331601567,-7.333442971494104],[155.6158319998152,-7.3657940338171555],[155.62509084022722,-7.366433115644286]]],[[[156.84698411992787,-8.105891044516765],[156.82024008005862,-8.10982892495839],[156.796911000115,-8.092498967813437],[156.78755388041768,-8.09598308881288],[156.76897392029332,-8.075628059737403],[156.7751579999643,-8.040711910812297],[156.7992128405041,-8.049099881529184],[156.80694995997763,-8.040725991263338],[156.801440879801,-8.070474047774436],[156.80703096016848,-8.076947026978873],[156.80682612002917,-8.053163074659713],[156.8171120402381,-8.052464966483452],[156.8164269598496,-8.06267197520983],[156.8270091597106,-8.071482043449038],[156.82109003992932,-8.082175983201058],[156.83328396024217,-8.075098939071161],[156.83151600030453,-8.087526054466103],[156.84698411992787,-8.105891044516765]]],[[[156.56571216048147,-7.824202027472699],[156.54543695994005,-7.845335949346805],[156.52428803998706,-7.841860036675914],[156.51076212022878,-7.825572982298316],[156.54031884004985,-7.791951906241212],[156.54587795998103,-7.792995004703401],[156.53750111965093,-7.798712112105323],[156.55719095998694,-7.803995079911163],[156.56571216048147,-7.824202027472699]]],[[[156.0457440004807,-6.781898948636663],[156.02866704040432,-6.806990960567642],[155.99552508050394,-6.81510099808948],[155.9929050002474,-6.784107997433783],[156.02313096046353,-6.774662048191915],[156.0457440004807,-6.781898948636663]]],[[[157.5451310405271,-8.30474998136131],[157.53209400011616,-8.297264911145573],[157.51118592028743,-8.299012046129333],[157.5100501200866,-8.31961496815655],[157.49686799996059,-8.328212928233581],[157.48651800022748,-8.304603038294808],[157.4851651203416,-8.319455919706646],[157.4657409603442,-8.316591967217821],[157.4636050801106,-8.28951501222881],[157.47038315998344,-8.285454937949591],[157.50194796031587,-8.306424056998045],[157.50822095972526,-8.297213969618815],[157.52885184011856,-8.292437940913757],[157.5451310405271,-8.30474998136131]]],[[[155.85050736002248,-7.114125988118384],[155.84417352041385,-7.1222910869695095],[155.81713788021682,-7.120193116740773],[155.79646416006597,-7.115121940256679],[155.79545904048442,-7.10522501702971],[155.81793095966205,-7.092175021922893],[155.85050736002248,-7.114125988118384]]],[[[156.55013100045602,-8.267934900371717],[156.5305239596364,-8.291981067376135],[156.53046815988424,-8.307399039637179],[156.51549900050233,-8.30544105754395],[156.51476891990797,-8.294872985751013],[156.53070396045982,-8.279629974535164],[156.52794491981194,-8.255277017274377],[156.53812391984084,-8.243592087584513],[156.55013100045602,-8.267934900371717]]],[[[157.82193792026052,-8.25729795216326],[157.80760596016415,-8.2850249531865],[157.8021638404088,-8.283905992325518],[157.81176612022864,-8.254237955015657],[157.79090591970626,-8.231954020955977],[157.76638200048467,-8.22448894747992],[157.7860239597177,-8.224062102952256],[157.82193792026052,-8.25729795216326]]],[[[158.01680088042517,-8.502753056530468],[157.99707792010304,-8.52688401095734],[157.97900700021594,-8.510946056063553],[158.00005907998468,-8.500239918444624],[158.01680088042517,-8.502753056530468]]],[[[157.55238503975264,-8.409390951863687],[157.52609603969393,-8.400096040788295],[157.52097396002992,-8.37582911132226],[157.52991491990053,-8.375522100969384],[157.55238503975264,-8.409390951863687]]],[[[155.59030511966375,-7.402182027945358],[155.5847938799372,-7.416051075570989],[155.5691601603828,-7.414630080059558],[155.55847715966544,-7.4268650207843185],[155.54109708016443,-7.416440014673289],[155.54499299988984,-7.407937899587827],[155.54740896045595,-7.417286968372507],[155.55574296013012,-7.412140069874024],[155.5584260401359,-7.417632889821376],[155.59030511966375,-7.402182027945358]]],[[[155.88251712016967,-7.092247006212561],[155.8773010803202,-7.102269956548086],[155.8665669600733,-7.098085968443559],[155.85360912052766,-7.1096550726127505],[155.865117960452,-7.087156944572458],[155.87490888019332,-7.082954956849959],[155.88251712016967,-7.092247006212561]]],[[[157.4217741602347,-8.302176068991978],[157.36097807994565,-8.31685895030718],[157.34888208049037,-8.310002127279487],[157.41439991971177,-8.295768913055243],[157.4217741602347,-8.302176068991978]]],[[[157.8566768403943,-8.340929013765313],[157.80586392021573,-8.298120934845898],[157.8037348797547,-8.288056033438549],[157.8172600799624,-8.293184967757755],[157.8566768403943,-8.340929013765313]]],[[[158.22285984041991,-8.714558927480368],[158.21479691995913,-8.712782016470275],[158.2114640399993,-8.670496982357909],[158.19777611985938,-8.671934936080673],[158.20688411966043,-8.660969087231544],[158.21937611984916,-8.678615005201697],[158.22285984041991,-8.714558927480368]]],[[[157.34125296007355,-8.3619411086061],[157.32187307983313,-8.361212022298778],[157.3089811200355,-8.345462066008682],[157.32662184032628,-8.351920055512865],[157.33054404026532,-8.34165190435947],[157.34125296007355,-8.3619411086061]]],[[[155.89160388020414,-7.104284057832608],[155.88632700015543,-7.11983410657925],[155.8770721204155,-7.120720914523894],[155.8735498800854,-7.110674076006361],[155.88732491973997,-7.095555981169794],[155.89160388020414,-7.104284057832608]]],[[[157.82867387992633,-8.595269987049557],[157.81885091997378,-8.597005093536781],[157.8191878798335,-8.612946030413298],[157.80336587968378,-8.634602052580066],[157.81869503981412,-8.60700409656151],[157.80921588039217,-8.583745000431525],[157.82867387992633,-8.595269987049557]]],[[[156.1480981203101,-6.821047962152613],[156.14773488023675,-6.8262240167173776],[156.14255304014847,-6.819797951329026],[156.13276212040714,-6.823166038554221],[156.13096392048212,-6.807044043218344],[156.14520515971796,-6.810279959995769],[156.1480981203101,-6.821047962152613]]],[[[156.03313212011733,-6.878176976899858],[156.02231088035583,-6.888942016691277],[156.01279716004996,-6.871753934173262],[156.03106212052998,-6.863474905412689],[156.03313212011733,-6.878176976899858]]],[[[156.1160599203993,-6.694995907278562],[156.10749012014958,-6.697981936517096],[156.08975616012216,-6.687660993054462],[156.08310192019778,-6.674475963228519],[156.1160599203993,-6.694995907278562]]],[[[156.15605196014252,-6.850211037655835],[156.15074015988378,-6.863695969517871],[156.13307387982817,-6.873181086291859],[156.14273196029856,-6.855381950842749],[156.15605196014252,-6.850211037655835]]],[[[157.13298504010027,-8.233144921078354],[157.123222920347,-8.23673096079162],[157.1108580003299,-8.218386059248152],[157.13298504010027,-8.233144921078354]]],[[[158.19847596046628,-8.643551014382282],[158.19091415979685,-8.662973125671332],[158.193879120359,-8.63655497950167],[158.1754831199335,-8.61823401718399],[158.1583870796405,-8.586954034382678],[158.16254903992885,-8.583774011489842],[158.19847596046628,-8.643551014382282]]],[[[158.17827492034317,-8.563340926160606],[158.17315715977904,-8.57215291758262],[158.1744891601228,-8.54648102422306],[158.1595869602638,-8.500438947619608],[158.17827492034317,-8.563340926160606]]],[[[157.56662915988562,-8.352817989710156],[157.56504192032187,-8.363008023284001],[157.54608900035285,-8.30534309568055],[157.55479415964788,-8.311776099965728],[157.56662915988562,-8.352817989710156]]],[[[157.9293921604368,-8.430642035736641],[157.88555496027334,-8.387177990411809],[157.90933295980545,-8.399778009441437],[157.9293921604368,-8.430642035736641]]],[[[157.34937600028474,-8.316559017751475],[157.33166003980068,-8.33950103713252],[157.33926792045088,-8.3186099158145],[157.34937600028474,-8.316559017751475]]],[[[158.11802315982752,-8.732504062259682],[158.0872251605233,-8.745561967333794],[158.0865418803586,-8.740934039262301],[158.11802315982752,-8.732504062259682]]],[[[157.72861296048964,-8.201255000307826],[157.694717160454,-8.186770040084722],[157.71994200005747,-8.18832399813771],[157.72861296048964,-8.201255000307826]]],[[[157.64330196030159,-8.137757937571976],[157.63913316024068,-8.157949993009815],[157.63428108001509,-8.156383978926996],[157.63640112025527,-8.110593936852924],[157.64330196030159,-8.137757937571976]]],[[[157.69327211970815,-8.194524980581496],[157.68459396017727,-8.198532005802091],[157.67248608050235,-8.186119022158731],[157.69327211970815,-8.194524980581496]]],[[[157.8858969596818,-8.386438978418362],[157.88286683982054,-8.390621052517256],[157.8597328802448,-8.363918041247912],[157.8710458802507,-8.363726955779164],[157.87195307987298,-8.37450900075839],[157.8858969596818,-8.386438978418362]]],[[[157.6191470402526,-8.040603012483361],[157.61295684035963,-8.042353944496119],[157.60658807964262,-8.02951104439619],[157.6191470402526,-8.040603012483361]]],[[[157.63622903987775,-8.105672925345251],[157.62484691990062,-8.099090098636808],[157.6256630402346,-8.09392694201836],[157.63097916049153,-8.0998929098598],[157.63242599966455,-8.084523921230886],[157.63622903987775,-8.105672925345251]]],[[[155.66065092024368,-7.062040016229232],[155.64566484019502,-7.070614925689006],[155.6383618800916,-7.064815986556715],[155.66065092024368,-7.062040016229232]]],[[[158.13614195991929,-8.746835069362536],[158.12577612019277,-8.7691719938071],[158.1284818799645,-8.747592950785613],[158.13614195991929,-8.746835069362536]]],[[[157.66678800017985,-8.188699035326454],[157.6372129196927,-8.16618407233477],[157.65697116044933,-8.17429112278681],[157.66678800017985,-8.188699035326454]]],[[[156.0045128399059,-7.017036062075477],[155.99517515975134,-7.021558073318807],[155.98982592040647,-7.013297043330509],[156.0045128399059,-7.017036062075477]]],[[[157.70463516036696,-8.199797120875846],[157.69410912048258,-8.210589004681635],[157.6903809602382,-8.206576044438222],[157.69436903992522,-8.19864905720505],[157.70463516036696,-8.199797120875846]]],[[[157.1463698399173,-8.308577956287174],[157.13858196024034,-8.313326004366369],[157.13405892032688,-8.304080099979242],[157.1463698399173,-8.308577956287174]]],[[[157.80142799981687,-8.264496992649143],[157.78910808000566,-8.268419945051624],[157.78836792031382,-8.257960075150612],[157.80142799981687,-8.264496992649143]]],[[[156.5728329602116,-7.784121902062707],[156.56607107965831,-7.791145995814888],[156.5607110398688,-7.782604927150407],[156.5728329602116,-7.784121902062707]]],[[[157.85624988012293,-8.347631066095564],[157.84616592005446,-8.346208991336473],[157.84316711995558,-8.3345210655363],[157.85624988012293,-8.347631066095564]]],[[[158.13388799973487,-8.74395101425404],[158.1213999602182,-8.741411013302107],[158.11996283991826,-8.733003109366333],[158.13388799973487,-8.74395101425404]]],[[[156.0517959604313,-7.0063470250868845],[156.0443590803836,-7.011044935616432],[156.04450884032124,-7.0002650029947615],[156.0517959604313,-7.0063470250868845]]],[[[158.19601716014253,-8.593781016975525],[158.19416495979084,-8.598974054752041],[158.17870296038956,-8.582252958861703],[158.19601716014253,-8.593781016975525]]],[[[155.8241600404372,-7.01545409740269],[155.8141199999013,-7.014833994521318],[155.81552112021626,-7.005391929005765],[155.8241600404372,-7.01545409740269]]],[[[156.53738988037102,-8.294027107122634],[156.53481012009763,-8.309262969967438],[156.53350800041522,-8.289101063149303],[156.53738988037102,-8.294027107122634]]],[[[157.1549281201718,-8.284407049357007],[157.1411649598386,-8.287133014311776],[157.14606492026883,-8.279942047023871],[157.1549281201718,-8.284407049357007]]],[[[157.95170496012983,-8.427584997768296],[157.92902892036346,-8.423389968489944],[157.943215080296,-8.420753984906808],[157.95170496012983,-8.427584997768296]]],[[[157.0910529600419,-8.15307303940822],[157.07797200009836,-8.156140051375289],[157.05484812051847,-8.148944036641566],[157.0910529600419,-8.15307303940822]]],[[[156.71709900010777,-7.94955592446824],[156.70674215970374,-7.956116929848786],[156.7096441205167,-7.946815011142008],[156.71709900010777,-7.94955592446824]]],[[[157.7517739198295,-8.217618047180316],[157.7300230801271,-8.204739956523587],[157.73673599980248,-8.20518499397583],[157.7517739198295,-8.217618047180316]]],[[[157.43987603965977,-8.28003306882762],[157.4242210803388,-8.28069105666175],[157.43262204043427,-8.275462031855204],[157.43987603965977,-8.28003306882762]]],[[[157.34333015965782,-8.286086021472293],[157.33603296045032,-8.291105971939787],[157.3325078401214,-8.283098921021569],[157.34333015965782,-8.286086021472293]]],[[[156.09795696030096,-6.866954019749002],[156.094396919762,-6.870643984619633],[156.09171600020449,-6.859938040658127],[156.09795696030096,-6.866954019749002]]],[[[157.11627600031986,-8.24234296728405],[157.1125410003029,-8.252350962713841],[157.1086821603375,-8.24299496119261],[157.11627600031986,-8.24234296728405]]],[[[157.33288404018933,-8.399454991658086],[157.32052812039308,-8.398448008925026],[157.33208412007326,-8.395195017141848],[157.33288404018933,-8.399454991658086]]],[[[157.17615192009367,-8.279520962295626],[157.16846087970265,-8.282267089461676],[157.1630929203656,-8.277528998179736],[157.17615192009367,-8.279520962295626]]],[[[157.62559788003716,-8.062982970694925],[157.61835612035736,-8.051002091233233],[157.62321900012927,-8.049531902853026],[157.62559788003716,-8.062982970694925]]],[[[157.23823716007053,-8.309196000556845],[157.2308870402113,-8.304670008499484],[157.23530999971723,-8.301185934607759],[157.23823716007053,-8.309196000556845]]],[[[157.16036196015517,-8.331241003391717],[157.1480100001327,-8.341171046287798],[157.15089396050402,-8.332322962390313],[157.16036196015517,-8.331241003391717]]],[[[156.89514095986488,-8.123642031200735],[156.87663587970934,-8.114691971188215],[156.8901668399147,-8.118420028373553],[156.89514095986488,-8.123642031200735]]],[[[155.832131879813,-7.013916076656174],[155.82775715983783,-7.016434004812668],[155.82659687964718,-7.007760011958511],[155.832131879813,-7.013916076656174]]],[[[158.19333696013555,-8.682757047530023],[158.18140908038572,-8.676851091034216],[158.18468688014383,-8.673638016693756],[158.19333696013555,-8.682757047530023]]],[[[158.02487099998464,-8.532495924506367],[158.01818796007225,-8.537184975690987],[158.02113816041597,-8.529574984495804],[158.02487099998464,-8.532495924506367]]],[[[158.15826611969086,-8.569818048237508],[158.15253204028164,-8.566507058265605],[158.15357784007077,-8.543189945555579],[158.15826611969086,-8.569818048237508]]],[[[157.3127809200255,-8.15228797411315],[157.30390512035228,-8.167448933439289],[157.29579504013572,-8.172076983246384],[157.3127809200255,-8.15228797411315]]],[[[155.67299712026852,-7.061244020340221],[155.66406803971927,-7.062812073049993],[155.6646451201527,-7.058194000449886],[155.67299712026852,-7.061244020340221]]],[[[157.15251216050396,-8.154639066630024],[157.15047888045225,-8.156427098611388],[157.13671284012023,-8.14923696913329],[157.15251216050396,-8.154639066630024]]],[[[155.6561458798736,-7.031346027654299],[155.6502501603071,-7.035716052344464],[155.64844296016125,-7.030735056551943],[155.6561458798736,-7.031346027654299]]],[[[156.94993907973168,-8.010023039844844],[156.94553699976785,-8.009528947659856],[156.94724591973005,-7.9967969520728115],[156.94993907973168,-8.010023039844844]]],[[[158.0817380396638,-8.461913981387921],[158.06953296047845,-8.468895954414387],[158.06866104039236,-8.463992954262093],[158.0817380396638,-8.461913981387921]]],[[[157.1271969602644,-8.25660394197376],[157.12442712007018,-8.26128296681322],[157.12251911996628,-8.251643048863373],[157.1271969602644,-8.25660394197376]]],[[[156.84951887999537,-8.09188896257194],[156.84727104003298,-8.096428068914404],[156.84288408051205,-8.088303048408818],[156.84951887999537,-8.09188896257194]]],[[[157.2862219205283,-8.467563876641506],[157.27641300034537,-8.467316047932071],[157.28095584002594,-8.457914992638067],[157.2862219205283,-8.467563876641506]]],[[[155.61902592028204,-7.042853921013349],[155.61097992048795,-7.0404479659194505],[155.61321588023074,-7.0366419661189115],[155.61902592028204,-7.042853921013349]]],[[[158.20527887965503,-8.624246960444761],[158.1977570396427,-8.620961004480874],[158.20022015996466,-8.617318017363543],[158.20527887965503,-8.624246960444761]]],[[[158.07371904053218,-8.747362917452147],[158.0598691200105,-8.749668932748829],[158.06490696015877,-8.745663908175803],[158.07371904053218,-8.747362917452147]]],[[[157.1697360005192,-8.314172018918041],[157.16489183984118,-8.31508802870907],[157.16501208024027,-8.307724982639137],[157.1697360005192,-8.314172018918041]]],[[[157.10642603970484,-8.121259929770654],[157.0982248801999,-8.123081076650653],[157.0991461204901,-8.117725954654508],[157.10642603970484,-8.121259929770654]]],[[[157.62619691978773,-8.12497598806765],[157.6175810404555,-8.12348504256734],[157.61979108020907,-8.119352884261259],[157.62619691978773,-8.12497598806765]]],[[[157.63059503997775,-8.071536043896844],[157.62896316043262,-8.07643501688767],[157.6250049605086,-8.066558060193433],[157.63059503997775,-8.071536043896844]]],[[[157.3647080404139,-8.407995990629374],[157.34788811978132,-8.400520022835511],[157.35951288010656,-8.401512042578567],[157.3647080404139,-8.407995990629374]]],[[[155.62566900043564,-7.0103049505619985],[155.61754991999825,-7.013431926988362],[155.6180049598088,-7.009698954241782],[155.62566900043564,-7.0103049505619985]]],[[[157.12872300030276,-8.24036595671356],[157.12323984011536,-8.242957017294874],[157.1201668804965,-8.237433022986224],[157.12872300030276,-8.24036595671356]]],[[[155.87207496047492,-7.069186053032231],[155.8678860004224,-7.076350021666027],[155.87011583994317,-7.065648953126234],[155.87207496047492,-7.069186053032231]]],[[[157.4639650799607,-8.282192099653798],[157.45779611983426,-8.28767307511506],[157.45269996015946,-8.284739067737169],[157.4639650799607,-8.282192099653798]]],[[[157.3454919598807,-8.398451036060258],[157.3346491201282,-8.397576000652236],[157.34187612048785,-8.395523914818293],[157.3454919598807,-8.398451036060258]]],[[[157.85718084018447,-8.586294075628567],[157.85464283989373,-8.587992915382694],[157.8509200803208,-8.579687126374006],[157.85718084018447,-8.586294075628567]]],[[[158.17043412001448,-8.72496704025637],[158.15874599971562,-8.726478975142184],[158.163354000492,-8.722733107499781],[158.17043412001448,-8.72496704025637]]],[[[157.19097996043268,-8.334965956363256],[157.18411007992435,-8.333033046326687],[157.18631615990412,-8.325136028959912],[157.19097996043268,-8.334965956363256]]],[[[157.91268996042896,-8.502865032515242],[157.90315283990824,-8.502954933616746],[157.9088761197711,-8.49469001886611],[157.91268996042896,-8.502865032515242]]],[[[156.17692691998508,-6.846335049749924],[156.1714970397755,-6.850437112487178],[156.1737279599695,-6.843495057667423],[156.17692691998508,-6.846335049749924]]],[[[157.38542387987349,-8.583956088978441],[157.38119100028842,-8.580440894694686],[157.3839698398052,-8.575938907377068],[157.38542387987349,-8.583956088978441]]],[[[157.85249291989055,-8.572008924474416],[157.84607700031606,-8.561237038644485],[157.84988112030425,-8.559378951404103],[157.85249291989055,-8.572008924474416]]],[[[158.12775107981963,-8.572972023636748],[158.12587584037584,-8.585651024065747],[158.12184311980909,-8.583985990549476],[158.12775107981963,-8.572972023636748]]],[[[156.022417080087,-6.9599540432678415],[156.01510691998658,-6.953928952738498],[156.01944707997615,-6.950412061628374],[156.022417080087,-6.9599540432678415]]],[[[157.14763704028798,-8.273071042396298],[157.1403171604162,-8.270346939411176],[157.14292608000366,-8.267196910375448],[157.14763704028798,-8.273071042396298]]],[[[157.96762488023882,-8.436923050576715],[157.9540410002801,-8.43111708570801],[157.95460692004445,-8.428534927624792],[157.96762488023882,-8.436923050576715]]],[[[157.52899115983598,-7.981931016897232],[157.51553292004954,-7.97410496283584],[157.52074788012405,-7.974478950764722],[157.52899115983598,-7.981931016897232]]],[[[156.01412916039365,-6.980774058319521],[156.0087511201625,-6.984442942901369],[156.0114730801521,-6.978736907663502],[156.01412916039365,-6.980774058319521]]],[[[157.90674491976014,-8.47223805528378],[157.9042731603401,-8.47497498891004],[157.89939696034915,-8.469313985714964],[157.90674491976014,-8.47223805528378]]],[[[157.51744416037673,-8.27680705718551],[157.5082011599581,-8.27590698961267],[157.51392587982036,-8.27360007871512],[157.51744416037673,-8.27680705718551]]],[[[157.30879895966217,-8.355628961922383],[157.30399799986446,-8.360076004778742],[157.29593112052825,-8.361446027985961],[157.30879895966217,-8.355628961922383]]],[[[157.6364630402295,-8.08440291567286],[157.63111416021073,-8.080377996608586],[157.63081608033488,-8.07527893591815],[157.6364630402295,-8.08440291567286]]],[[[157.60900187976048,-8.048065987025202],[157.60488708012628,-8.04655301438419],[157.60344312005375,-8.04059802173827],[157.60900187976048,-8.048065987025202]]],[[[156.70570284036106,-7.682209051448017],[156.69776484052198,-7.684011087386644],[156.70250388034546,-7.6799330377819315],[156.70570284036106,-7.682209051448017]]],[[[155.67681203980305,-7.028464990456219],[155.67045804020282,-7.026595084026685],[155.67285996010108,-7.023667032337365],[155.67681203980305,-7.028464990456219]]],[[[157.89638808025444,-8.463052013824855],[157.89013992016098,-8.46214400891526],[157.89550608017254,-8.459126925332527],[157.89638808025444,-8.463052013824855]]],[[[157.16110284029585,-8.160975987149763],[157.1587581601492,-8.162001930255986],[157.15272707974074,-8.15504495969123],[157.16110284029585,-8.160975987149763]]],[[[157.11030503966182,-8.214490936133478],[157.10794884041823,-8.21658993219999],[157.10402916025362,-8.211295032880376],[157.11030503966182,-8.214490936133478]]],[[[156.18722507973973,-6.850080039145661],[156.18105503983833,-6.850743965608239],[156.18161088050522,-6.848375094332586],[156.18722507973973,-6.850080039145661]]],[[[158.10017111984928,-8.695512072883437],[158.09550515977077,-8.699846091827316],[158.09492700046064,-8.695883059109844],[158.10017111984928,-8.695512072883437]]],[[[158.05788587971335,-8.760092965462205],[158.05368683966503,-8.761773940621607],[158.05451484021862,-8.757785947656009],[158.05788587971335,-8.760092965462205]]],[[[158.02641612023965,-8.514043018493156],[158.0229190803482,-8.515328116973732],[158.02351307965174,-8.508828884708207],[158.02641612023965,-8.514043018493156]]],[[[157.515561000487,-8.373465980604587],[157.51084716020387,-8.374546931768544],[157.51011492005958,-8.370074053506993],[157.515561000487,-8.373465980604587]]],[[[158.13406799965986,-8.598609914295412],[158.13010403973828,-8.604461034618053],[158.13078407967973,-8.597224005800392],[158.13406799965986,-8.598609914295412]]],[[[158.18806691985944,-8.66591207785713],[158.18438304027038,-8.669218993844632],[158.18360687969522,-8.666027919513178],[158.18806691985944,-8.66591207785713]]],[[[156.05227116023346,-6.936428931435857],[156.04757891994132,-6.9329210227153935],[156.05011008045946,-6.930460896948036],[156.05227116023346,-6.936428931435857]]],[[[157.1152039203171,-8.237557009991948],[157.11316200026894,-8.24105696742429],[157.11093000029993,-8.236611070457611],[157.1152039203171,-8.237557009991948]]],[[[156.01069404047644,-6.988928109011065],[156.0082579199187,-6.994235964663075],[156.00593700021128,-6.9915980339780495],[156.01069404047644,-6.988928109011065]]],[[[157.15594584042182,-8.294955987687205],[157.14733499974,-8.296700105138537],[157.14727092021585,-8.292715983237606],[157.15594584042182,-8.294955987687205]]],[[[158.1399320401379,-8.639122027868375],[158.13523691984696,-8.641014960072019],[158.13505908037013,-8.637822044212571],[158.1399320401379,-8.639122027868375]]],[[[158.08543415969692,-8.74024695249983],[158.08059504036427,-8.742691067676779],[158.08043808042962,-8.739199062436837],[158.08543415969692,-8.74024695249983]]],[[[158.25518496043577,-8.7908129322639],[158.2506410400819,-8.791327020762603],[158.2477239597244,-8.787749019633786],[158.25518496043577,-8.7908129322639]]],[[[157.61805012003563,-8.099156035023583],[157.61333807997627,-8.10205808641534],[157.61353391989476,-8.098868947165412],[157.61805012003563,-8.099156035023583]]],[[[156.05288784020127,-6.882050024946687],[156.04985304011734,-6.88427898330802],[156.05226504001138,-6.877923037708489],[156.05288784020127,-6.882050024946687]]],[[[157.12705116010054,-8.274147105800088],[157.12379604010837,-8.277530066599427],[157.12269804011638,-8.274839125932491],[157.12705116010054,-8.274147105800088]]],[[[157.20252300011822,-8.291559995701803],[157.1971870800941,-8.30137598178004],[157.19883696008088,-8.29060403323358],[157.20252300011822,-8.291559995701803]]],[[[157.99722299981806,-8.443751107612458],[157.9953690001408,-8.445427077540542],[157.98656303998945,-8.440139012233201],[157.99722299981806,-8.443751107612458]]],[[[157.96371096007175,-8.487417971858312],[157.95767484011458,-8.488753006344341],[157.96161612027024,-8.484938913697908],[157.96371096007175,-8.487417971858312]]],[[[157.8295079998036,-8.60119804380918],[157.82497595966936,-8.603587003000863],[157.82494607990637,-8.60006807526882],[157.8295079998036,-8.60119804380918]]],[[[157.4205260400806,-8.292077964235926],[157.4165851201494,-8.292644913729102],[157.42011203980383,-8.286561960359359],[157.4205260400806,-8.292077964235926]]],[[[157.86880595983584,-8.37845809888899],[157.86165204011948,-8.377150997589604],[157.86470807996997,-8.375266021603723],[157.86880595983584,-8.37845809888899]]],[[[157.3172971201663,-8.400302066636028],[157.31165988004307,-8.397606985025238],[157.31482788052068,-8.395705902991281],[157.3172971201663,-8.400302066636028]]],[[[158.1611439598401,-8.70315502242847],[158.156393039797,-8.703158047112462],[158.15854188002518,-8.70039695976869],[158.1611439598401,-8.70315502242847]]],[[[158.07913992052093,-8.742817916481052],[158.07466800013708,-8.744355043492837],[158.07525192034313,-8.741546046397522],[158.07913992052093,-8.742817916481052]]],[[[157.20634908032184,-8.295732932980856],[157.20454908017294,-8.30312202988641],[157.20390287976824,-8.297658903346147],[157.20634908032184,-8.295732932980856]]],[[[158.13278315997027,-8.716324976674539],[158.1326190000386,-8.720645054206178],[158.1293278800614,-8.719088971235207],[158.13278315997027,-8.716324976674539]]],[[[158.1453208799154,-8.647265997920261],[158.14183284024477,-8.64458493462133],[158.14423188014425,-8.641030975525316],[158.1453208799154,-8.647265997920261]]],[[[157.9850589601665,-8.43864908245902],[157.97537604038024,-8.437598044811754],[157.9791059999501,-8.435690038225232],[157.9850589601665,-8.43864908245902]]],[[[157.0432629597276,-8.23903398944059],[157.04169695993045,-8.2423639877],[157.04095104024103,-8.235419111467627],[157.0432629597276,-8.23903398944059]]],[[[158.1498291605087,-8.741575046019582],[158.14500588027113,-8.743725070989154],[158.14722492024552,-8.73935793573573],[158.1498291605087,-8.741575046019582]]],[[[157.83545195979917,-8.349579932555761],[157.83195708035598,-8.351483020509718],[157.83240311994567,-8.34792901520961],[157.83545195979917,-8.349579932555761]]],[[[157.18061699980663,-8.286100983492497],[157.17594600017944,-8.28574100093812],[157.177641960147,-8.283106046401887],[157.18061699980663,-8.286100983492497]]],[[[157.0925008798882,-8.195650963850913],[157.0875850803629,-8.194482044072881],[157.08939804050638,-8.19207203671243],[157.0925008798882,-8.195650963850913]]],[[[157.9515659997385,-8.483518055283522],[157.94824716044664,-8.486983047722617],[157.94674199995043,-8.484435979192954],[157.9515659997385,-8.483518055283522]]],[[[158.09856408051834,-8.701307063711939],[158.09480388006273,-8.70518694751761],[158.09574096034635,-8.700311020194285],[158.09856408051834,-8.701307063711939]]],[[[157.20002099981247,-8.305817052311248],[157.1979859204352,-8.311708061769568],[157.19884992007547,-8.30349001160811],[157.20002099981247,-8.305817052311248]]],[[[157.56982704012617,-8.328918922871312],[157.56811992038783,-8.331458107614658],[157.56628104025512,-8.326349088317878],[157.56982704012617,-8.328918922871312]]],[[[155.81681999967546,-6.995509990852995],[155.8116050404993,-7.000352009488665],[155.8104530400806,-6.996812956668585],[155.81681999967546,-6.995509990852995]]],[[[157.7583331197935,-8.221256069402072],[157.75205112016326,-8.221103037783344],[157.75681500020096,-8.217768942099559],[157.7583331197935,-8.221256069402072]]],[[[157.20819912022526,-8.270076006698886],[157.2033081600159,-8.271937975813966],[157.2055459199825,-8.267546934348532],[157.20819912022526,-8.270076006698886]]],[[[158.12854704016195,-8.69628500386062],[158.12399412048558,-8.704514918379063],[158.12669412025969,-8.695614916932444],[158.12854704016195,-8.69628500386062]]],[[[157.40050716033082,-8.28404706523257],[157.39628616006704,-8.287580987604382],[157.39477596002212,-8.284917011754944],[157.40050716033082,-8.28404706523257]]],[[[157.91959908024728,-8.504849967705422],[157.91586408023028,-8.507020032567992],[157.9130989202587,-8.503137939129346],[157.91959908024728,-8.504849967705422]]],[[[158.0325890401399,-8.524997097163178],[158.02672787966068,-8.524787043241933],[158.02761995973842,-8.521882065868425],[158.0325890401399,-8.524997097163178]]],[[[157.12584696037732,-8.14848895859926],[157.1249880002858,-8.15051506871179],[157.11641207981404,-8.14940802414961],[157.12584696037732,-8.14848895859926]]],[[[157.34119499987312,-8.308139090786478],[157.33656900045173,-8.312123056822138],[157.33495691977546,-8.309140964428593],[157.34119499987312,-8.308139090786478]]],[[[157.8571801197356,-8.353539077657327],[157.8566408404093,-8.357498004922487],[157.8555270004239,-8.349694980100114],[157.8571801197356,-8.353539077657327]]],[[[157.6132909202205,-8.107544039284265],[157.60855403994697,-8.11173690699038],[157.60539000014143,-8.109869020339032],[157.6132909202205,-8.107544039284265]]],[[[158.12890992001087,-8.77383799546505],[158.12699112036063,-8.776031062307034],[158.1266199598414,-8.770741921125714],[158.12890992001087,-8.77383799546505]]],[[[157.8510590398138,-8.373561966889334],[157.846555080117,-8.371966000680588],[157.84612992006944,-8.367813999835091],[157.8510590398138,-8.373561966889334]]],[[[157.83636204031856,-8.586328959831732],[157.8312748799663,-8.589731081211589],[157.83441299978261,-8.584563902338937],[157.83636204031856,-8.586328959831732]]],[[[158.13834515990027,-8.684565951253427],[158.13478800025842,-8.683023952972693],[158.13689508050405,-8.680987992757045],[158.13834515990027,-8.684565951253427]]],[[[157.81907411988087,-8.573117974523111],[157.8155738397662,-8.574930963737918],[157.81063104047666,-8.573255915726548],[157.81907411988087,-8.573117974523111]]],[[[156.86724204047647,-8.102331985335724],[156.862338839823,-8.098216003829641],[156.86107199967674,-8.093851026396738],[156.86724204047647,-8.102331985335724]]],[[[157.52028599964265,-8.285430891837343],[157.51950695996698,-8.290715001065202],[157.5168238799612,-8.286076936525443],[157.52028599964265,-8.285430891837343]]],[[[157.97171988010587,-8.440181923273613],[157.96840608036268,-8.436342955920784],[157.97067587964224,-8.434989934072046],[157.97171988010587,-8.440181923273613]]],[[[157.34423087973198,-8.299530003817344],[157.34002607968606,-8.302161998779752],[157.33922184047006,-8.299625117298358],[157.34423087973198,-8.299530003817344]]],[[[157.3359811204719,-8.299328022144314],[157.33104911983045,-8.300327958125585],[157.3318011597419,-8.29760404364002],[157.3359811204719,-8.299328022144314]]],[[[157.92054515985333,-8.542134921803935],[157.91551812014973,-8.543365100134778],[157.91374188044017,-8.539533039702496],[157.92054515985333,-8.542134921803935]]],[[[157.84780391982164,-8.587906949837926],[157.8447719997365,-8.587355028361234],[157.84453404050933,-8.582307956434752],[157.84780391982164,-8.587906949837926]]],[[[158.14326204009888,-8.701146928026349],[158.1403550397372,-8.704888030892507],[158.1395720402878,-8.702091015013481],[158.14326204009888,-8.701146928026349]]],[[[157.02337404014827,-8.235752062942],[157.0187199602894,-8.2333560232719],[157.021072920208,-8.231631934266739],[157.02337404014827,-8.235752062942]]],[[[158.10740315975767,-8.66867911295263],[158.1040580402521,-8.663169933770316],[158.10638112040778,-8.662757987707561],[158.10740315975767,-8.66867911295263]]],[[[158.11777403993125,-8.637189046548055],[158.1141441598705,-8.63943505523658],[158.11626888033337,-8.635551111407898],[158.11777403993125,-8.637189046548055]]],[[[157.83979104001378,-8.570782932355879],[157.8363181198877,-8.572296020972829],[157.8361028404265,-8.570122945134495],[157.83979104001378,-8.570782932355879]]],[[[155.68433496048866,-7.031100031568156],[155.67943104028464,-7.031199894882459],[155.6823189604297,-7.029355010628513],[155.68433496048866,-7.031100031568156]]],[[[157.12426908036053,-8.245817051516916],[157.1227739998602,-8.2475560422991],[157.1215161599347,-8.243413947489357],[157.12426908036053,-8.245817051516916]]],[[[157.9195940398002,-8.454705943745864],[157.91607791969207,-8.456171954147482],[157.9161409203396,-8.453732042641246],[157.9195940398002,-8.454705943745864]]],[[[157.88090484018824,-8.41207704832384],[157.87804500048065,-8.412622100726434],[157.87981799996703,-8.40776397143778],[157.88090484018824,-8.41207704832384]]],[[[158.17804091999145,-8.674134117506858],[158.1757369200524,-8.675165996776167],[158.1745341603286,-8.669611893555919],[158.17804091999145,-8.674134117506858]]],[[[158.1615421201235,-8.591086048019626],[158.1610651200975,-8.594387924777308],[158.1581311199716,-8.588672982900825],[158.1615421201235,-8.591086048019626]]],[[[157.33471104010238,-8.317514917976064],[157.33146204033227,-8.321324066951272],[157.3305840000241,-8.31945502855844],[157.33471104010238,-8.317514917976064]]],[[[156.87148392028234,-8.112772954816318],[156.86707716009596,-8.11297004275872],[156.87005795975318,-8.110751999463758],[156.87148392028234,-8.112772954816318]]],[[[157.44380616004463,-8.277786922128161],[157.4411130000431,-8.282676949376517],[157.4412559202081,-8.277248985317472],[157.44380616004463,-8.277786922128161]]],[[[157.84433387969437,-8.559718032594954],[157.84370388040583,-8.562887043126253],[157.8395991598691,-8.561632008450319],[157.84433387969437,-8.559718032594954]]],[[[157.11157692025517,-8.149491947581447],[157.10238396048948,-8.15030392378869],[157.1031169201843,-8.149248015771054],[157.11157692025517,-8.149491947581447]]],[[[157.86579599996617,-8.58278602216961],[157.86357695999178,-8.583694097181672],[157.85796995985592,-8.577639039584119],[157.86579599996617,-8.58278602216961]]],[[[157.2762600001845,-8.352097968626884],[157.2700600805201,-8.353525008420885],[157.26990599968593,-8.352097078448672],[157.2762600001845,-8.352097968626884]]],[[[155.83992696038533,-7.015145029288415],[155.83662215996466,-7.017219001575702],[155.83694688027862,-7.014653912642836],[155.83992696038533,-7.015145029288415]]],[[[157.49754911967702,-8.283609063204073],[157.49467812019864,-8.286740971041452],[157.49378208034713,-8.28436002540222],[157.49754911967702,-8.283609063204073]]],[[[156.8153059198672,-8.045405938290394],[156.80966903996838,-8.042978995830733],[156.8085868799698,-8.038592924427354],[156.8153059198672,-8.045405938290394]]],[[[158.11821215997338,-8.667847936553937],[158.11703603978938,-8.66941491009363],[158.1137978404639,-8.665873107889949],[158.11821215997338,-8.667847936553937]]],[[[157.93295112030248,-8.469026989758897],[157.92905484035268,-8.470051948255744],[157.93169004015382,-8.467149047987224],[157.93295112030248,-8.469026989758897]]],[[[157.15545984017498,-8.314741074510675],[157.15503612012685,-8.317494078781506],[157.15175796014427,-8.312784018919398],[157.15545984017498,-8.314741074510675]]],[[[157.86812699966939,-8.663219936727081],[157.86716400029488,-8.666538088096004],[157.8653679599198,-8.658828017899646],[157.86812699966939,-8.663219936727081]]],[[[157.94220096049364,-8.52296900934933],[157.9398541198987,-8.526914095022228],[157.93975692038836,-8.522423045720174],[157.94220096049364,-8.52296900934933]]],[[[157.90946111975214,-8.515212050717498],[157.9021970405308,-8.517552060960082],[157.90267908010551,-8.515416056663193],[157.90946111975214,-8.515212050717498]]],[[[158.15571696052766,-8.689296890567991],[158.15254788027505,-8.68942304533311],[158.15336184016073,-8.687371995347787],[158.15571696052766,-8.689296890567991]]],[[[158.0668959604535,-8.478320063656085],[158.06229695989796,-8.47750894439947],[158.06390688012598,-8.475587070565542],[158.0668959604535,-8.478320063656085]]],[[[155.68846199966865,-6.989340997544968],[155.68445087999123,-6.988640998084472],[155.68556183997788,-6.987286018684567],[155.68846199966865,-6.989340997544968]]],[[[157.32833112051296,-8.321910032099925],[157.32441791989646,-8.322108084009015],[157.32455004051516,-8.319816940142323],[157.32833112051296,-8.321910032099925]]],[[[155.83490892000424,-7.018280012622351],[155.8325948400694,-7.021558967225939],[155.83205987984297,-7.0180409768559535],[155.83490892000424,-7.018280012622351]]],[[[157.32943811982744,-8.288629936020861],[157.3270160399376,-8.288639020013175],[157.32869688036067,-8.284581964603055],[157.32943811982744,-8.288629936020861]]],[[[157.34287188052238,-8.311796048302329],[157.34000015969687,-8.315272903743836],[157.3391120402912,-8.313649092629998],[157.34287188052238,-8.311796048302329]]],[[[158.14145303972919,-8.664310924173865],[158.13843516031196,-8.663876914006053],[158.13956916028897,-8.661400075774143],[158.14145303972919,-8.664310924173865]]],[[[157.01988491980435,-8.230816027325817],[157.01837400020887,-8.232827111329254],[157.0170009603314,-8.228978091364297],[157.01988491980435,-8.230816027325817]]],[[[157.1887681204553,-8.198598994225023],[157.1860591204603,-8.196544978111831],[157.18643208030505,-8.19261204909121],[157.1887681204553,-8.198598994225023]]],[[[155.55436487980558,-7.407693000480617],[155.54923308037021,-7.409266097659105],[155.54680884003213,-7.407570908218974],[155.55436487980558,-7.407693000480617]]],[[[157.90918212009288,-8.442261013072022],[157.90640400012666,-8.443713895435499],[157.90618295976955,-8.441625910284339],[157.90918212009288,-8.442261013072022]]],[[[157.81414104036273,-8.579971013380124],[157.80968783997108,-8.578918049244958],[157.81081895994927,-8.577736042718646],[157.81414104036273,-8.579971013380124]]],[[[157.1910980403835,-8.076474936578899],[157.18727303995487,-8.080422015356325],[157.1869868402986,-8.078691920384609],[157.1910980403835,-8.076474936578899]]],[[[156.02101812022033,-6.970213011710537],[156.01933800024614,-6.971702043053704],[156.01924296028568,-6.967105935625808],[156.02101812022033,-6.970213011710537]]],[[[157.77702900031872,-8.247463053982692],[157.77191808042548,-8.24977296812041],[157.77253908039148,-8.247570115382171],[157.77702900031872,-8.247463053982692]]],[[[158.13520091986194,-8.676279904028448],[158.13208296003722,-8.678703974698786],[158.13091584007398,-8.677193981591515],[158.13520091986194,-8.676279904028448]]],[[[155.57237496039178,-7.401104957863913],[155.56947911980086,-7.4019949604249415],[155.56911984039962,-7.400056981557865],[155.57237496039178,-7.401104957863913]]],[[[157.3981959603948,-8.281046947429362],[157.394077919639,-8.282896040459145],[157.39596611997572,-8.280502067771456],[157.3981959603948,-8.281046947429362]]],[[[155.5643559603619,-7.40724193668435],[155.5602649202686,-7.407737981831511],[155.56230611986786,-7.406115077716298],[155.5643559603619,-7.40724193668435]]],[[[155.63579400003786,-7.012954029790192],[155.63404188009363,-7.016256067706618],[155.632858920137,-7.013622906943989],[155.63579400003786,-7.012954029790192]]],[[[157.8853519203579,-8.427161045732108],[157.88130696024538,-8.424957055907898],[157.88418983994342,-8.424923046824812],[157.8853519203579,-8.427161045732108]]],[[[156.1662979196944,-6.843599964966348],[156.162220920269,-6.841774004142353],[156.16548683980753,-6.841590997445735],[156.1662979196944,-6.843599964966348]]],[[[157.1316969601874,-8.235604915725908],[157.12871292030695,-8.237298881326524],[157.12873308029856,-8.235407889163579],[157.1316969601874,-8.235604915725908]]],[[[156.13589700000026,-6.850344001474447],[156.1328499603706,-6.84727599107166],[156.1347871197886,-6.846535927805657],[156.13589700000026,-6.850344001474447]]],[[[158.07684203990564,-8.487030936712314],[158.07449591975958,-8.487446100470857],[158.06913587997008,-8.484523036191815],[158.07684203990564,-8.487030936712314]]],[[[157.2960808804659,-8.360909986946163],[157.29414804014777,-8.363681009654869],[157.29081011974088,-8.36393905596479],[157.2960808804659,-8.360909986946163]]],[[[157.72166207979043,-8.208320016639883],[157.71793500021934,-8.20712191601938],[157.71898692023052,-8.205121035322929],[157.72166207979043,-8.208320016639883]]],[[[157.93684704002786,-8.5555490096477],[157.93347996030687,-8.55661200665698],[157.9342770004242,-8.554478000500186],[157.93684704002786,-8.5555490096477]]],[[[156.03427403964187,-6.943280106122559],[156.0316269605194,-6.947115991634145],[156.03234984021844,-6.943245085231952],[156.03427403964187,-6.943280106122559]]],[[[157.9035718797338,-8.492296994783972],[157.9015551601243,-8.495004055638635],[157.90043483969245,-8.493628986592197],[157.9035718797338,-8.492296994783972]]],[[[157.13348183989342,-8.287999035592831],[157.13209403979752,-8.289295925775328],[157.12965899991303,-8.286794941954868],[157.13348183989342,-8.287999035592831]]],[[[157.85995212037807,-8.351835106518996],[157.85805203982176,-8.352388078935341],[157.85775900039292,-8.34769607042934],[157.85995212037807,-8.351835106518996]]],[[[157.1564390397673,-8.269768913245267],[157.1526601202178,-8.269460929181033],[157.15321991976012,-8.268175017890256],[157.1564390397673,-8.269768913245267]]],[[[157.88405016000158,-8.428401919447314],[157.88142792019505,-8.430202061785971],[157.88080008045645,-8.428503055756963],[157.88405016000158,-8.428401919447314]]],[[[157.51366199970565,-8.289150045240836],[157.51277891984876,-8.29069594196322],[157.51130004046448,-8.287613049207756],[157.51366199970565,-8.289150045240836]]],[[[157.1064861603535,-8.263675986641468],[157.10544684011253,-8.264897963925346],[157.10318208038174,-8.262656007259158],[157.1064861603535,-8.263675986641468]]],[[[158.0271379201637,-8.528347965196982],[158.0257159203066,-8.530673121273106],[158.0255161197161,-8.525009913493511],[158.0271379201637,-8.528347965196982]]],[[[157.87685196052826,-8.407107086879087],[157.8743629202171,-8.409031973593725],[157.87442303996747,-8.406604941431825],[157.87685196052826,-8.407107086879087]]],[[[158.1395738405116,-8.611841012475306],[158.13698004046864,-8.61130905805251],[158.1383559603449,-8.60953788783721],[158.1395738405116,-8.611841012475306]]],[[[157.91564699964692,-8.490351873631129],[157.91340708013038,-8.493280055859978],[157.91410008006642,-8.489730913654745],[157.91564699964692,-8.490351873631129]]],[[[158.2033258802436,-8.612778026657365],[158.20081487971703,-8.6137499201333],[158.20089695968284,-8.611661973988895],[158.2033258802436,-8.612778026657365]]],[[[157.90095107992664,-8.451833018117666],[157.8966440399233,-8.453913114027335],[157.89858516001343,-8.44983908494125],[157.90095107992664,-8.451833018117666]]],[[[157.3323631197325,-8.302178918825014],[157.33127807973514,-8.303991933635693],[157.32993383984564,-8.300511949909145],[157.3323631197325,-8.302178918825014]]],[[[157.95006804013764,-8.47734996060056],[157.9459618804998,-8.476453917960384],[157.94853407965343,-8.475746944993398],[157.95006804013764,-8.47734996060056]]],[[[157.95717804032142,-8.553381000795914],[157.95440495990397,-8.555939001315515],[157.9536770397579,-8.554191958922221],[157.95717804032142,-8.553381000795914]]],[[[157.16666304000202,-8.271403059043926],[157.16377296030703,-8.271357102847425],[157.164836040089,-8.269874009707795],[157.16666304000202,-8.271403059043926]]],[[[158.07402396018065,-8.520454045493324],[158.07140207970025,-8.52231801850487],[158.07026592017328,-8.520454935278597],[158.07402396018065,-8.520454045493324]]],[[[157.51174104050548,-8.283476005847664],[157.50872711996368,-8.285389924052026],[157.50877607994332,-8.283148082832355],[157.51174104050548,-8.283476005847664]]],[[[157.9183830003044,-8.517466969997614],[157.9127349597365,-8.514362023863436],[157.91670215988134,-8.514250941978242],[157.9183830003044,-8.517466969997614]]],[[[157.95048995996197,-8.504143046831162],[157.9473838803569,-8.50551202510728],[157.9475181605256,-8.503791989318998],[157.95048995996197,-8.504143046831162]]],[[[156.57347915971798,-7.7518141187912475],[156.5701390797612,-7.752696083328421],[156.56975315992185,-7.750880963129609],[156.57347915971798,-7.7518141187912475]]],[[[157.84235711984365,-8.5803990680419],[157.84110396014088,-8.581057969609327],[157.83957684032754,-8.578598030120963],[157.84235711984365,-8.5803990680419]]],[[[157.20761988024188,-8.28267392133264],[157.20502896019772,-8.282927033149653],[157.20579899965253,-8.280904983090883],[157.20761988024188,-8.28267392133264]]],[[[157.28650487996134,-8.454295018589471],[157.28249988050598,-8.457595940653617],[157.28437511994977,-8.454465940811833],[157.28650487996134,-8.454295018589471]]],[[[157.82728895982922,-8.578254872708868],[157.8269228397571,-8.580598946289582],[157.82484095995017,-8.579130031051243],[157.82728895982922,-8.578254872708868]]],[[[157.52224007972734,-8.256187998095076],[157.5202780800951,-8.257041083112817],[157.52100708001612,-8.253737929411118],[157.52224007972734,-8.256187998095076]]],[[[158.1349870804001,-8.671298969796439],[158.13216792000185,-8.673344058026789],[158.13201600051428,-8.67098792601336],[158.1349870804001,-8.671298969796439]]],[[[157.67187588008267,-8.190029923400912],[157.6671699602454,-8.193065116964753],[157.6694340004256,-8.189844098425501],[157.67187588008267,-8.190029923400912]]],[[[157.13005499974815,-8.149208103401754],[157.12604100007198,-8.14943510768962],[157.12822908050842,-8.148080028818452],[157.13005499974815,-8.149208103401754]]],[[[157.8852950399324,-8.430179092710159],[157.8825399599566,-8.432876974245941],[157.88392092027996,-8.429472034665382],[157.8852950399324,-8.430179092710159]]],[[[157.1250740400254,-8.304144042397981],[157.12349400045872,-8.3049989825621],[157.122956879784,-8.302251054937937],[157.1250740400254,-8.304144042397981]]],[[[157.1297911205318,-8.244305004217297],[157.127977079715,-8.246973885496358],[157.12704215987972,-8.245308998621963],[157.1297911205318,-8.244305004217297]]],[[[157.07131991972395,-8.252487058990646],[157.0709008798984,-8.254664945540336],[157.06930283989004,-8.251291051700004],[157.07131991972395,-8.252487058990646]]],[[[158.1020179204278,-8.684463994422273],[158.09930712020898,-8.685885880426486],[158.10074496005953,-8.68294405906105],[158.1020179204278,-8.684463994422273]]],[[[157.91462316007323,-8.506890078140476],[157.9115689204466,-8.508508985747973],[157.91304600050532,-8.505525910777514],[157.91462316007323,-8.506890078140476]]],[[[158.1043730398964,-8.693169958826788],[158.10200999998193,-8.697263977964903],[158.10223788011166,-8.69247993798191],[158.1043730398964,-8.693169958826788]]],[[[157.91438087994953,-8.417963960469676],[157.9134358801184,-8.419439013263492],[157.91090112005088,-8.41755210569085],[157.91438087994953,-8.417963960469676]]],[[[158.1350918401319,-8.6245099921584],[158.1333570001805,-8.625782970553944],[158.13340884015895,-8.623111009187907],[158.1350918401319,-8.6245099921584]]],[[[157.85585712051105,-8.368482881361235],[157.8543688797832,-8.369712011962074],[157.8538209604605,-8.366530013251445],[157.85585712051105,-8.368482881361235]]],[[[158.14688508038702,-8.528352059912034],[158.14279187984548,-8.53006201671554],[158.14304711996377,-8.528216950388629],[158.14688508038702,-8.528352059912034]]],[[[158.15220299996952,-8.590050023281336],[158.1491300403506,-8.591320982226367],[158.14977804008083,-8.589558973870165],[158.15220299996952,-8.590050023281336]]],[[[157.92877908001833,-8.566698933255273],[157.92820091980988,-8.568671967382043],[157.9263930001135,-8.564875047489641],[157.92877908001833,-8.566698933255273]]],[[[157.3994761198618,-8.44753605198418],[157.39747704046957,-8.445646967692559],[157.39762212018456,-8.443258979766641],[157.3994761198618,-8.44753605198418]]],[[[157.10185512048506,-8.228351015059243],[157.1004651599409,-8.22923800734011],[157.09944096014277,-8.225926961295638],[157.10185512048506,-8.228351015059243]]],[[[157.10865912034708,-8.235084023532286],[157.10724899981133,-8.236292016010953],[157.1074250399626,-8.232767076075328],[157.10865912034708,-8.235084023532286]]],[[[157.17856716021097,-8.308886087372779],[157.17540491973097,-8.30812591107038],[157.17618288052992,-8.306579014606164],[157.17856716021097,-8.308886087372779]]],[[[157.91166899995574,-8.506377915105077],[157.90802688034927,-8.507057060575123],[157.90934591980007,-8.504180964943544],[157.91166899995574,-8.506377915105077]]],[[[158.1072660004885,-8.671479937224179],[158.10384600011585,-8.670785961592244],[158.10532884017215,-8.668344934546415],[158.1072660004885,-8.671479937224179]]],[[[157.5745380004105,-8.370680959802836],[157.57300188037638,-8.372768080555248],[157.57152695986755,-8.370848891154166],[157.5745380004105,-8.370680959802836]]],[[[156.9911180401036,-8.088671941441774],[156.98893212011538,-8.08801898225927],[156.988432080099,-8.085381115844337],[156.9911180401036,-8.088671941441774]]],[[[157.84509600049992,-8.569997996405126],[157.8423758398359,-8.568574961903739],[157.84363799975955,-8.567453974112572],[157.84509600049992,-8.569997996405126]]],[[[158.13251892052944,-8.704593028938161],[158.13052704023588,-8.704243936552329],[158.1310688402349,-8.700828969665551],[158.13251892052944,-8.704593028938161]]],[[[158.1261080405037,-8.711307922525275],[158.12306387997455,-8.71223205632994],[158.1235538399951,-8.7106040566067],[158.1261080405037,-8.711307922525275]]],[[[156.69900287978197,-7.676422933647532],[156.6943718399135,-7.677835933561926],[156.69094499976825,-7.677272946417665],[156.69900287978197,-7.676422933647532]]],[[[157.86058787966422,-8.57153493924399],[157.86018108028279,-8.573014918711143],[157.85749583982874,-8.572878045012667],[157.86058787966422,-8.57153493924399]]],[[[157.93704287994632,-8.522130037717796],[157.9336380000165,-8.522960998652495],[157.93376903996193,-8.521510018810572],[157.93704287994632,-8.522130037717796]]],[[[156.6384220798525,-7.606168034447212],[156.63482208045306,-7.609558999659041],[156.63571092030756,-7.606490075659631],[156.6384220798525,-7.606168034447212]]],[[[157.10252796042948,-8.202612926602875],[157.1013349204771,-8.203196930455295],[157.09992587971627,-8.200614873482179],[157.10252796042948,-8.202612926602875]]],[[[156.56906591998342,-7.570851944077831],[156.56706683969284,-7.572825028764517],[156.56500116010375,-7.572575047836169],[156.56906591998342,-7.570851944077831]]],[[[157.84665407985125,-8.359277104803049],[157.8444400803239,-8.356204011338567],[157.84622315980607,-8.356064033849051],[157.84665407985125,-8.359277104803049]]],[[[157.92487884029475,-8.564940904390793],[157.92178283978717,-8.565454057234746],[157.9220240401359,-8.563846961046739],[157.92487884029475,-8.564940904390793]]],[[[157.97826792029906,-8.441574097914392],[157.97619684003848,-8.442384936054578],[157.97519495978187,-8.440424962013017],[157.97826792029906,-8.441574097914392]]],[[[157.11070283972077,-8.271146021225695],[157.10873688031475,-8.272077093372804],[157.10857812015624,-8.270351927251541],[157.11070283972077,-8.271146021225695]]],[[[157.10608800007014,-8.230028087126378],[157.10419295996084,-8.227967998948461],[157.1058421203971,-8.227550956004528],[157.10608800007014,-8.230028087126378]]],[[[157.92117984026282,-8.555948968654109],[157.91857596022405,-8.55815897066531],[157.91913216021706,-8.555212061771526],[157.92117984026282,-8.555948968654109]]],[[[157.11579216052132,-8.228483912248402],[157.1132430004598,-8.228550895550462],[157.11404183990257,-8.22685493301662],[157.11579216052132,-8.228483912248402]]],[[[156.04185888030167,-7.033862968105286],[156.0388190397707,-7.036787918559548],[156.0403270802657,-7.034096993116999],[156.04185888030167,-7.033862968105286]]],[[[157.20132888039083,-8.335372021595342],[157.19872788035087,-8.33628210393378],[157.1986209601708,-8.334795871948653],[157.20132888039083,-8.335372021595342]]],[[[157.83143400034916,-8.586554998052385],[157.8298478396621,-8.58768198087873],[157.82972904016074,-8.584142972193614],[157.83143400034916,-8.586554998052385]]],[[[155.67358212024953,-7.050728029371606],[155.67108192016764,-7.051370950435427],[155.67155784041861,-7.049841086782301],[155.67358212024953,-7.050728029371606]]],[[[157.91305211982902,-8.51197197160555],[157.9091140798966,-8.511667027623226],[157.9121611204246,-8.510248048257798],[157.91305211982902,-8.51197197160555]]],[[[155.79288108043488,-7.104870996746689],[155.79029700016335,-7.106249924942189],[155.79030312038537,-7.104733103517161],[155.79288108043488,-7.104870996746689]]],[[[156.56459112049907,-7.8167269632049585],[156.56304383979582,-7.817034043471134],[156.56208695974505,-7.814745027319318],[156.56459112049907,-7.8167269632049585]]],[[[155.7036259200924,-7.01335189036247],[155.70171503998967,-7.014237115706907],[155.70186299970348,-7.012570996713759],[155.7036259200924,-7.01335189036247]]],[[[157.80059387993958,-8.286882042918627],[157.79853216012427,-8.28773808952519],[157.7974950003315,-8.285884922236578],[157.80059387993958,-8.286882042918627]]],[[[157.11699312002128,-8.126781971627736],[157.11660107995993,-8.12817400784042],[157.1118541196906,-8.126093970165613],[157.11699312002128,-8.126781971627736]]],[[[157.19075892007555,-8.317992955780882],[157.18829400042813,-8.319144056179553],[157.188079080293,-8.317851004970601],[157.19075892007555,-8.317992955780882]]],[[[157.15989396035005,-8.289894940747574],[157.15754496020517,-8.288927930586242],[157.1588571598834,-8.287870967356081],[157.15989396035005,-8.289894940747574]]],[[[157.3124788803758,-8.404524056306695],[157.3113470399487,-8.40603797888746],[157.31068284000068,-8.403699962232057],[157.3124788803758,-8.404524056306695]]],[[[157.83546491979376,-8.582364911205097],[157.83480396006897,-8.583623971532921],[157.83333696000602,-8.580820003286899],[157.83546491979376,-8.582364911205097]]],[[[157.1163451202911,-8.113745027360242],[157.1151038399096,-8.115415988172275],[157.11409404010544,-8.113213996031995],[157.1163451202911,-8.113745027360242]]],[[[158.13110699976986,-8.684825026936297],[158.12963315993434,-8.686925912022017],[158.12916911990294,-8.685283034235866],[158.13110699976986,-8.684825026936297]]],[[[157.0723660797375,-8.148542947674905],[157.0654551596954,-8.147600003664563],[157.06788084003293,-8.147492024353019],[157.0723660797375,-8.148542947674905]]],[[[158.17496796037256,-8.718477993957904],[158.17285187990615,-8.719422036622671],[158.1727280399577,-8.71792697513099],[158.17496796037256,-8.718477993957904]]],[[[157.85712287998405,-8.575242085857996],[157.8559658400166,-8.57592199858479],[157.85347212038116,-8.57412200764327],[157.85712287998405,-8.575242085857996]]],[[[157.13358516052415,-8.268608939813781],[157.131161999961,-8.270550005490445],[157.13210987979093,-8.268600033427393],[157.13358516052415,-8.268608939813781]]],[[[157.8690838797201,-8.361667033673859],[157.86676800045979,-8.361610936839055],[157.86785016045837,-8.360295943062374],[157.8690838797201,-8.361667033673859]]],[[[157.18366907988337,-8.297171934711717],[157.17706704016183,-8.303693060354691],[157.176407160212,-8.302907937646589],[157.18366907988337,-8.297171934711717]]],[[[156.58426296039335,-7.566433080575999],[156.58145207976708,-7.565368014417637],[156.58271603991457,-7.564140035555494],[156.58426296039335,-7.566433080575999]]],[[[157.13911512024288,-8.265756909038565],[157.13680500008186,-8.265405992183517],[157.13757107976286,-8.264083016035372],[157.13911512024288,-8.265756909038565]]],[[[157.9414690796755,-8.545118956523131],[157.94085492038033,-8.546678071619574],[157.94034300014434,-8.543594011357268],[157.9414690796755,-8.545118956523131]]],[[[157.89546612041374,-8.457950066695462],[157.89256092027588,-8.458153035546573],[157.89294215989256,-8.45646590309569],[157.89546612041374,-8.457950066695462]]],[[[158.0315619603429,-8.505338099599115],[158.02991099968284,-8.507130938615138],[158.0305669198589,-8.504561929975411],[158.0315619603429,-8.505338099599115]]],[[[158.14251612040945,-8.517617926137993],[158.13965016047982,-8.517452016121029],[158.14184904046263,-8.515936930132789],[158.14251612040945,-8.517617926137993]]],[[[158.0765648404702,-8.516859049098683],[158.07454308041363,-8.517620062532893],[158.0750920804097,-8.51608094469082],[158.0765648404702,-8.516859049098683]]],[[[157.53194783972785,-8.289703996733259],[157.52957183981883,-8.290125961636946],[157.53015900024806,-8.287950942787173],[157.53194783972785,-8.289703996733259]]],[[[157.14710891983415,-8.3008818936554],[157.14474695969471,-8.301711014429836],[157.1453319596757,-8.299600002810491],[157.14710891983415,-8.3008818936554]]],[[[157.90709807983768,-8.519955073261487],[157.90417488015646,-8.51967292232318],[157.90568003975434,-8.516912097792611],[157.90709807983768,-8.519955073261487]]],[[[158.15453184012276,-8.539983924913596],[158.15295899965471,-8.539343998915296],[158.15408615985916,-8.536539882615063],[158.15453184012276,-8.539983924913596]]],[[[158.00955408029836,-8.534418937242055],[158.00791499985795,-8.535323922466448],[158.00724611968724,-8.533555069017327],[158.00955408029836,-8.534418937242055]]],[[[157.9693809599568,-8.449972975589526],[157.9684921201023,-8.453145030236543],[157.96733903990864,-8.452378013724013],[157.9693809599568,-8.449972975589526]]],[[[157.62861611967875,-8.128455016916442],[157.62583188038886,-8.128190045609037],[157.62656700053194,-8.126868930003335],[157.62861611967875,-8.128455016916442]]],[[[157.81360788036014,-8.577962974877574],[157.81088483969728,-8.575946916945876],[157.81180607998743,-8.575310967557003],[157.81360788036014,-8.577962974877574]]],[[[157.3370189998152,-8.3027300027753],[157.33401516016755,-8.304305946956601],[157.33562904016935,-8.302297008372802],[157.3370189998152,-8.3027300027753]]],[[[158.100433920189,-8.70818499562973],[158.09931107998275,-8.70991798138448],[158.097242879721,-8.708610058696989],[158.100433920189,-8.70818499562973]]],[[[158.14994903978504,-8.6478489743171],[158.1478840797465,-8.647514065581435],[158.14822212027948,-8.64604807935861],[158.14994903978504,-8.6478489743171]]],[[[157.15514988007948,-8.266740008058653],[157.152687119982,-8.267060997312026],[157.15330704017305,-8.265612979394664],[157.15514988007948,-8.266740008058653]]],[[[157.87356407987593,-8.395149965756197],[157.87136592034201,-8.393473065004818],[157.87239407991393,-8.393093058691987],[157.87356407987593,-8.395149965756197]]],[[[157.3329880803706,-8.309103026090835],[157.3318069197395,-8.311308028214356],[157.3313670003718,-8.309599064127942],[157.3329880803706,-8.309103026090835]]],[[[156.0187411200455,-7.029848969126835],[156.0182551197987,-7.031808006900907],[156.0170469603017,-7.030591960655885],[156.0187411200455,-7.029848969126835]]],[[[157.07959991986974,-8.149204896197574],[157.0775219998366,-8.149607053260615],[157.0747798798554,-8.148366012247926],[157.07959991986974,-8.149204896197574]]],[[[157.13400096012646,-8.149161953852616],[157.13144316006853,-8.149222892524321],[157.13194103963664,-8.147789947321634],[157.13400096012646,-8.149161953852616]]],[[[157.1099979604634,-8.235847903471518],[157.10845608043164,-8.23783598195328],[157.10853887994801,-8.235610972545372],[157.1099979604634,-8.235847903471518]]],[[[155.69693387995915,-7.006733992715915],[155.69439084011967,-7.00721207588272],[155.6947270804288,-7.005762998627996],[155.69693387995915,-7.006733992715915]]],[[[158.16949883995474,-8.548754092723206],[158.16946788041682,-8.55040504081765],[158.16766212027034,-8.548486024483028],[158.16949883995474,-8.548754092723206]]],[[[157.10929488053156,-8.240438994723627],[157.1082418798471,-8.241508020306142],[157.10821812030616,-8.23882395973558],[157.10929488053156,-8.240438994723627]]],[[[157.16122488002048,-8.273651023339461],[157.15949004006904,-8.2731139711667],[157.1589630002885,-8.271245060155593],[157.16122488002048,-8.273651023339461]]],[[[156.016306080161,-7.014284995246311],[156.0159698398519,-7.017078044709662],[156.01473215991803,-7.016214977119806],[156.016306080161,-7.014284995246311]]],[[[157.09285403996574,-8.150393014525076],[157.08784499980553,-8.15064906188774],[157.08789792045724,-8.149863991772833],[157.09285403996574,-8.150393014525076]]],[[[158.13432792000083,-8.660283989153811],[158.1333141604229,-8.66164208305932],[158.1337429200198,-8.658795986737843],[158.13432792000083,-8.660283989153811]]],[[[157.1927749201345,-8.335220994270268],[157.19144291979077,-8.336837058020011],[157.190824080273,-8.335554038234713],[157.1927749201345,-8.335220994270268]]],[[[157.26705084020094,-8.336086017764947],[157.26630492051152,-8.337578121968871],[157.26542112020576,-8.33582599432654],[157.26705084020094,-8.336086017764947]]],[[[157.53581711991345,-8.289716109584194],[157.5351410397458,-8.29211305343818],[157.53390984025845,-8.292007963885228],[157.53457116020766,-8.28962900925628],[157.53581711991345,-8.289716109584194]]],[[[157.1152590005187,-8.14926904117125],[157.11204996050733,-8.149661933718896],[157.112070120499,-8.148766032623403],[157.1152590005187,-8.14926904117125]]],[[[155.8311739199873,-7.100189934724895],[155.8285408797361,-7.100909057302321],[155.82773016007363,-7.099751959558067],[155.8311739199873,-7.100189934724895]]],[[[157.91343300011957,-8.518388016585108],[157.91060304017498,-8.519947063394929],[157.91164307996652,-8.516527941055],[157.91343300011957,-8.518388016585108]]],[[[157.18999607971944,-8.284826882323303],[157.18777883996884,-8.284923958140578],[157.1883159597452,-8.283663034552783],[157.18999607971944,-8.284826882323303]]],[[[156.0198139204971,-6.978690990131897],[156.0187598400377,-6.980833911416897],[156.0169249196788,-6.9802970203379955],[156.0198139204971,-6.978690990131897]]],[[[158.0597161198496,-8.75046701430245],[158.05810799984548,-8.751418981605926],[158.0585759996506,-8.749365069794994],[158.0597161198496,-8.75046701430245]]],[[[157.98061907999386,-8.472747948947665],[157.9783798800279,-8.474041018643286],[157.97963412040397,-8.471951061537588],[157.98061907999386,-8.472747948947665]]],[[[158.12747315993533,-8.675190908505098],[158.1257120397703,-8.6765870281626],[158.12480088037424,-8.675330058031944],[158.12747315993533,-8.675190908505098]]],[[[157.9968439197513,-8.496498929957358],[157.99511412024694,-8.498295014275099],[157.99428899969217,-8.497143911675524],[157.9968439197513,-8.496498929957358]]],[[[157.86939492048893,-8.581672907476825],[157.86594395968,-8.580022985603044],[157.86754091991338,-8.579933992543896],[157.86939492048893,-8.581672907476825]]],[[[158.1735121200804,-8.547173982525726],[158.1716858397179,-8.549146048816079],[158.17110012018634,-8.548026071627092],[158.1735121200804,-8.547173982525726]]],[[[157.1151610796612,-8.25549505440922],[157.11306911985844,-8.256033911683172],[157.11330707998394,-8.254667973802183],[157.1151610796612,-8.25549505440922]]],[[[158.10588504016516,-8.7053760830286],[158.10384204034207,-8.705478034988252],[158.1035788797779,-8.704041989382873],[158.10588504016516,-8.7053760830286]]],[[[157.11548904019836,-8.253838041252857],[157.1131630800439,-8.254071932847896],[157.11442091996935,-8.252717032712694],[157.11548904019836,-8.253838041252857]]],[[[157.13195616007954,-8.265508060751806],[157.12899804018824,-8.265042071909296],[157.12931484005637,-8.264229084052225],[157.13195616007954,-8.265508060751806]]],[[[158.1887199600367,-8.592468952770218],[158.18657292003232,-8.594296977988469],[158.1860548804726,-8.593050055864534],[158.1887199600367,-8.592468952770218]]],[[[156.05786411970138,-7.014365031709728],[156.05568900015788,-7.0170130159169375],[156.0568669196674,-7.0138610519840885],[156.05786411970138,-7.014365031709728]]],[[[157.6378580403224,-8.10796690996316],[157.63542012043914,-8.107825952821836],[157.63720500014514,-8.106973083031695],[157.6378580403224,-8.10796690996316]]],[[[157.28102603977214,-8.337258080431992],[157.27773491979497,-8.336709005045916],[157.27986792002977,-8.336302051005728],[157.28102603977214,-8.337258080431992]]],[[[157.5035110801142,-8.338582056712642],[157.5005050800183,-8.34173008827193],[157.4989261202266,-8.341984053466204],[157.5035110801142,-8.338582056712642]]],[[[155.6801730002003,-7.028940013028852],[155.67799499975968,-7.0293569761138155],[155.679751080376,-7.027678047430619],[155.6801730002003,-7.028940013028852]]],[[[157.95221291969375,-8.554798040184913],[157.9518849600549,-8.555908029867869],[157.9497908398039,-8.554814949928447],[157.95221291969375,-8.554798040184913]]],[[[157.16857499987972,-8.290280034543235],[157.16750184010195,-8.292435981324681],[157.16670804020788,-8.291040067775008],[157.16857499987972,-8.290280034543235]]],[[[157.4931441597144,-8.316756004089177],[157.48926012020868,-8.3103779395639],[157.4918819997908,-8.313335978047508],[157.4931441597144,-8.316756004089177]]],[[[157.20683507967033,-8.275390068835025],[157.20425388029588,-8.275768051494634],[157.20467004012258,-8.274410019780342],[157.20683507967033,-8.275390068835025]]],[[[157.99547988009465,-8.490146963417441],[157.99438908009967,-8.491092110653494],[157.99300596022638,-8.48991303570284],[157.99547988009465,-8.490146963417441]]],[[[156.9733110003312,-7.893426027724936],[156.97258596018392,-7.895780935214838],[156.97074204050247,-7.8967009290936945],[156.9733110003312,-7.893426027724936]]],[[[157.1823190799963,-8.177938093402487],[157.18016700044316,-8.178294966486776],[157.18058387982046,-8.176944974942554],[157.1823190799963,-8.177938093402487]]],[[[158.1228421200669,-8.650544961755472],[158.11919315978952,-8.649358017642895],[158.11992288015946,-8.648584989730573],[158.1228421200669,-8.650544961755472]]],[[[157.12803215991667,-8.28183995115222],[157.12686396017844,-8.282512007746638],[157.127247000019,-8.280266054338965],[157.12803215991667,-8.28183995115222]]],[[[157.8672770397987,-8.587463063034225],[157.86507600026593,-8.588580076656504],[157.8650310000601,-8.587505956450316],[157.8672770397987,-8.587463063034225]]],[[[157.84085016002194,-8.336853086334937],[157.8390058801161,-8.336252895943163],[157.83959195987208,-8.335233995019378],[157.84085016002194,-8.336853086334937]]],[[[157.86143604020938,-8.374816902046614],[157.8592641599908,-8.374734985431173],[157.85969112026217,-8.373592953201811],[157.86143604020938,-8.374816902046614]]],[[[157.61142395965035,-8.049958933977154],[157.61052900047216,-8.050736891063798],[157.60933812006968,-8.049098990663389],[157.61142395965035,-8.049958933977154]]],[[[156.76662887992222,-8.017943942495593],[156.76389107993924,-8.016729945389043],[156.7658041204902,-8.016488963220443],[156.76662887992222,-8.017943942495593]]],[[[158.17944888007895,-8.674883070785805],[158.17800096023268,-8.677245939364655],[158.17739184048625,-8.67653595971106],[158.17944888007895,-8.674883070785805]]],[[[157.08651515991005,-8.150014912692791],[157.08159792038532,-8.149653024629686],[157.0820349597542,-8.149102084836551],[157.08651515991005,-8.150014912692791]]],[[[158.1275728801184,-8.569064970304453],[158.1265159196602,-8.569918968829354],[158.12606087984963,-8.568380951766061],[158.1275728801184,-8.569064970304453]]],[[[156.75597683964114,-7.70279911247579],[156.75516899997749,-7.703562917123049],[156.75355404020073,-7.702052074310214],[156.75597683964114,-7.70279911247579]]],[[[157.9371559203484,-8.550602975873147],[157.93534403997992,-8.549894004531822],[157.93601507970052,-8.548947045332433],[157.9371559203484,-8.550602975873147]]],[[[157.18697891985278,-8.295019931610843],[157.18524300012638,-8.29644201479736],[157.18533984031066,-8.29502206924877],[157.18697891985278,-8.295019931610843]]],[[[157.6123891203714,-8.380946921109627],[157.61132783991496,-8.38261995836578],[157.61073888016017,-8.381690929189118],[157.6123891203714,-8.380946921109627]]],[[[156.6099720000198,-7.566536036441681],[156.60841896021728,-7.566389007720272],[156.6087519603032,-7.5648830331582575],[156.6099720000198,-7.566536036441681]]],[[[157.60672200048518,-8.038502025964751],[157.6054879201007,-8.038909997579342],[157.60488312035247,-8.03719897412133],[157.60672200048518,-8.038502025964751]]],[[[155.822523120445,-6.995273087500045],[155.82157703994062,-6.996288947821454],[155.82062591988745,-6.994172003420247],[155.822523120445,-6.995273087500045]]],[[[157.9060821598115,-8.505941944073651],[157.90327416008233,-8.505257099957586],[157.90427495966563,-8.504204108404691],[157.9060821598115,-8.505941944073651]]],[[[157.10150087973426,-8.14987503928815],[157.09872887999006,-8.150571909343325],[157.0987378802109,-8.149643045876616],[157.10150087973426,-8.14987503928815]]],[[[155.82452688005986,-7.093727965266358],[155.82373884016343,-7.094200956524794],[155.8224831597879,-7.09174900621152],[155.82452688005986,-7.093727965266358]]],[[[157.81768199978674,-8.576487997884213],[157.81678883993405,-8.577678018770952],[157.81602096002916,-8.576434958481919],[157.81768199978674,-8.576487997884213]]],[[[157.1994190800631,-8.287460933962365],[157.19730300049497,-8.287458084021177],[157.197657959898,-8.286452950065064],[157.1994190800631,-8.287460933962365]]],[[[157.6275739203373,-8.15871509088899],[157.62609108028096,-8.15915305278213],[157.6259589596622,-8.15768397272872],[157.6275739203373,-8.15871509088899]]],[[[158.0592740400337,-8.507057060575123],[158.0577001197907,-8.50747896675964],[158.05821204002675,-8.505828901216159],[158.0592740400337,-8.507057060575123]]],[[[157.4028280800382,-8.284591939918453],[157.40150400014033,-8.285140019931099],[157.40146187993332,-8.28318602281423],[157.4028280800382,-8.284591939918453]]],[[[157.37213592024077,-8.583339909366623],[157.36987295983548,-8.583628954387562],[157.3703650803043,-8.582351028368839],[157.37213592024077,-8.583339909366623]]],[[[156.5635791602467,-7.813122949379811],[156.56161392039115,-7.811832023822828],[156.5627799596811,-7.811063066437273],[156.5635791602467,-7.813122949379811]]],[[[157.60426608016024,-8.035534997885351],[157.60421316040686,-8.036766940379419],[157.6019631599962,-8.036309952179481],[157.60426608016024,-8.035534997885351]]],[[[157.5557618401433,-8.284008056932873],[157.55441111980736,-8.285086048787663],[157.5540961201631,-8.283477965481968],[157.5557618401433,-8.284008056932873]]],[[[157.50152604049154,-8.291960939956304],[157.4999488800253,-8.291906080339142],[157.49948088022018,-8.290369984644924],[157.50152604049154,-8.291960939956304]]],[[[157.94317188031397,-8.520298995684499],[157.94168292003562,-8.521400897445021],[157.94212499985153,-8.51830292581099],[157.94317188031397,-8.520298995684499]]],[[[158.10232716007448,-8.700325076502079],[158.1009001197703,-8.702753084254777],[158.1008040000349,-8.701093016134028],[158.10232716007448,-8.700325076502079]]],[[[158.102738999903,-8.604353003959178],[158.10179507984685,-8.60541105881414],[158.10093000043165,-8.604351936455298],[158.102738999903,-8.604353003959178]]],[[[157.44531311986634,-8.276257006643506],[157.44381912003922,-8.277257891505814],[157.44325896027243,-8.276460959989267],[157.44531311986634,-8.276257006643506]]],[[[158.0629640398448,-8.503109989647777],[158.06254607979426,-8.505792051052731],[158.06210004020454,-8.502364969265429],[158.0629640398448,-8.503109989647777]]],[[[158.14204308015724,-8.65779200078802],[158.1408899999636,-8.659273956248189],[158.1407049604898,-8.658029028563735],[158.14204308015724,-8.65779200078802]]],[[[157.93896600049308,-8.51655393110232],[157.9383259203104,-8.520907978785809],[157.9383730800662,-8.515792915519809],[157.93896600049308,-8.51655393110232]]],[[[158.1416499603209,-8.624526008321292],[158.1399219601421,-8.625286984911526],[158.139852119722,-8.62410796970492],[158.1416499603209,-8.624526008321292]]],[[[158.13057204044176,-8.696723959189557],[158.1293361598334,-8.696925910357848],[158.12985384006703,-8.695714024713666],[158.13057204044176,-8.696723959189557]]],[[[158.1641600399318,-8.594251949391058],[158.16253104038546,-8.595641961089584],[158.16263292011848,-8.594312105836432],[158.1641600399318,-8.594251949391058]]],[[[157.3045549203063,-8.324714992438087],[157.30289999987244,-8.325948000724326],[157.30372007998014,-8.324177119855483],[157.3045549203063,-8.324714992438087]]],[[[157.11500916017357,-8.27039895290089],[157.11427008025672,-8.271128030495962],[157.11377184046418,-8.268971966383802],[157.11500916017357,-8.27039895290089]]],[[[157.4326299599818,-8.265878928211125],[157.43167703970482,-8.26717998791126],[157.43049084042326,-8.26671311069563],[157.4326299599818,-8.265878928211125]]],[[[157.92348096020305,-8.559860962786264],[157.9212781204465,-8.560140948359395],[157.9220798398881,-8.559106975191288],[157.92348096020305,-8.559860962786264]]],[[[157.31439804025047,-8.355918000473107],[157.31301888015096,-8.357783124449153],[157.31263404008664,-8.35646295283017],[157.31439804025047,-8.355918000473107]]],[[[157.49765208008333,-8.278660979158632],[157.49648496012009,-8.279939910197724],[157.4969428799294,-8.277374919320799],[157.49765208008333,-8.278660979158632]]],[[[157.35739391964134,-8.404794006375408],[157.35427307981783,-8.404485060193483],[157.35372192027188,-8.403391015167186],[157.35739391964134,-8.404794006375408]]],[[[158.14373399967778,-8.71002206738438],[158.14284912049536,-8.71073803290038],[158.1419509201956,-8.7087470603525],[158.14373399967778,-8.71002206738438]]],[[[157.3180639202962,-8.414095036262415],[157.31680716014571,-8.414801944765525],[157.31661708022486,-8.4134360264901],[157.3180639202962,-8.414095036262415]]],[[[157.1255668800448,-8.284547944015355],[157.12375284012634,-8.283881946117384],[157.1243630396477,-8.283015916550042],[157.1255668800448,-8.284547944015355]]],[[[157.30348896052556,-8.349985982401137],[157.3021789203973,-8.351278927765936],[157.302074880216,-8.35015695029947],[157.30348896052556,-8.349985982401137]]],[[[157.89466512052266,-8.446752999556077],[157.89422088025847,-8.448125031833943],[157.89297383987935,-8.447581988042835],[157.89466512052266,-8.446752999556077]]],[[[158.16042215991607,-8.522719080535364],[158.15843100007135,-8.522060078543806],[158.159238839735,-8.521260089030468],[158.16042215991607,-8.522719080535364]]],[[[157.12309908039853,-8.299450921072625],[157.12162415988973,-8.29975692269944],[157.1220320399445,-8.298315971001967],[157.12309908039853,-8.299450921072625]]],[[[155.68873416045363,-7.086675907351832],[155.68700292005158,-7.086905976614981],[155.68750800051504,-7.085222970002963],[155.68873416045363,-7.086675907351832]]],[[[157.51702008010412,-8.30004903006588],[157.51415915972322,-8.30097807515987],[157.51521612018146,-8.299225961566176],[157.51702008010412,-8.30004903006588]]],[[[157.23641699993004,-8.186698061632212],[157.23561492026397,-8.187310059749683],[157.23334404031118,-8.186153942770163],[157.23641699993004,-8.186698061632212]]],[[[157.66921512051678,-8.212048982088652],[157.66698887964705,-8.21186102944605],[157.66669799976816,-8.210988072192636],[157.66921512051678,-8.212048982088652]]],[[[157.0451911198231,-8.240344936190032],[157.044171960472,-8.24126503608166],[157.04408088028535,-8.239488073933567],[157.0451911198231,-8.240344936190032]]],[[[157.20962507985615,-8.281479964648891],[157.2086609998084,-8.28240299721043],[157.20842088013293,-8.280761950289703],[157.20962507985615,-8.281479964648891]]],[[[157.1094489604674,-8.219771006678805],[157.10778000026397,-8.220216027060196],[157.107925079979,-8.21916190784978],[157.1094489604674,-8.219771006678805]]],[[[157.34030688046747,-8.399562011864319],[157.33827287996687,-8.400526077073216],[157.33766303977163,-8.399779077522703],[157.34030688046747,-8.399562011864319]]],[[[156.12009696006592,-6.691340888815099],[156.11906592049522,-6.69324804535575],[156.11845608029998,-6.692345060796381],[156.12009696006592,-6.691340888815099]]],[[[157.34299895979575,-8.304105035224289],[157.3405120799329,-8.304499911655043],[157.34202408020164,-8.303511919904587],[157.34299895979575,-8.304105035224289]]],[[[157.13482716045618,-8.25784589165596],[157.13282088016862,-8.257385059732139],[157.13336087994378,-8.25676800329423],[157.13482716045618,-8.25784589165596]]],[[[156.01165596007596,-7.016598007159306],[156.00965616023484,-7.017754955706742],[156.00885084034556,-7.017131997374647],[156.01165596007596,-7.016598007159306]]],[[[157.94192591970986,-8.552715110025959],[157.94053200029023,-8.554374049868064],[157.9398019196959,-8.553706024666347],[157.94192591970986,-8.552715110025959]]],[[[156.1573000802966,-6.841555968044015],[156.15568908029363,-6.8437659936211945],[156.15489707972506,-6.842998044161968],[156.1573000802966,-6.841555968044015]]],[[[157.93411212004366,-8.47297298559824],[157.93259003977911,-8.473473977529448],[157.9327538403846,-8.472327963650867],[157.93411212004366,-8.47297298559824]]],[[[157.3111861202403,-8.356184066191085],[157.310829000389,-8.35783993486847],[157.30978392015038,-8.358122916852983],[157.3111861202403,-8.356184066191085]]],[[[157.09743504007963,-8.150084046905972],[157.0933321197667,-8.150381076385493],[157.09387608021396,-8.149854013920216],[157.09743504007963,-8.150084046905972]]],[[[157.1172739199044,-8.26238595957823],[157.11627888031865,-8.26328498907395],[157.11588899980725,-8.261919076613939],[157.1172739199044,-8.26238595957823]]],[[[157.2269079598468,-8.289119943370197],[157.22622611968154,-8.290332935685367],[157.22575704010143,-8.288670903464345],[157.2269079598468,-8.289119943370197]]],[[[155.55355487969368,-7.408983001761056],[155.55174515977345,-7.4102710354061125],[155.55253284034382,-7.408619045773786],[155.55355487969368,-7.408983001761056]]],[[[157.13310492027495,-8.281036972022935],[157.13157095979074,-8.280969107397175],[157.1320260004996,-8.280085971365533],[157.13310492027495,-8.281036972022935]]],[[[157.52485583998572,-8.300238010333105],[157.51964807990822,-8.299510054849112],[157.5229589996526,-8.29914812517972],[157.52485583998572,-8.300238010333105]]],[[[157.17454199986568,-8.285408092188012],[157.1728150803601,-8.286180068958194],[157.1730231598243,-8.285099942447488],[157.17454199986568,-8.285408092188012]]],[[[157.8628850398307,-8.368581896261405],[157.86113687966025,-8.367274939393923],[157.86192204045622,-8.366897045282965],[157.8628850398307,-8.368581896261405]]],[[[157.56662195988864,-8.321514995381175],[157.56467507980088,-8.322229017162618],[157.56523488024155,-8.321254071885626],[157.56662195988864,-8.321514995381175]]],[[[157.5336261603765,-8.290825078545858],[157.53184703976981,-8.29152401613189],[157.5314499601597,-8.290223927344734],[157.5336261603765,-8.290825078545858]]],[[[156.01955688015502,-6.986437010366934],[156.01836491997756,-6.987932064120366],[156.0188160000143,-6.986078075537956],[156.01955688015502,-6.986437010366934]]],[[[156.82626108047123,-8.05481806726456],[156.82372991995308,-8.054332049781024],[156.8253330004085,-8.05371093774395],[156.82626108047123,-8.05481806726456]]],[[[158.1776459999313,-8.643938957405158],[158.17625784050924,-8.64458493462133],[158.17615200010417,-8.643542115875947],[158.1776459999313,-8.643938957405158]]],[[[157.18942007995926,-8.201587979043802],[157.18839983993487,-8.202180000905942],[157.188665160049,-8.200230049201735],[157.18942007995926,-8.201587979043802]]],[[[157.41145907981328,-8.277134095201008],[157.41007415971617,-8.276366909255994],[157.41077400032313,-8.275511906915554],[157.41145907981328,-8.277134095201008]]],[[[157.77881783979848,-8.247877047354487],[157.7778829199632,-8.249318004283339],[157.77672011999817,-8.248856984196644],[157.77881783979848,-8.247877047354487]]],[[[157.31156412053207,-8.399523904419523],[157.310316000378,-8.40019700567798],[157.3095060002661,-8.398909921397758],[157.31156412053207,-8.399523904419523]]],[[[157.07709395979023,-8.151332032170448],[157.07667816018795,-8.15224503299856],[157.07514816037582,-8.151325082519477],[157.07709395979023,-8.151332032170448]]],[[[157.92099516011513,-8.513011946823791],[157.92066611980297,-8.51399709048296],[157.91991300011654,-8.511440945298457],[157.92099516011513,-8.513011946823791]]],[[[157.91556888035322,-8.509801044463957],[157.9147689602371,-8.51047395333444],[157.91529816046594,-8.508087970527328],[157.91556888035322,-8.509801044463957]]],[[[157.86939492048893,-8.391482926940087],[157.86785700023094,-8.391290074117356],[157.86838296023654,-8.390408967961562],[157.86939492048893,-8.391482926940087]]],[[[155.84581799972912,-7.101813942380932],[155.8441360804294,-7.102329078585108],[155.8443038399104,-7.101358106326278],[155.84581799972912,-7.101813942380932]]],[[[155.70808992003037,-7.002483039218917],[155.70711287998805,-7.004112034268438],[155.706492959797,-7.003370965511725],[155.70808992003037,-7.002483039218917]]],[[[157.9610480400576,-8.546429937976622],[157.9597149599389,-8.546830084624789],[157.96041191964872,-8.545371006721014],[157.9610480400576,-8.546429937976622]]],[[[157.883479920239,-8.423282954951071],[157.88175516028338,-8.423673080995858],[157.88331000030973,-8.422459968429184],[157.883479920239,-8.423282954951071]]],[[[155.67973595993314,-7.027491003409477],[155.6782178403406,-7.026415006760478],[155.67912000041414,-7.025810997192852],[155.67973595993314,-7.027491003409477]]],[[[157.93975512016453,-8.545786996973852],[157.9378111200756,-8.54618109239046],[157.93814304038656,-8.54502497182713],[157.93975512016453,-8.545786996973852]]],[[[157.33073807995996,-8.310698002462974],[157.32886284051614,-8.311196888223432],[157.32921708036866,-8.309921087171585],[157.33073807995996,-8.310698002462974]]],[[[157.78699884021012,-8.275294950311723],[157.7866190396945,-8.276024909082357],[157.78391291969834,-8.274980023164812],[157.78699884021012,-8.275294950311723]]],[[[157.8506860799691,-8.365460080947166],[157.8500809199965,-8.366650932473188],[157.84873992033025,-8.366190050243235],[157.8506860799691,-8.365460080947166]]],[[[157.30916399995937,-8.357876976463352],[157.3073639998105,-8.358817994064687],[157.306986000417,-8.35788196317569],[157.30916399995937,-8.357876976463352]]],[[[157.1290491597178,-8.286416970021769],[157.12803215991667,-8.286864943245662],[157.1278579199892,-8.285389924052026],[157.1290491597178,-8.286416970021769]]],[[[157.46614704017512,-8.279706923595983],[157.4641540801066,-8.28009006784228],[157.46497704021309,-8.279118936782197],[157.46614704017512,-8.279706923595983]]],[[[157.1373320398624,-8.291771066233752],[157.1358679197983,-8.292320917637461],[157.13653284019517,-8.291117905788484],[157.1373320398624,-8.291771066233752]]],[[[157.52715515970212,-8.252686036721533],[157.5256669198726,-8.252847072309853],[157.52623500008522,-8.251915954190308],[157.52715515970212,-8.252686036721533]]],[[[158.1371870401579,-8.64867200867453],[158.136788160324,-8.6499089597258],[158.1359860797596,-8.64904108312467],[158.1371870401579,-8.64867200867453]]],[[[157.171605119741,-8.292855983670893],[157.17017015988932,-8.293389090277001],[157.17033612004477,-8.292372036975165],[157.171605119741,-8.292855983670893]]],[[[157.86998388024372,-8.380507959056807],[157.86815688033064,-8.381258022529078],[157.86845891998033,-8.38024493834509],[157.86998388024372,-8.380507959056807]]],[[[157.09718987995709,-8.175322911752017],[157.09590612004249,-8.17648707757298],[157.0958668798342,-8.175423043634646],[157.09718987995709,-8.175322911752017]]],[[[155.81769696020865,-7.090585990367912],[155.81651615980195,-7.091829029111284],[155.81616084017446,-7.090806947643097],[155.81769696020865,-7.090585990367912]]],[[[157.12800696037633,-8.248451008295602],[157.127145120286,-8.249270976089278],[157.12664291982134,-8.248304043948822],[157.12800696037633,-8.248451008295602]]],[[[157.79566512041967,-8.282590025537315],[157.7954109600763,-8.283257984390907],[157.7937520798687,-8.28240602525647],[157.79566512041967,-8.282590025537315]]],[[[157.17831011986885,-8.290371944244407],[157.17669084009387,-8.290197921927485],[157.1773219200557,-8.289379998186382],[157.17831011986885,-8.290371944244407]]],[[[158.02438787973665,-8.527185026769539],[158.0231998802313,-8.527295037125706],[158.02362504027886,-8.525880921263106],[158.02438787973665,-8.527185026769539]]],[[[157.27037112039056,-8.470952991245202],[157.26919788020533,-8.470933941089752],[157.2690250802773,-8.468960047347867],[157.27037112039056,-8.470952991245202]]],[[[155.64826692000997,-7.071166896003586],[155.6476250405018,-7.072137932711217],[155.64714192025377,-7.0708939472839],[155.64826692000997,-7.071166896003586]]],[[[157.5107830797814,-8.286911076568883],[157.51025208022708,-8.287746995473055],[157.50935712015055,-8.286247042343806],[157.5107830797814,-8.286911076568883]]],[[[158.1479258397291,-8.692385989502338],[158.1471280800613,-8.693591124135619],[158.14626011974892,-8.69205699176058],[158.1479258397291,-8.692385989502338]]],[[[157.3330640401144,-8.307020018551643],[157.3304248796412,-8.309003996820575],[157.33056708025575,-8.308082986172431],[157.3330640401144,-8.307020018551643]]],[[[157.93054703995597,-8.566766036276784],[157.92948899972276,-8.566790065570142],[157.93023095963844,-8.56512904263198],[157.93054703995597,-8.566766036276784]]],[[[157.32325907970522,-8.347498030753185],[157.32168695968602,-8.347612009798118],[157.3220660397528,-8.34679100098312],[157.32325907970522,-8.347498030753185]]],[[[157.81001292050948,-8.247142939005915],[157.8096820799735,-8.248209987310545],[157.8086161201927,-8.24620592959428],[157.81001292050948,-8.247142939005915]]],[[[157.9698680399786,-8.497216901811475],[157.96877291998538,-8.497979912426718],[157.96854396008072,-8.496734990116945],[157.9698680399786,-8.497216901811475]]],[[[157.93554995989416,-8.511602941019953],[157.93357392049234,-8.513047906480697],[157.93417511979283,-8.511782027201697],[157.93554995989416,-8.511602941019953]]],[[[158.1218949597875,-8.585903047057103],[158.12149895995236,-8.587041067699408],[158.1205388396784,-8.586089929301012],[158.1218949597875,-8.585903047057103]]],[[[156.69050111972845,-7.677845923894021],[156.68755883983061,-7.6786010320814615],[156.6872830803946,-7.677950992636324],[156.69050111972845,-7.677845923894021]]],[[[156.0912750001635,-6.777741962164695],[156.0883319998168,-6.778611005191087],[156.08789784044674,-6.778059944210907],[156.0912750001635,-6.777741962164695]]],[[[155.845239840419,-7.020492067184531],[155.84405688046238,-7.020977996331276],[155.84310611973535,-7.020151023642954],[155.845239840419,-7.020492067184531]]],[[[157.92916104008387,-8.55738397652331],[157.9287769204684,-8.55815897066531],[157.92806411986686,-8.555691051722485],[157.92916104008387,-8.55738397652331]]],[[[156.02923799971745,-6.985425059689482],[156.02724107987515,-6.986829891717693],[156.02817491993548,-6.985224955931873],[156.02923799971745,-6.985425059689482]]],[[[157.35195108033545,-8.402921094872445],[157.3496481601714,-8.402900083184688],[157.34985083986243,-8.402252093581815],[157.35195108033545,-8.402921094872445]]],[[[157.3390558803146,-8.316604969488408],[157.33785096014253,-8.318306066594719],[157.3382329202081,-8.316487953511102],[157.3390558803146,-8.316604969488408]]],[[[155.7938851202414,-7.105933057664261],[155.7934041604417,-7.106974931574006],[155.79277308047986,-7.105699068622433],[155.7938851202414,-7.105933057664261]]],[[[157.89187800033562,-8.455430937975349],[157.89085703986242,-8.456358899737353],[157.89090384029208,-8.45454410170288],[157.89187800033562,-8.455430937975349]]],[[[157.90876200049237,-8.512590046815466],[157.9082209200439,-8.513306030558107],[157.90646411987706,-8.512381054651183],[157.90876200049237,-8.512590046815466]]],[[[157.8842571596908,-8.403616982821061],[157.88357999974815,-8.404250011784004],[157.88273291987628,-8.40281995268886],[157.8842571596908,-8.403616982821061]]],[[[157.3993389596943,-8.281364006479203],[157.39811603997893,-8.282907974560185],[157.3982769596873,-8.281295072606376],[157.3993389596943,-8.281364006479203]]],[[[156.06684108045533,-6.884934998818337],[156.0653640003966,-6.885750057912041],[156.0650731205177,-6.884958944812944],[156.06684108045533,-6.884934998818337]]],[[[157.8934990803344,-8.426142917404023],[157.8931779604681,-8.427245978935389],[157.89182795968276,-8.427098903771633],[157.8934990803344,-8.426142917404023]]],[[[158.13527112050645,-8.703546995879831],[158.1342339598154,-8.704762948619651],[158.1338098804411,-8.703830968067818],[158.13527112050645,-8.703546995879831]]],[[[157.31849592011633,-8.357886059723146],[157.31720891997847,-8.358013036569758],[157.31749008008597,-8.35709107283011],[157.31849592011633,-8.357886059723146]]],[[[157.56670908030148,-8.368223947959345],[157.56571800048957,-8.368818034694137],[157.56591096040924,-8.36740903696798],[157.56670908030148,-8.368223947959345]]],[[[155.83902588008672,-7.011536949146791],[155.8378540799009,-7.01190193852625],[155.83774607994584,-7.0107630198493185],[155.83902588008672,-7.011536949146791]]],[[[156.58668287983497,-7.562290032019875],[156.5842291199583,-7.5636589782191574],[156.58518707978402,-7.5621008907525145],[156.58668287983497,-7.562290032019875]]],[[[158.1081458401222,-8.607794118072372],[158.10697403993632,-8.60844692049354],[158.10719003984642,-8.607321066827389],[158.1081458401222,-8.607794118072372]]],[[[157.88365884038907,-8.393400945963483],[157.8822429598557,-8.39349389919322],[157.88228796006155,-8.39271803915718],[157.88365884038907,-8.393400945963483]]],[[[157.18548492002563,-8.184377981043978],[157.185118080403,-8.185528936211984],[157.184331839832,-8.18482696093498],[157.18548492002563,-8.184377981043978]]],[[[155.55752712028558,-7.4101560835259495],[155.55698603983714,-7.410998051182643],[155.55605687999943,-7.409480115603763],[155.55752712028558,-7.4101560835259495]]],[[[157.30578611979374,-8.40326494338892],[157.305268080234,-8.40392094358932],[157.30427591974876,-8.40262211854707],[157.30578611979374,-8.40326494338892]]],[[[157.91447411968613,-8.49474200196079],[157.9126100400131,-8.493852943032996],[157.9144179597095,-8.49377105108512],[157.91447411968613,-8.49474200196079]]],[[[158.1215259597166,-8.552292007070482],[158.12020800004072,-8.552449891679705],[158.12077284003016,-8.551196959251348],[158.1215259597166,-8.552292007070482]]],[[[157.13903484050093,-8.261722952832274],[157.13707391974532,-8.261416031761474],[157.13746416048113,-8.26081109456426],[157.13903484050093,-8.261722952832274]]],[[[157.61620296013095,-8.389383975342744],[157.61515787989234,-8.388604010769754],[157.61510999968772,-8.387434061830714],[157.61620296013095,-8.389383975342744]]],[[[157.9509230404554,-8.543942006760656],[157.94979300025219,-8.544806029108715],[157.9496461203133,-8.543849979176843],[157.9509230404554,-8.543942006760656]]],[[[157.08135708026103,-8.149537918963926],[157.0802198400608,-8.149731959529182],[157.07998187993527,-8.148723090230725],[157.08135708026103,-8.149537918963926]]],[[[157.60086804000298,-8.043990980740762],[157.6002218404966,-8.045625872192034],[157.6000148399091,-8.043992049793331],[157.60086804000298,-8.043990980740762]]],[[[157.8745551596879,-8.581453986120898],[157.87161900001206,-8.581987050565306],[157.87133495990577,-8.581020948880475],[157.8745551596879,-8.581453986120898]]],[[[157.6308571198686,-8.154523070893493],[157.63008708041383,-8.155127992191902],[157.62952007997615,-8.153829950253103],[157.6308571198686,-8.154523070893493]]],[[[158.06838312050806,-8.616096977291779],[158.06633400046294,-8.616205893218178],[158.0670118799561,-8.615101953296017],[158.06838312050806,-8.616096977291779]]],[[[157.1361890396646,-8.260437907267413],[157.13514504009925,-8.260792033996374],[157.13532792002312,-8.25965697281239],[157.1361890396646,-8.260437907267413]]],[[[158.14907603992398,-8.547643903981992],[158.1479611201636,-8.548120055573627],[158.14746288037105,-8.54729306489133],[158.14907603992398,-8.547643903981992]]],[[[157.12094087972505,-8.241074069109084],[157.11956316052328,-8.240712085972962],[157.120000920341,-8.240065075585372],[157.12094087972505,-8.241074069109084]]],[[[157.80524904047175,-8.576901996448532],[157.80380184017596,-8.577199056870258],[157.80403404030386,-8.576328877866587],[157.80524904047175,-8.576901996448532]]],[[[156.0328639200044,-6.893509042751831],[156.03264396032054,-6.89458802525049],[156.03145703969182,-6.894150035047017],[156.0328639200044,-6.893509042751831]]],[[[157.89621887987576,-8.454032937699372],[157.89594383999025,-8.454857993704735],[157.89455891989314,-8.454874017083618],[157.89621887987576,-8.454032937699372]]],[[[157.348007999956,-8.40246809053613],[157.34706012012606,-8.403223988121594],[157.34643695971178,-8.402707057202203],[157.348007999956,-8.40246809053613]]],[[[157.91303988028326,-8.555408036056651],[157.91115096039601,-8.5565160665983],[157.91226192038258,-8.554977995548297],[157.91303988028326,-8.555408036056651]]],[[[157.91480388044712,-8.55474499682447],[157.91319000044535,-8.554652971883264],[157.9138660797147,-8.553885980552408],[157.91480388044712,-8.55474499682447]]],[[[158.169537000388,-8.714107894969576],[158.1682939197827,-8.714695037605512],[158.1684778803798,-8.71366397829301],[158.169537000388,-8.714107894969576]]],[[[157.28391900036428,-8.358640975113238],[157.28282388037107,-8.35998108421412],[157.2825200404976,-8.359277104803049],[157.28391900036428,-8.358640975113238]]],[[[157.94483904029357,-8.545474070114826],[157.94358408036695,-8.546007896516487],[157.9439851197508,-8.54508602589072],[157.94483904029357,-8.545474070114826]]],[[[157.78191384030606,-8.245892048330601],[157.78126007967998,-8.246684054252542],[157.78006991972634,-8.246464052371048],[157.78191384030606,-8.245892048330601]]],[[[158.0169531601372,-8.492633998844976],[158.0153641203497,-8.492590916652327],[158.01574499974197,-8.491883083028593],[158.0169531601372,-8.492633998844976]]],[[[157.803845040158,-8.571532981087932],[157.8027290397243,-8.572029037125224],[157.80248100050133,-8.571186078829141],[157.803845040158,-8.571532981087932]]],[[[158.12877995984041,-8.6766179895979],[158.1279569997339,-8.677387045720174],[158.12764991963718,-8.676125985206026],[158.12877995984041,-8.6766179895979]]],[[[157.51399392001662,-8.282626006829958],[157.5120560401497,-8.283492927602651],[157.51342116047965,-8.282246961538288],[157.51399392001662,-8.282626006829958]]],[[[158.14391400050118,-8.73533892443625],[158.14250892041247,-8.735342126710735],[158.14306691973096,-8.734592937614307],[158.14391400050118,-8.73533892443625]]],[[[158.1508710005241,-8.553895058239185],[158.15036304006182,-8.554575009618787],[158.1495598797225,-8.553537995240832],[158.1508710005241,-8.553895058239185]]],[[[157.88589804035507,-8.423663109282298],[157.8848428801207,-8.42335097340642],[157.88558916003453,-8.422552024584899],[157.88589804035507,-8.423663109282298]]],[[[157.2044608799851,-8.292453971067768],[157.2038359202453,-8.293419013753827],[157.20335892021933,-8.292414963612801],[157.2044608799851,-8.292453971067768]]],[[[155.84884703981544,-7.094728070263959],[155.84753088036345,-7.094793981760032],[155.84783184023814,-7.094075028073698],[155.84884703981544,-7.094728070263959]]],[[[156.71986308030438,-7.945687977648932],[156.7182751202918,-7.945000025102899],[156.71895192001003,-7.944478934997748],[156.71986308030438,-7.945687977648932]]],[[[158.13669383991407,-8.576085035039691],[158.1357650403008,-8.576567914622862],[158.1356350801303,-8.575498922668404],[158.13669383991407,-8.576085035039691]]],[[[157.12256195972384,-8.252872010841827],[157.1219560802007,-8.253403034388416],[157.12187688023369,-8.251894043880565],[157.12256195972384,-8.252872010841827]]],[[[157.12433315988474,-8.267499017981816],[157.12284492005523,-8.267342976329076],[157.1232690003278,-8.266790952686364],[157.12433315988474,-8.267499017981816]]],[[[158.1326470804761,-8.668801894000614],[158.1322028402119,-8.66974303762195],[158.13141588009037,-8.669002970963925],[158.1326470804761,-8.668801894000614]]],[[[157.9508240398229,-8.49447603277748],[157.94951291991964,-8.494706931303739],[157.94966916030373,-8.493920948867597],[157.9508240398229,-8.49447603277748]]],[[[158.1504199204873,-8.713407058097262],[158.14890396044476,-8.713883000587478],[158.14892988043397,-8.713083951306992],[158.1504199204873,-8.713407058097262]]],[[[156.14573904016942,-6.842299971685397],[156.1450449604584,-6.8429699857086685],[156.14457912020322,-6.841947003401587],[156.14573904016942,-6.842299971685397]]],[[[156.03833087997396,-6.9801530156677485],[156.03785892039502,-6.981134962066041],[156.03737616037145,-6.980156946161004],[156.03833087997396,-6.9801530156677485]]],[[[157.51468403995383,-8.285373002379671],[157.51445796004796,-8.286258976341886],[157.5131108401597,-8.285565016921671],[157.51468403995383,-8.285373002379671]]],[[[157.80137903983726,-8.575039891648496],[157.80106187974474,-8.575710015858942],[157.8002810398453,-8.574489909363677],[157.80137903983726,-8.575039891648496]]],[[[157.89341195992156,-8.442908044834263],[157.89172895994852,-8.443789921723072],[157.89216095976866,-8.442736939429903],[157.89341195992156,-8.442908044834263]]],[[[157.88148696017046,-8.426971949807218],[157.87998611967245,-8.427792967704162],[157.87997891967547,-8.426531971625813],[157.88148696017046,-8.426971949807218]]],[[[158.12898011975707,-8.606846057012074],[158.12827415982645,-8.60781494046355],[158.12797212017676,-8.60693789122324],[158.12898011975707,-8.606846057012074]]],[[[157.07369808008124,-8.150976915949043],[157.07277683979106,-8.15155992587342],[157.0723369204234,-8.150799981612561],[157.07369808008124,-8.150976915949043]]],[[[158.13656892019065,-8.578127968566683],[158.1349280404247,-8.578616007263914],[158.13515303965727,-8.57779709146623],[158.13656892019065,-8.578127968566683]]],[[[157.92074999999264,-8.50742306843604],[157.91919515996628,-8.50680498477703],[157.9206020402788,-8.506663992958629],[157.92074999999264,-8.50742306843604]]],[[[158.075139959716,-8.745247960871026],[158.0742871198465,-8.746763017303097],[158.07376188028977,-8.746078965763562],[158.075139959716,-8.745247960871026]]],[[[157.9118158798946,-8.543103080020881],[157.91009795971155,-8.542647036305484],[157.91160204043277,-8.542365079401367],[157.9118158798946,-8.543103080020881]]],[[[157.904702999712,-8.41551490506749],[157.9034098802504,-8.41507811870072],[157.90356611973615,-8.414410029596022],[157.904702999712,-8.41551490506749]]],[[[157.78083708008066,-8.273009054546293],[157.779942840453,-8.27284393074199],[157.78049112000014,-8.27164406568028],[157.78083708008066,-8.273009054546293]]],[[[157.62848687995717,-8.080449103607473],[157.62844511997457,-8.081393096271375],[157.6276660802989,-8.079749974208905],[157.62848687995717,-8.080449103607473]]],[[[156.56956595999978,-7.823052904481692],[156.5680190404193,-7.823330912680951],[156.5680669197256,-7.822594966162935],[156.56956595999978,-7.823052904481692]]],[[[157.1927349603757,-8.299713996874374],[157.19082588049682,-8.30127303234058],[157.19051304040252,-8.300293047726074],[157.1927349603757,-8.299713996874374]]],[[[158.14241711977695,-8.633459014960094],[158.14132308045703,-8.634043969919645],[158.1414570004013,-8.63299400371049],[158.14241711977695,-8.633459014960094]]],[[[157.80646512041457,-8.578598030120963],[157.8052040402659,-8.578666021555884],[157.8054250797247,-8.577875049802927],[157.80646512041457,-8.578598030120963]]],[[[157.55210496031842,-8.407391101494312],[157.55034311970448,-8.40552105176822],[157.55083416039835,-8.405193053626924],[157.55210496031842,-8.407391101494312]]],[[[156.0496399202061,-6.992708056657249],[156.04962803998643,-6.993838980631834],[156.04897896048126,-6.992199051150625],[156.0496399202061,-6.992708056657249]]],[[[157.61282688018915,-8.119469959162334],[157.61127995971032,-8.11952698150079],[157.6116118800213,-8.118837007879874],[157.61282688018915,-8.119469959162334]]],[[[155.80176012033127,-7.098775086228318],[155.80112292014744,-7.099769999749917],[155.80064304012268,-7.09866702070919],[155.80176012033127,-7.098775086228318]]],[[[156.9802680003541,-8.076592914914915],[156.9789331200116,-8.07698195722357],[156.97910196016585,-8.076230960764386],[156.9802680003541,-8.076592914914915]]],[[[157.8499419605035,-8.585224042961897],[157.84896708001108,-8.58531890722868],[157.8488050805277,-8.584286960641634],[157.8499419605035,-8.585224042961897]]],[[[157.91287607967774,-8.496365945559019],[157.91215788020136,-8.496537026804075],[157.91198796027209,-8.495485969536412],[157.91287607967774,-8.496365945559019]]],[[[157.92755184030472,-8.560134006977307],[157.9269380403357,-8.56010997725807],[157.9261021202346,-8.558254020608665],[157.92755184030472,-8.560134006977307]]],[[[157.93447607966755,-8.542047878078993],[157.93347816008304,-8.542137058059987],[157.93388711991275,-8.541129914384829],[157.93447607966755,-8.542047878078993]]],[[[157.90839300042146,-8.509637979302909],[157.90691700013764,-8.50942293300112],[157.90761612029573,-8.508630928618238],[157.90839300042146,-8.509637979302909]]],[[[157.33506600040377,-8.290443013274365],[157.334073120368,-8.291258975180297],[157.3338751200013,-8.290555050430747],[157.33506600040377,-8.290443013274365]]],[[[155.76856704000306,-7.1153619965488915],[155.76718499990474,-7.1156620676325995],[155.76741900025647,-7.115019951648106],[155.76856704000306,-7.1153619965488915]]],[[[155.9976890402767,-7.038682972523064],[155.9972199597983,-7.039245877504133],[155.9964988803231,-7.037903014061802],[155.9976890402767,-7.038682972523064]]],[[[158.20076915996066,-8.651006925069346],[158.1997550401583,-8.651348059661247],[158.19999515983375,-8.650425021889935],[158.20076915996066,-8.651006925069346]]],[[[157.22494091976748,-8.314242015265183],[157.22343107994695,-8.314751938419617],[157.22389692020215,-8.313824885845072],[157.22494091976748,-8.314242015265183]]],[[[157.9064760000967,-8.509879015988888],[157.90538483987726,-8.5094768725503],[157.90605588049615,-8.508810905126609],[157.9064760000967,-8.509879015988888]]],[[[157.34396196006853,-8.289967969466478],[157.34303316045524,-8.290307999554802],[157.3427188803615,-8.289308037744258],[157.34396196006853,-8.289967969466478]]],[[[157.84526700020416,-8.59043001176853],[157.8448789199166,-8.591126983861106],[157.84430507970634,-8.589783941701677],[157.84526700020416,-8.59043001176853]]],[[[157.8332631598122,-8.566316962531609],[157.83135588015713,-8.56725693671347],[157.83267492050624,-8.565994975368058],[157.8332631598122,-8.566316962531609]]],[[[157.2894540005301,-8.360290956381295],[157.28852988024113,-8.361563031223517],[157.28823503969014,-8.36073795473766],[157.2894540005301,-8.360290956381295]]],[[[157.18726512040732,-8.246272018541616],[157.18672908040594,-8.247359020872427],[157.1866970401947,-8.245468077430058],[157.18726512040732,-8.246272018541616]]],[[[157.89250188030044,-8.45685902184908],[157.89176207993475,-8.457478075956745],[157.89172788017356,-8.456320975949678],[157.89250188030044,-8.45685902184908]]],[[[157.07436012047933,-8.148560053388952],[157.07270988026812,-8.148776010503486],[157.07321495983325,-8.14812902944944],[157.07436012047933,-8.148560053388952]]],[[[157.93733016027585,-8.509856051731411],[157.93659611990776,-8.510721041971573],[157.93629084003484,-8.50959294056818],[157.93733016027585,-8.509856051731411]]],[[[158.1033898805303,-8.730482070679484],[158.10195708022857,-8.73128197331915],[158.10209603972154,-8.73064005845702],[158.1033898805303,-8.730482070679484]]],[[[157.97550096010363,-8.443670985687257],[157.97438316034444,-8.444426089754405],[157.97534400016897,-8.443125086757961],[157.97550096010363,-8.443670985687257]]],[[[157.7772669604442,-8.232025991994117],[157.77682596040324,-8.232384954743468],[157.7755108798279,-8.231031048783235],[157.7772669604442,-8.232025991994117]]],[[[155.82704507968515,-7.097522063751879],[155.8259391601456,-7.097450079400623],[155.8261429205099,-7.096598951230434],[155.82704507968515,-7.097522063751879]]],[[[157.9158669602291,-8.55352197514703],[157.91447591990993,-8.554034964750374],[157.91438592039657,-8.553282034012245],[157.9158669602291,-8.55352197514703]]],[[[157.61901708008216,-8.12943898976935],[157.6177020004051,-8.12887804342954],[157.61795903984893,-8.128239047809334],[157.61901708008216,-8.12943898976935]]],[[[158.0224989598494,-8.52866393237945],[158.02193196031007,-8.529194044695238],[158.02145892005782,-8.527753946678105],[158.0224989598494,-8.52866393237945]]],[[[158.1445508404606,-8.63853298737499],[158.14387115984528,-8.638662897103716],[158.14360692040444,-8.636657127391047],[158.1445508404606,-8.63853298737499]]],[[[157.2965470800472,-8.357364972987806],[157.29576084037456,-8.357642078440687],[157.2955768797774,-8.35682304847623],[157.2965470800472,-8.357364972987806]]],[[[157.51133712022448,-8.291538977942507],[157.5105839996397,-8.29256903561033],[157.5106268402956,-8.29132505737151],[157.51133712022448,-8.291538977942507]]],[[[158.02862615999322,-8.520477009106495],[158.02775387968268,-8.520745987055273],[158.02771211970006,-8.51980892469267],[158.02862615999322,-8.520477009106495]]],[[[157.909714919871,-8.521649937349475],[157.9087569600453,-8.52210511579193],[157.9087040402919,-8.521021907809853],[157.909714919871,-8.521649937349475]]],[[[157.91065092037962,-8.50317300989946],[157.91009687993656,-8.5036499285875],[157.90965192012183,-8.50240805123998],[157.91065092037962,-8.50317300989946]]],[[[157.1021038801569,-8.199654949786568],[157.101301080042,-8.199995056777409],[157.10097888040076,-8.199070050134077],[157.1021038801569,-8.199654949786568]]],[[[157.11651396044536,-8.21771496163145],[157.1154850804246,-8.217877970701498],[157.1155138804126,-8.21695799477345],[157.11651396044536,-8.21771496163145]]],[[[157.75665804026633,-8.228845016250915],[157.75576200041485,-8.22883788987853],[157.75558308026478,-8.22779501731226],[157.75665804026633,-8.228845016250915]]],[[[157.1163238805245,-8.230232064656057],[157.11575688008688,-8.231037105673586],[157.11519887987,-8.230376006458213],[157.1163238805245,-8.230232064656057]]],[[[157.31405388039377,-8.334495063094918],[157.31278308047374,-8.334396040328079],[157.3132341605105,-8.333745087442445],[157.31405388039377,-8.334495063094918]]],[[[157.42319111964474,-8.271255035813219],[157.42304496015473,-8.27228300860148],[157.42244483973087,-8.271748982668841],[157.42319111964474,-8.271255035813219]]],[[[157.51589508034795,-8.27973506743785],[157.51495296051561,-8.280635126146395],[157.5145990799892,-8.279818073505048],[157.51589508034795,-8.27973506743785]]],[[[157.84766387965536,-8.581453096479933],[157.8466249196388,-8.580875001070206],[157.8467109602767,-8.580060006430454],[157.84766387965536,-8.581453096479933]]],[[[157.94829612042622,-8.551992969581438],[157.94701812050917,-8.55241002016421],[157.94800811964782,-8.551385994085376],[157.94829612042622,-8.551992969581438]]],[[[157.35310307985583,-8.406227975221984],[157.35170411998914,-8.406023021521552],[157.35203387985183,-8.40532304190591],[157.35310307985583,-8.406227975221984]]],[[[157.2392790000859,-8.18713403228585],[157.23775008004873,-8.186874089291228],[157.23820584030813,-8.186442037696215],[157.2392790000859,-8.18713403228585]]],[[[157.238642879677,-8.329490094207225],[157.23750491992624,-8.330484966078608],[157.23784907978293,-8.329391960387545],[157.238642879677,-8.329490094207225]]],[[[157.91154012045857,-8.51608094469082],[157.90993704000311,-8.517036886183819],[157.9103150402949,-8.515950102689025],[157.91154012045857,-8.51608094469082]]],[[[157.8325928396421,-8.579081974937798],[157.83196211990474,-8.57964690189269],[157.8312849599621,-8.579010957885203],[157.8325928396421,-8.579081974937798]]],[[[157.18635215988914,-8.319873043055319],[157.1847220796695,-8.319749081410613],[157.1857509596903,-8.319131053994308],[157.18635215988914,-8.319873043055319]]],[[[157.945035959987,-8.55235608675695],[157.94431416006296,-8.552837928308582],[157.9440538803959,-8.551677021970768],[157.945035959987,-8.55235608675695]]],[[[158.01338592049956,-8.528731042184255],[158.01225588029635,-8.529500932894166],[158.01198804040786,-8.528873984141848],[158.01338592049956,-8.528731042184255]]],[[[157.2753070799075,-8.337115958656973],[157.27388004050167,-8.337338046554159],[157.2741460801663,-8.336712923775687],[157.2753070799075,-8.337115958656973]]],[[[157.10959907973114,-8.265454978155594],[157.10858495992883,-8.265710060903707],[157.10913395992483,-8.264653925821946],[157.10959907973114,-8.265454978155594]]],[[[157.1863658403326,-8.190629089757435],[157.18576608013316,-8.191382009124368],[157.1857311599231,-8.189627984817271],[157.1863658403326,-8.190629089757435]]],[[[157.85244288013592,-8.356443006801472],[157.85187804014657,-8.35685403613734],[157.85144892032523,-8.355862971003791],[157.85244288013592,-8.356443006801472]]],[[[157.11783695966994,-8.27534304378914],[157.11729192034602,-8.275871008592857],[157.11646608024074,-8.274768053153117],[157.11783695966994,-8.27534304378914]]],[[[158.01835104022894,-8.499076003656484],[158.01771491982007,-8.499591914776817],[158.0172508797887,-8.498547986474936],[158.01835104022894,-8.499076003656484]]],[[[157.5146519997426,-8.291095106473136],[157.51305107973542,-8.29154592420962],[157.51315907969047,-8.290882076871407],[157.5146519997426,-8.291095106473136]]],[[[156.75803388013213,-7.699866961219509],[156.7568908799343,-7.698931016175412],[156.75723503979097,-7.698365024045021],[156.75803388013213,-7.699866961219509]]],[[[157.91816412039557,-8.513709950418427],[157.91797188002644,-8.514284053263564],[157.91690592024565,-8.513850939608508],[157.91816412039557,-8.513709950418427]]],[[[157.4694939599045,-8.2778779444366],[157.46915916049304,-8.278221902640905],[157.4684661596587,-8.276849985543457],[157.4694939599045,-8.2778779444366]]],[[[157.92139008017529,-8.558343908504252],[157.92015887978957,-8.559173011042416],[157.92011496025702,-8.558126041174669],[157.92139008017529,-8.558343908504252]]],[[[158.13694188003538,-8.664336014520572],[158.13644112046845,-8.665376996027218],[158.13578412051743,-8.664497945010037],[158.13694188003538,-8.664336014520572]]],[[[157.94236583997582,-8.537955027081935],[157.94139096038174,-8.538230934350635],[157.94177688022106,-8.53726098411757],[157.94236583997582,-8.537955027081935]]],[[[158.17363308003004,-8.567067020188336],[158.17252212004345,-8.566285991939518],[158.17304412027528,-8.566129893392532],[158.17363308003004,-8.567067020188336]]],[[[157.93306884002888,-8.569782984564345],[157.9323779996428,-8.570340983437733],[157.9321231197489,-8.569430029146996],[157.93306884002888,-8.569782984564345]]],[[[157.9100158797457,-8.513327926843434],[157.90970195987643,-8.514163002017531],[157.9092501602891,-8.513202959266481],[157.9100158797457,-8.513327926843434]]],[[[156.71980404032897,-7.935506920202628],[156.71864700036153,-7.936118050508082],[156.7180209599485,-7.935535978678055],[156.71980404032897,-7.935506920202628]]],[[[157.90861188033028,-8.398345974594452],[157.90798007991958,-8.39889389477513],[157.9077248398013,-8.39739988874543],[157.90861188033028,-8.398345974594452]]],[[[157.22685792009221,-8.188160086233859],[157.22565804036722,-8.188674983258007],[157.22601011977147,-8.18786201567696],[157.22685792009221,-8.188160086233859]]],[[[157.30487387972434,-8.315439968962432],[157.30408188005413,-8.315701074432514],[157.30444512012744,-8.31468799775256],[157.30487387972434,-8.315439968962432]]],[[[155.54841408003747,-7.411139956287857],[155.54725811984505,-7.412417094770007],[155.54773404009603,-7.4110210770265095],[155.54841408003747,-7.411139956287857]]],[[[157.8146270397112,-8.27524703400451],[157.81400388019526,-8.275980912209317],[157.8136589998897,-8.275051986260891],[157.8146270397112,-8.27524703400451]]],[[[157.6048618796876,-8.103142987547852],[157.60408391978692,-8.103785051239484],[157.60417284042364,-8.102824004028008],[157.6048618796876,-8.103142987547852]]],[[[157.3251699598079,-8.41045096936533],[157.32420911998338,-8.411624054826701],[157.3244100003489,-8.410223937694873],[157.3251699598079,-8.41045096936533]]],[[[158.11082711990414,-8.729437000322601],[158.10989004051888,-8.729195035613767],[158.11061795976664,-8.728492982416226],[158.11082711990414,-8.729437000322601]]],[[[157.93528607977944,-8.573175998282185],[157.93461792005763,-8.573801094767253],[157.93427412042536,-8.572905989318391],[157.93528607977944,-8.573175998282185]]],[[[155.6982748805237,-7.011056905809225],[155.69715707986623,-7.011437974585099],[155.69681796045657,-7.010920949818251],[155.6982748805237,-7.011056905809225]]],[[[157.1142268802747,-8.266694050416639],[157.11369984049415,-8.267829982354717],[157.11334703974273,-8.266930962459401],[157.1142268802747,-8.266694050416639]]],[[[157.5245520001122,-8.386781951625835],[157.52412612051413,-8.387397912286922],[157.52418983981386,-8.385514944841614],[157.5245520001122,-8.386781951625835]]],[[[157.15013183969842,-8.288272983811469],[157.14956411971022,-8.289436995829332],[157.14909899990386,-8.288997931492457],[157.15013183969842,-8.288272983811469]]],[[[157.50826595993112,-8.289609950100955],[157.50752112001663,-8.290228023714512],[157.5070930799703,-8.289467098570222],[157.50826595993112,-8.289609950100955]]],[[[157.80944411984794,-8.577042961969282],[157.8083878798386,-8.57723198379376],[157.8087230403728,-8.57641395552032],[157.80944411984794,-8.577042961969282]]],[[[157.92555600023738,-8.5659839397886],[157.92535511987188,-8.566687897696514],[157.9244968802292,-8.56660495395446],[157.92555600023738,-8.5659839397886]]],[[[155.8300561202281,-7.098294955061477],[155.8288958400375,-7.098217076163892],[155.82904596019955,-7.097612088369283],[155.8300561202281,-7.098294955061477]]],[[[157.83842700035714,-8.600063091738933],[157.83727392016348,-8.600181980290758],[157.83745284031357,-8.599318082775513],[157.83842700035714,-8.600063091738933]]],[[[157.03729595974164,-8.14379506295755],[157.03587288010957,-8.144068042374766],[157.03627392039175,-8.143542931821024],[157.03729595974164,-8.14379506295755]]],[[[158.12951292043354,-8.670440040156747],[158.1289131602341,-8.671027963649811],[158.12835588046616,-8.67013291093041],[158.12951292043354,-8.670440040156747]]],[[[157.1484470403999,-8.268466971829282],[157.1475481196513,-8.268781012984446],[157.1472860397604,-8.268038927094105],[157.1484470403999,-8.268466971829282]]],[[[157.31183916041758,-8.158737007299889],[157.31112312049115,-8.159212029654794],[157.31103888007706,-8.158270001751829],[157.31183916041758,-8.158737007299889]]],[[[157.93122707989738,-8.553241984643401],[157.9301589596684,-8.552329921236518],[157.9307248803311,-8.552102082981277],[157.93122707989738,-8.553241984643401]]],[[[157.28230908013626,-8.47103097076583],[157.2813990005152,-8.471568996734947],[157.28138604052057,-8.470745934786294],[157.28230908013626,-8.47103097076583]]],[[[157.12124904049512,-8.243483956580613],[157.1201240398406,-8.243416975838532],[157.1204408397087,-8.242831962593826],[157.12124904049512,-8.243483956580613]]],[[[157.34729808025156,-8.300094093463839],[157.34673504048598,-8.300754007730882],[157.34645496015347,-8.299796997774404],[157.34729808025156,-8.300094093463839]]],[[[157.2900148798474,-8.175986953606925],[157.2892779603788,-8.17708697613146],[157.2882019197039,-8.177280112559814],[157.2900148798474,-8.175986953606925]]],[[[157.91092091981804,-8.51402397139913],[157.91066388037422,-8.515416056663193],[157.91032908006446,-8.51438997251311],[157.91092091981804,-8.51402397139913]]],[[[157.06343304031276,-8.147026966713792],[157.06191096004818,-8.146856979442362],[157.0622468401329,-8.146406887517985],[157.06343304031276,-8.147026966713792]]],[[[157.89455711966932,-8.466543005920414],[157.89413016029624,-8.46729005450606],[157.89371508024445,-8.46636407723283],[157.89455711966932,-8.466543005920414]]],[[[157.27412807972468,-8.33806201302423],[157.2731550003544,-8.3382540023276],[157.27343004023984,-8.33739005105209],[157.27412807972468,-8.33806201302423]]],[[[157.91347908010042,-8.521068012922457],[157.91224787971473,-8.521014964812414],[157.9125931202447,-8.520339048555273],[157.91347908010042,-8.521068012922457]]],[[[157.10319683970184,-8.170490890714674],[157.10257187996203,-8.171066032790582],[157.10271192012834,-8.16994995737261],[157.10319683970184,-8.170490890714674]]],[[[157.10534208038072,-8.171938009151745],[157.1042599203821,-8.172019077006643],[157.1049809998573,-8.171396008192522],[157.10534208038072,-8.171938009151745]]],[[[157.28361084049257,-8.337364048804009],[157.2825419998147,-8.33760394616024],[157.28275115995217,-8.336842935218018],[157.28361084049257,-8.337364048804009]]],[[[158.1627279600789,-8.599330897464387],[158.161772880252,-8.59936506877374],[158.16226392004754,-8.59856506413717],[158.1627279600789,-8.599330897464387]]],[[[158.10765695987658,-8.702450963100276],[158.10649091968833,-8.702447048164933],[158.1073030802485,-8.701892980714629],[158.10765695987658,-8.702450963100276]]],[[[157.6364331604665,-8.141596077846813],[157.6362009603386,-8.142258038007704],[157.6353880802279,-8.141969021026089],[157.6364331604665,-8.141596077846813]]],[[[157.61650896045268,-8.132641963980948],[157.61543003977903,-8.13297998939171],[157.61544011977483,-8.132249055413522],[157.61650896045268,-8.132641963980948]]],[[[157.83511499993946,-8.565480933584453],[157.8340980001383,-8.566069019787927],[157.83396588041794,-8.565553020812608],[157.83511499993946,-8.565480933584453]]],[[[157.86119303963685,-8.578380887159822],[157.86045504039328,-8.578719951184176],[157.85991288016984,-8.578143987610648],[157.86119303963685,-8.578380887159822]]],[[[157.43822795989678,-8.274092064700833],[157.43731608005186,-8.27458493952583],[157.4369391604334,-8.274108985969525],[157.43822795989678,-8.274092064700833]]],[[[156.04169507969613,-6.937194049867929],[156.04063307968914,-6.93818001727398],[156.0405920401554,-6.937670058630891],[156.04169507969613,-6.937194049867929]]],[[[157.52740895982103,-8.251138922254937],[157.52639700046694,-8.250629985879145],[157.52698811977166,-8.250308983089075],[157.52740895982103,-8.251138922254937]]],[[[156.89550600016204,-8.124794943104922],[156.89473092026014,-8.12486301378625],[156.89470608004595,-8.124068983716105],[156.89550600016204,-8.124794943104922]]],[[[157.10345712026722,-8.231729023337653],[157.1025139197616,-8.232130919642396],[157.10263487971125,-8.231483895044507],[157.10345712026722,-8.231729023337653]]],[[[156.93986592010788,-7.966457912569328],[156.93920316015922,-7.966824064564267],[156.93972587994162,-7.965017011318975],[156.93986592010788,-7.966457912569328]]],[[[157.2872309998836,-8.359193937755853],[157.28626800050912,-8.359354929074467],[157.28675292008265,-8.35836208915736],[157.2872309998836,-8.359193937755853]]],[[[158.14747907969056,-8.736192011876698],[158.14632203972315,-8.736222968315447],[158.14653588008326,-8.735634080541407],[158.14747907969056,-8.736192011876698]]],[[[157.8645748804746,-8.358956012195629],[157.8634959598009,-8.35879893921535],[157.86429804036527,-8.358158000059408],[157.8645748804746,-8.358956012195629]]],[[[157.06054692039154,-8.146505067318449],[157.05889487995645,-8.146123931769742],[157.0596119996579,-8.145961071984996],[157.06054692039154,-8.146505067318449]]],[[[157.04619804052678,-8.24048103575936],[157.0455010799186,-8.240465893899362],[157.04579915979454,-8.239154057118434],[157.04619804052678,-8.24048103575936]]],[[[157.88656908007567,-8.39270806663679],[157.88583503970756,-8.393202038857728],[157.88537999989703,-8.39261600330087],[157.88656908007567,-8.39270806663679]]],[[[157.11969311979544,-8.250432966004936],[157.11920603977364,-8.250996947903959],[157.11902208007484,-8.249917971215664],[157.11969311979544,-8.250432966004936]]],[[[157.60552896053275,-8.083482097820996],[157.60466207999536,-8.084019939759745],[157.60538712014264,-8.082996114363594],[157.60552896053275,-8.083482097820996]]],[[[156.67856388043168,-7.651638029579523],[156.67730207983413,-7.651549009873383],[156.67724088030874,-7.650862001053915],[156.67856388043168,-7.651638029579523]]],[[[157.17051611996985,-8.264501089290047],[157.16964312010873,-8.264806939474713],[157.16983715980336,-8.264061996790337],[157.17051611996985,-8.264501089290047]]],[[[157.18880483999084,-8.254680086849348],[157.1878681199317,-8.254786968187245],[157.18818708024807,-8.253884000411574],[157.18880483999084,-8.254680086849348]]],[[[157.22854416028844,-8.293323008437252],[157.22771112018614,-8.29289997863242],[157.22833104037718,-8.292463055865374],[157.22854416028844,-8.293323008437252]]],[[[158.14051704011888,-8.618239000471467],[158.13966888047204,-8.617397034930644],[158.14030284043264,-8.61730698329706],[158.14051704011888,-8.618239000471467]]],[[[157.95555984032146,-8.5685721140607],[157.955027039645,-8.5691509401698],[157.9547390397649,-8.568215064117632],[157.95555984032146,-8.5685721140607]]],[[[157.52270015998494,-8.288726120563245],[157.52215691998654,-8.28928701986297],[157.5220460400327,-8.28824804754854],[157.52270015998494,-8.288726120563245]]],[[[158.16749796033866,-8.547377081455418],[158.16697811965682,-8.547855012825847],[158.16660515981206,-8.547096017816852],[158.16749796033866,-8.547377081455418]]],[[[157.89969396045007,-8.447993098437555],[157.89877091993608,-8.447624007394271],[157.8993130801595,-8.447173013996146],[157.89969396045007,-8.447993098437555]]],[[[157.1895669598981,-8.306375967372077],[157.18886892041334,-8.306792035583477],[157.188664080274,-8.306042007096952],[157.1895669598981,-8.306375967372077]]],[[[157.02997104032107,-8.11183295585698],[157.02891012008905,-8.110869076903718],[157.02957107981388,-8.110678046659158],[157.02997104032107,-8.11183295585698]]],[[[157.5171561604966,-8.257085082126624],[157.51662696026779,-8.257325028255734],[157.5163479597102,-8.25609804008771],[157.5171561604966,-8.257085082126624]]],[[[157.94196408014312,-8.517981966228898],[157.94102196031082,-8.518096962990645],[157.9408920001403,-8.517306934334565],[157.94196408014312,-8.517981966228898]]],[[[157.1138009997783,-8.279779954230586],[157.1129539199064,-8.279753949008802],[157.113011159658,-8.278943127835372],[157.1138009997783,-8.279779954230586]]],[[[157.40388216049766,-8.282873952931045],[157.40285400002742,-8.28329004635119],[157.40326908007918,-8.282552975835506],[157.40388216049766,-8.282873952931045]]],[[[158.1707901600908,-8.554350020674702],[158.17010111992855,-8.554801955777334],[158.1700168804128,-8.554037100938846],[158.1707901600908,-8.554350020674702]]],[[[157.92190991995884,-8.515164876238341],[157.92128315999526,-8.515304974193706],[157.92095591990687,-8.514214982435876],[157.92190991995884,-8.515164876238341]]],[[[157.92471612036252,-8.554958949628874],[157.92461891995382,-8.555838076967268],[157.92420203967822,-8.554613100601376],[157.92471612036252,-8.554958949628874]]],[[[158.09571683968264,-8.649038947478953],[158.09510088016367,-8.649576009698592],[158.09493096023442,-8.648788033603477],[158.09571683968264,-8.649038947478953]]],[[[157.10394096006578,-8.200181945580791],[157.10334912031217,-8.200703953727887],[157.1030369997684,-8.199990068038908],[157.10394096006578,-8.200181945580791]]],[[[158.14908287969652,-8.73712302226008],[158.14799712014857,-8.737134942027684],[158.14816091985583,-8.736741936263652],[158.14908287969652,-8.73712302226008]]],[[[158.2192709998929,-8.745590966639162],[158.21861184039193,-8.746201898928483],[158.2182100796609,-8.745299020710782],[158.2192709998929,-8.745590966639162]]],[[[157.11163308023177,-8.221830068549956],[157.11077304036527,-8.222176926601607],[157.11092495985287,-8.221393066094505],[157.11163308023177,-8.221830068549956]]],[[[155.84111712033894,-7.018730035030069],[155.8407628804864,-7.019215966041231],[155.83988196017944,-7.018583005225388],[155.84111712033894,-7.018730035030069]]],[[[157.88753711989722,-8.397015079031837],[157.88691287970798,-8.39729090977349],[157.88641500013983,-8.396733905853823],[157.88753711989722,-8.397015079031837]]],[[[157.55244516040133,-8.408711990673362],[157.5517769997812,-8.40825098007566],[157.55222412004423,-8.407656953524484],[157.55244516040133,-8.408711990673362]]],[[[158.13622799965887,-8.666738098067338],[158.13604115996125,-8.667705047697714],[158.13593604000502,-8.666211914498234],[158.13622799965887,-8.666738098067338]]],[[[156.01221108029398,-6.882679952706072],[156.01203216014386,-6.883409953440689],[156.01145184038552,-6.882739997082757],[156.01221108029398,-6.882679952706072]]],[[[157.4395898400035,-8.277875984774067],[157.43867903993356,-8.278142993624876],[157.4387701201202,-8.277485000582079],[157.4395898400035,-8.277875984774067]]],[[[157.17877703989902,-8.174638913431291],[157.17783816028992,-8.17474296495137],[157.1781751201496,-8.17401905576496],[157.17877703989902,-8.174638913431291]]],[[[157.81022495974747,-8.249528919650363],[157.8092281199379,-8.24952393154338],[157.8090128404767,-8.249034943724064],[157.81022495974747,-8.249528919650363]]],[[[158.15803500023623,-8.587111014782964],[158.1570309604297,-8.587426042938302],[158.15725704033557,-8.586716961433506],[158.15803500023623,-8.587111014782964]]],[[[157.10565492047502,-8.170245903178401],[157.1048229601477,-8.170232005438013],[157.10513507979317,-8.169518065314882],[157.10565492047502,-8.170245903178401]]],[[[157.91253012049552,-8.514702925169958],[157.91158188044116,-8.515342002283342],[157.91214492020674,-8.514336033665243],[157.91253012049552,-8.514702925169958]]],[[[157.95316295997193,-8.434059963170991],[157.9524800400317,-8.43471893735337],[157.95255887977427,-8.43386392607257],[157.95316295997193,-8.434059963170991]]],[[[157.93467192048433,-8.552732019863154],[157.93377011973692,-8.553220980384543],[157.93346195986518,-8.552787020867191],[157.93467192048433,-8.552732019863154]]],[[[157.3263010797861,-8.290835944020092],[157.32605412033809,-8.291226023559659],[157.3250119200983,-8.291302971217664],[157.3263010797861,-8.290835944020092]]],[[[157.93854516044374,-8.523309013106351],[157.9377049203444,-8.522496920755136],[157.9380649201945,-8.522263013052331],[157.93854516044374,-8.523309013106351]]],[[[156.76032311985273,-7.701158943771261],[156.75965388035596,-7.701409919342845],[156.75928991983378,-7.700569944445576],[156.76032311985273,-7.701158943771261]]],[[[157.9161740403258,-8.500073110967188],[157.91572908051108,-8.500828994489524],[157.9153150802343,-8.500278904747555],[157.9161740403258,-8.500073110967188]]],[[[156.72004308022943,-7.941432961186541],[156.71933207985168,-7.941810009966926],[156.71930183986433,-7.941056090276437],[156.72004308022943,-7.941432961186541]]],[[[157.04374500020063,-8.241180062846736],[157.0435340398393,-8.241707004530843],[157.04347607963885,-8.23978093889747],[157.04374500020063,-8.241180062846736]]],[[[157.82435783970215,-8.576452934834464],[157.8236749197619,-8.576575033631586],[157.82335811989378,-8.576023985119258],[157.82435783970215,-8.576452934834464]]],[[[157.51862495988505,-8.28262101914703],[157.5183459602258,-8.283378039332181],[157.5178570799802,-8.282987060676064],[157.51862495988505,-8.28262101914703]]],[[[157.87618992013012,-8.386399979570129],[157.87537704001943,-8.386289929352374],[157.87566396012454,-8.385689993193008],[157.87618992013012,-8.386399979570129]]],[[[157.93830684009376,-8.525242930613832],[157.93777907986436,-8.525430909850222],[157.9375659599531,-8.524500089338574],[157.93830684009376,-8.525242930613832]]],[[[157.9598110796743,-8.557006980430073],[157.95853416043053,-8.557113956203777],[157.95920808014995,-8.55641407476462],[157.9598110796743,-8.557006980430073]]],[[[157.69186704051774,-8.188748030010936],[157.6917460796698,-8.189376061112615],[157.6909159204646,-8.18914498151336],[157.69186704051774,-8.188748030010936]]],[[[157.3431598804025,-8.302721097171366],[157.3425410399864,-8.303138950784529],[157.34251187977398,-8.302274922843807],[157.3431598804025,-8.302721097171366]]],[[[157.91610204035578,-8.56086396284029],[157.91508107988258,-8.560711065818477],[157.91535288044312,-8.56029402355148],[157.91610204035578,-8.56086396284029]]],[[[157.3428358796391,-8.281010965990529],[157.34215692037094,-8.281434008748741],[157.34178287985293,-8.280802918563108],[157.3428358796391,-8.281010965990529]]],[[[158.0697539999373,-8.618046973990415],[158.06903292046206,-8.617752080936874],[158.0697068401815,-8.61734400043415],[158.0697539999373,-8.618046973990415]]],[[[158.00698512046966,-8.496961971072794],[158.00646600023663,-8.497502096752932],[158.00622911988611,-8.496791067987958],[158.00698512046966,-8.496961971072794]]],[[[157.82403996005908,-8.580483967737452],[157.82322383972513,-8.579667014133896],[157.82365799999351,-8.579570011499008],[157.82403996005908,-8.580483967737452]]],[[[157.9102419596516,-8.509569976293363],[157.90945608020337,-8.509655959739439],[157.90973615963762,-8.508999961211414],[157.9102419596516,-8.509569976293363]]],[[[157.08925403966802,-8.1171730108386],[157.0890758399668,-8.117558984115643],[157.0881099596952,-8.117006040066881],[157.08925403966802,-8.1171730108386]]],[[[158.1639778804568,-8.624212969320004],[158.16349512043323,-8.624695964665491],[158.1630789597082,-8.624173994984],[158.1639778804568,-8.624212969320004]]],[[[158.15033712007263,-8.546840052204837],[158.1496200003712,-8.547753018643315],[158.14976796008503,-8.546822074435138],[158.15033712007263,-8.546840052204837]]],[[[158.14258092038247,-8.7388400394875],[158.1417871204884,-8.739304029430029],[158.14173707983548,-8.738730979959017],[158.14258092038247,-8.7388400394875]]],[[[157.85614007994408,-8.337886943003017],[157.85541396002182,-8.337961922024832],[157.8553480802738,-8.33729102902796],[157.85614007994408,-8.337886943003017]]],[[[157.91830307988855,-8.55920095636817],[157.91746896001126,-8.559025987102208],[157.91769000036837,-8.558427032009654],[157.91830307988855,-8.55920095636817]]],[[[158.089347000089,-8.615175098443208],[158.0891338801777,-8.615741039257538],[158.08817304035318,-8.615385991338215],[158.089347000089,-8.615175098443208]]],[[[158.12728092046456,-8.703059119197281],[158.126421960373,-8.702858950975504],[158.1269749201428,-8.702518041667238],[158.12728092046456,-8.703059119197281]]],[[[158.1527419199697,-8.713227890724571],[158.15206404047652,-8.713376989961112],[158.15221092041534,-8.71261298980652],[158.1527419199697,-8.713227890724571]]],[[[157.27362695993332,-8.336718979018295],[157.27247784041174,-8.337252916304957],[157.2728738402469,-8.336669110943115],[157.27362695993332,-8.336718979018295]]],[[[157.91547096039395,-8.519576082174764],[157.91473404002707,-8.51988101977177],[157.91468508004746,-8.519153121752792],[157.91547096039395,-8.519576082174764]]],[[[156.82268412016393,-8.05319497628274],[156.82091292000305,-8.052458015998083],[156.82210991972926,-8.052647112491288],[156.82268412016393,-8.05319497628274]]],[[[157.91684688027027,-8.55251699724595],[157.9167370800914,-8.552989938824657],[157.9159371599753,-8.552607955058683],[157.91684688027027,-8.55251699724595]]],[[[157.01455692022608,-8.228367938312717],[157.01406083998347,-8.229303031501246],[157.01372712034697,-8.228854992098038],[157.01455692022608,-8.228367938312717]]],[[[157.9336110002523,-8.525669088288003],[157.9326271204374,-8.525075065550578],[157.93325999972473,-8.525019882544997],[157.9336110002523,-8.525669088288003]]],[[[158.08570200048374,-8.74236496131357],[158.08569696003667,-8.74302393476138],[158.0850151198714,-8.74247206250951],[158.08570200048374,-8.74236496131357]]],[[[157.85676107991011,-8.352117024702505],[157.8564961200204,-8.352678901166767],[157.85616311993445,-8.351631904141039],[157.85676107991011,-8.352117024702505]]],[[[157.7966918399922,-8.270318973857961],[157.79585303989228,-8.270958987393243],[157.79610108001359,-8.270164001775901],[157.7966918399922,-8.270318973857961]]],[[[157.8974479198132,-8.464276927407807],[157.89694896047007,-8.464778997814067],[157.89687696050004,-8.463564947332147],[157.8974479198132,-8.464276927407807]]],[[[155.8369551600506,-7.099158940796072],[155.83648608047048,-7.0996499674931215],[155.83615308038452,-7.098996039521041],[155.8369551600506,-7.099158940796072]]],[[[156.6964349997282,-7.6863561127890065],[156.69570311980834,-7.686518084045423],[156.69583200020386,-7.685805980530106],[156.6964349997282,-7.6863561127890065]]],[[[155.55563784017392,-7.408639929480183],[155.5550560804161,-7.409119016081749],[155.5551118801683,-7.408318991575478],[155.55563784017392,-7.408639929480183]]],[[[157.91250311983302,-8.515975025021186],[157.9121341197621,-8.51658899973341],[157.91213015998835,-8.51550506408855],[157.91250311983302,-8.515975025021186]]],[[[157.62950711998155,-8.15676207555364],[157.62950711998155,-8.157241019924134],[157.62868811964879,-8.157373941174114],[157.62950711998155,-8.15676207555364]]],[[[157.45639500041761,-8.261551945900507],[157.45570811980528,-8.261900016100288],[157.4557480804624,-8.261149011432284],[157.45639500041761,-8.261551945900507]]],[[[157.89377016044614,-8.410528961266293],[157.89299507964597,-8.410510977036086],[157.893578999852,-8.40988401252015],[157.89377016044614,-8.410528961266293]]],[[[157.05061992025773,-8.144827108040827],[157.04976203994116,-8.145231943301948],[157.04939591986903,-8.144672088141341],[157.05061992025773,-8.144827108040827]]],[[[157.18399307974843,-8.181332031784835],[157.1835250799433,-8.181998914209567],[157.1833911599991,-8.180876990238975],[157.18399307974843,-8.181332031784835]]],[[[157.33465200012697,-8.403722041946194],[157.3336591200912,-8.404433064773379],[157.3336519200942,-8.403805912287309],[157.33465200012697,-8.403722041946194]]],[[[158.01426791968322,-8.524215982501424],[158.0133358798467,-8.52462807930714],[158.0139111600563,-8.523932054300024],[158.01426791968322,-8.524215982501424]]],[[[158.13925991974398,-8.58783202010434],[158.13858888002338,-8.587628052540344],[158.1390439198339,-8.587132016251013],[158.13925991974398,-8.58783202010434]]],[[[157.80143412003892,-8.293752984008462],[157.80072311966117,-8.29419097459154],[157.8004048797937,-8.293731966367941],[157.80143412003892,-8.293752984008462]]],[[[157.33396512041296,-8.309915921784592],[157.33345212040197,-8.309840047046748],[157.3337768398176,-8.30905404562529],[157.33396512041296,-8.309915921784592]]],[[[157.35080591968938,-8.40626804011528],[157.35035988009963,-8.40663200705736],[157.3499991598007,-8.40594591875549],[157.35080591968938,-8.40626804011528]]],[[[158.1071569198602,-8.729718995257526],[158.1066439198492,-8.730170008668566],[158.10607187986278,-8.729706897392624],[158.1071569198602,-8.729718995257526]]],[[[157.32493596035448,-8.406776953079163],[157.32426708018383,-8.407304917808275],[157.32421092020724,-8.406565054584213],[157.32493596035448,-8.406776953079163]]],[[[157.9473478803719,-8.538463943299206],[157.94653392048622,-8.538523930735527],[157.9469421598671,-8.538055065588466],[157.9473478803719,-8.538463943299206]]],[[[157.961511000314,-8.512022884559187],[157.96108799981639,-8.512298988753367],[157.961027880066,-8.511366000332762],[157.961511000314,-8.512022884559187]]],[[[157.72852008007916,-8.202181960948362],[157.7277871203843,-8.202693989026528],[157.7275160402726,-8.20223487403489],[157.72852008007916,-8.202181960948362]]],[[[157.12082711977246,-8.151364995569937],[157.1200711200872,-8.151350028400277],[157.1205380401174,-8.150703050668088],[157.12082711977246,-8.151364995569937]]],[[[158.11913016004036,-8.73260600671979],[158.1188500797078,-8.733443088145274],[158.11850916007432,-8.732401050635863],[158.11913016004036,-8.73260600671979]]],[[[157.52032200052594,-8.287512054834915],[157.51949292019742,-8.287619995545134],[157.51968012011946,-8.287136042320924],[157.52032200052594,-8.287512054834915]]],[[[157.91786495984636,-8.51936691591847],[157.91706612040355,-8.519554898975827],[157.9175470802033,-8.518938080867375],[157.91786495984636,-8.51936691591847]]],[[[157.1869591200856,-8.24522598609413],[157.1864119203134,-8.245201046178463],[157.18652712026545,-8.244515921399133],[157.1869591200856,-8.24522598609413]]],[[[155.83159404048612,-7.098104009598952],[155.83095108030466,-7.098384979525667],[155.83098096006765,-7.097815894819636],[155.83159404048612,-7.098104009598952]]],[[[158.01268500011767,-8.527774952357387],[158.01233400048838,-8.528401012276017],[158.01221195986548,-8.527562942492212],[158.01268500011767,-8.527774952357387]]],[[[157.51137995998204,-8.279896982180986],[157.5106369202914,-8.279961996997807],[157.51089107973644,-8.279392000918131],[157.51137995998204,-8.279896982180986]]],[[[157.91223600039342,-8.521459107135875],[157.9118511603291,-8.521795017466973],[157.91139791984403,-8.521333074509807],[157.91223600039342,-8.521459107135875]]],[[[155.87172000017355,-7.064431925339187],[155.8710831602141,-7.06472006035084],[155.87117388017634,-7.063994987276116],[155.87172000017355,-7.064431925339187]]],[[[157.96014804043233,-8.574872049699593],[157.95978012013634,-8.575496964533043],[157.95945000004923,-8.574985071834615],[157.96014804043233,-8.574872049699593]]],[[[155.5698621596414,-7.404623008254565],[155.5686900001294,-7.404677092607948],[155.5691040004062,-7.404334017827999],[155.5698621596414,-7.404623008254565]]],[[[157.26770496015317,-8.200416047367673],[157.2666058803862,-8.19990704589786],[157.26742487982065,-8.199680960342514],[157.26770496015317,-8.200416047367673]]],[[[157.3715559598085,-8.288663066821558],[157.3706858399462,-8.288758895226088],[157.37108688022835,-8.288342984835783],[157.3715559598085,-8.288663066821558]]],[[[156.59063892020902,-7.5680789408040114],[156.5900099997972,-7.568025946373068],[156.5901039599826,-7.567350937299394],[156.59063892020902,-7.5680789408040114]]],[[[157.3008249598381,-8.172496044439267],[157.30035012026042,-8.172942008099186],[157.30014599967166,-8.172313061066317],[157.3008249598381,-8.172496044439267]]],[[[157.56963012043275,-8.329915043429697],[157.5692578801386,-8.330271958149547],[157.5692550001398,-8.329264083885127],[157.56963012043275,-8.329915043429697]]],[[[158.16795192037424,-8.546112917130216],[158.1672891604256,-8.546259056394677],[158.16724091999654,-8.545685002230753],[158.16795192037424,-8.546112917130216]]],[[[157.74637500005622,-8.487839009176433],[157.74538104024546,-8.488146998783318],[157.7454350397738,-8.487631072071384],[157.74637500005622,-8.487839009176433]]],[[[158.18933700022893,-8.65864793375909],[158.1885910796412,-8.658502016312685],[158.18904503967676,-8.658165871042014],[158.18933700022893,-8.65864793375909]]],[[[157.03956792036777,-8.143653940435168],[157.03945812018887,-8.144061092596],[157.03878887979377,-8.143869009578045],[157.03956792036777,-8.143653940435168]]],[[[157.8899610000109,-8.46285812835641],[157.88877191983224,-8.46284798057864],[157.88910996036523,-8.462573977060766],[157.8899610000109,-8.46285812835641]]],[[[157.1872791601769,-8.249819104945956],[157.186982160076,-8.250316998586767],[157.18672511973386,-8.24975497550868],[157.1872791601769,-8.249819104945956]]],[[[157.90681800040346,-8.50348703873879],[157.90607207981571,-8.503754960992195],[157.9058438403599,-8.503409955721173],[157.90681800040346,-8.50348703873879]]],[[[158.16219912007455,-8.528571011297904],[158.16174804003776,-8.528967083101765],[158.16167388051778,-8.528258960800263],[158.16219912007455,-8.528571011297904]]],[[[157.01647212032697,-8.224371903794513],[157.01579784038316,-8.22442107211634],[157.01582484014733,-8.223873086613928],[157.01647212032697,-8.224371903794513]]],[[[156.03785892039502,-6.862174966142403],[156.03739703991363,-6.8625940425500795],[156.03665903977176,-6.862450001490101],[156.03785892039502,-6.862174966142403]]],[[[158.14816704007782,-8.515866969811242],[158.14767708005726,-8.515976093670435],[158.14713312050833,-8.515332922773611],[158.14816704007782,-8.515866969811242]]],[[[157.16108412030366,-8.330684082760753],[157.1607921597515,-8.331323998423917],[157.16045483966735,-8.330790052937251],[157.16108412030366,-8.330684082760753]]],[[[158.08251888046158,-8.525127935135032],[158.08248108025273,-8.525711989650508],[158.08190904026634,-8.525305946279229],[158.08251888046158,-8.525127935135032]]],[[[158.09519196035032,-8.618768097557904],[158.09430491982133,-8.619062099362937],[158.09485896026442,-8.618536918513593],[158.09519196035032,-8.618768097557904]]],[[[157.57603884001023,-8.374917874485307],[157.57518492036576,-8.374799985186273],[157.57575408035336,-8.374593055513994],[157.57603884001023,-8.374917874485307]]],[[[157.45421196042824,-7.978583887576932],[157.45322987993882,-7.979311890553872],[157.45318416018242,-7.979069995856105],[157.45421196042824,-7.978583887576932]]],[[[157.0588120804401,-8.146131059641885],[157.05775187975865,-8.145932027884303],[157.05825911977203,-8.145781996948578],[157.0588120804401,-8.146131059641885]]],[[[158.11800192006092,-8.736586085351268],[158.1175641602432,-8.736631097574687],[158.11754112025278,-8.735695993510188],[158.11800192006092,-8.736586085351268]]],[[[157.11690491983344,-8.244354883266674],[157.1162421598848,-8.244384098173853],[157.11661908040162,-8.243816009857845],[157.11690491983344,-8.244354883266674]]],[[[158.14535399990163,-8.738196003568133],[158.14472687971355,-8.73838191989691],[158.1451070404536,-8.737720091586345],[158.14535399990163,-8.738196003568133]]],[[[157.87796183984156,-8.406308995951404],[157.8776461197484,-8.406851028609003],[157.87719395993668,-8.406315050097573],[157.87796183984156,-8.406308995951404]]],[[[157.9619728798971,-8.51533808538664],[157.96150703964193,-8.514898030724384],[157.96183104040534,-8.514394957179116],[157.9619728798971,-8.51533808538664]]],[[[157.5745261201909,-8.325388044752973],[157.57403508039533,-8.325560982971293],[157.57400699995787,-8.324760943205828],[157.5745261201909,-8.325388044752973]]],[[[157.91223203972132,-8.519513065552632],[157.91160312020773,-8.51961506737754],[157.9118259598904,-8.518927043908587],[157.91223203972132,-8.519513065552632]]],[[[158.14971395965836,-8.520728008040882],[158.14928988028407,-8.521116966231498],[158.14933416004106,-8.520431081878792],[158.14971395965836,-8.520728008040882]]],[[[157.96083204014752,-8.55644308793583],[157.9600519197986,-8.55697298319964],[157.96011383977282,-8.556566083834788],[157.96083204014752,-8.55644308793583]]],[[[158.02745508025623,-8.525893026639714],[158.02675884009696,-8.525972953235105],[158.02695792023863,-8.525532020302393],[158.02745508025623,-8.525893026639714]]],[[[155.5496038797667,-7.411499982558486],[155.54914595995731,-7.411655988320067],[155.5490879997569,-7.410764042613443],[155.5496038797667,-7.411499982558486]]],[[[156.83487912025174,-8.073817925887976],[156.83453892016882,-8.074208039876858],[156.83449284018798,-8.073514958836778],[156.83487912025174,-8.073817925887976]]],[[[157.50366084005185,-8.26789695890166],[157.50307512052032,-8.267934900371717],[157.50307008007323,-8.267383946016121],[157.50366084005185,-8.26789695890166]]],[[[157.89824712037876,-8.398733989012767],[157.89766715994648,-8.39892398897184],[157.89785508031736,-8.398420051755524],[157.89824712037876,-8.398733989012767]]],[[[157.91258087980063,-8.500496982572786],[157.91200488004048,-8.500691027660231],[157.91176908036326,-8.500179034197872],[157.91258087980063,-8.500496982572786]]],[[[156.59004384023225,-7.570270972747891],[156.58944192048287,-7.570161059163813],[156.5897540401283,-7.5698309614804735],[156.59004384023225,-7.570270972747891]]],[[[156.96568692036143,-8.05726400916995],[156.96495504044157,-8.057319971405791],[156.96535895982424,-8.05693304885737],[156.96568692036143,-8.05726400916995]]],[[[157.09646808003308,-8.19540100319018],[157.0958279998504,-8.195453026654038],[157.0956930001312,-8.19510810503514],[157.09646808003308,-8.19540100319018]]],[[[157.56523488024155,-8.369414078814794],[157.56488099971517,-8.36973302546772],[157.5647488799947,-8.369174913381991],[157.56523488024155,-8.369414078814794]]],[[[157.85927604021043,-8.389107070800057],[157.8584599198765,-8.388876999266397],[157.85865612001942,-8.38861505150923],[157.85927604021043,-8.389107070800057]]],[[[157.84929683987377,-8.551776879782317],[157.8487910398598,-8.5520169998196],[157.84867800035602,-8.551523053557812],[157.84929683987377,-8.551776879782317]]],[[[157.18697388030404,-8.248848967774098],[157.18653503981298,-8.249161956244388],[157.18647708051085,-8.24855005299528],[157.18697388030404,-8.248848967774098]]],[[[156.798448920373,-8.02935205867765],[156.7978228799599,-8.029459000064064],[156.79806588053248,-8.028974912686843],[156.798448920373,-8.02935205867765]]],[[[157.5190760399218,-8.299911882078824],[157.51841003974997,-8.299915088047905],[157.5187030800771,-8.299430972100321],[157.5190760399218,-8.299911882078824]]],[[[158.17267512020433,-8.560439089675734],[158.17219092018135,-8.560642003502283],[158.1719929198146,-8.560180996993171],[158.17267512020433,-8.560439089675734]]],[[[158.17261788045272,-8.561651943719495],[158.17204296046754,-8.561840973295698],[158.17228991991556,-8.56131695863048],[158.17261788045272,-8.561651943719495]]],[[[157.32633707977112,-8.281794885634637],[157.32555408032172,-8.281782061159399],[157.32586583974273,-8.281440064855861],[157.32633707977112,-8.281794885634637]]],[[[157.11651216022153,-8.301958058042464],[157.11590592047395,-8.302262988443667],[157.116013920429,-8.301717960514793],[157.11651216022153,-8.301958058042464]]],[[[157.23749088015666,-8.186693963281494],[157.23711683963867,-8.187147929429313],[157.23675900023682,-8.186731022072692],[157.23749088015666,-8.186693963281494]]],[[[157.60503900051216,-8.387702063940226],[157.60427616015602,-8.387666093335394],[157.60426608016024,-8.38736105066243],[157.60503900051216,-8.387702063940226]]],[[[157.88780388001072,-8.461266981041685],[157.8871011603033,-8.46123689265553],[157.88713499984007,-8.46081297717338],[157.88780388001072,-8.461266981041685]]],[[[157.95382212037123,-8.431637005075855],[157.95341388009203,-8.432019999958152],[157.953378959882,-8.431434912984207],[157.95382212037123,-8.431637005075855]]],[[[156.8074431602214,-8.03700398864474],[156.80680415981374,-8.037239967699138],[156.8068869602284,-8.036742879098343],[156.8074431602214,-8.03700398864474]]],[[[157.32820583966677,-8.335855024306333],[157.327992000205,-8.336138022431586],[157.32756899970738,-8.335742110046198],[157.32820583966677,-8.335855024306333]]],[[[157.94538696051458,-8.550958974002251],[157.9447810800931,-8.550989056144367],[157.94479187963947,-8.550458084790236],[157.94538696051458,-8.550958974002251]]],[[[157.9561390803049,-8.552552953134319],[157.9556048405273,-8.552261925926768],[157.95612215963817,-8.55192995838042],[157.9561390803049,-8.552552953134319]]],[[[156.7101571205277,-7.697289940670125],[156.70942811970835,-7.69724195650154],[156.7100091599156,-7.696932113612528],[156.7101571205277,-7.697289940670125]]],[[[156.792519000147,-8.036258977803584],[156.79181304021637,-8.036358966581748],[156.7923080397857,-8.03595509138112],[156.792519000147,-8.036258977803584]]],[[[157.34400300050063,-8.297482034430304],[157.34339892030297,-8.298009077935124],[157.34335607964707,-8.29756396744358],[157.34400300050063,-8.297482034430304]]],[[[157.48603595975445,-8.312063033805703],[157.4859639597844,-8.312725065222978],[157.48559207971468,-8.312367956251665],[157.48603595975445,-8.312063033805703]]],[[[157.91957712003182,-8.55865593495985],[157.9191238804451,-8.558917053650926],[157.91916311975504,-8.558255978833982],[157.91957712003182,-8.55865593495985]]],[[[155.5721229604967,-7.407925047779652],[155.57200199964873,-7.40822599448673],[155.57149296030985,-7.407641057873813],[155.5721229604967,-7.407925047779652]]],[[[156.88227096028268,-8.120777021819721],[156.88177812026328,-8.121126996380447],[156.88166004031245,-8.120643018525511],[156.88227096028268,-8.120777021819721]]],[[[157.93590816041876,-8.571477981934544],[157.9352950800003,-8.57156003493525],[157.93535196042575,-8.57114389527798],[157.93590816041876,-8.571477981934544]]],[[[156.77348292043715,-8.020520933878784],[156.77267004032646,-8.02065799997611],[156.7730019597391,-8.020181031209397],[156.77348292043715,-8.020520933878784]]],[[[157.92028307996245,-8.50612299053914],[157.91981903993107,-8.505306946030489],[157.9201801204545,-8.505364980236807],[157.92028307996245,-8.50612299053914]]],[[[158.18910192010225,-8.661282985655081],[158.18848812013323,-8.661045959956292],[158.18888807974213,-8.660779929039307],[158.18910192010225,-8.661282985655081]]],[[[157.91778792032758,-8.54434304578271],[157.91724395988035,-8.544346961483944],[157.91724395988035,-8.543865999682488],[157.91778792032758,-8.54434304578271]]],[[[157.13605403994538,-8.269134063682165],[157.13569799986902,-8.269494951983924],[157.13548812018098,-8.268947919251984],[157.13605403994538,-8.269134063682165]]],[[[157.9319078402877,-8.567151032332344],[157.93130988031209,-8.567105110798558],[157.9315049997817,-8.5667889970651],[157.9319078402877,-8.567151032332344]]],[[[158.1670551600739,-8.59854691003182],[158.1666829197797,-8.598904999485077],[158.1665929202663,-8.598277986876495],[158.1670551600739,-8.59854691003182]]],[[[157.87670795968987,-8.428918993620403],[157.87607291995425,-8.42885703084065],[157.87661688040154,-8.428472073887312],[157.87670795968987,-8.428918993620403]]],[[[157.93916399996147,-8.523367044547214],[157.93869095970928,-8.523454982364234],[157.93878996034178,-8.52286789910461],[157.93916399996147,-8.523367044547214]]],[[[157.91184792010586,-8.541616041934894],[157.91119416037805,-8.541477021435835],[157.91122799991476,-8.541104103978432],[157.91184792010586,-8.541616041934894]]],[[[156.87237095991304,-8.115955925505359],[156.8718169203683,-8.115965013496432],[156.87212112046623,-8.115566029722363],[156.87237095991304,-8.115955925505359]]],[[[157.86269603968483,-8.372237040930116],[157.86234684027937,-8.372697025779544],[157.86229500030095,-8.37211594543912],[157.86269603968483,-8.372237040930116]]],[[[158.16654684028552,-8.541948018579918],[158.16602412050312,-8.54205695605137],[158.16596399985445,-8.541613905675892],[158.16654684028552,-8.541948018579918]]],[[[156.56884308030078,-7.761123080948985],[156.56841396047943,-7.761253991054128],[156.56808995971602,-7.7608569814317105],[156.56884308030078,-7.761123080948985]]],[[[157.50933984015774,-8.31222707259679],[157.50895392031842,-8.312632092499173],[157.5088880396721,-8.311957949662046],[157.50933984015774,-8.31222707259679]]],[[[157.33685808010677,-8.402270969156543],[157.33633500009998,-8.402590957462081],[157.33641815984078,-8.40209396934632],[157.33685808010677,-8.402270969156543]]],[[[156.03965603964681,-6.942328991870348],[156.0389680801578,-6.942194088351419],[156.03952896037345,-6.941973954556942],[156.03965603964681,-6.942328991870348]]],[[[157.1821711202825,-8.30776897680793],[157.1815749605307,-8.308009070585765],[157.1816869202595,-8.307640914205685],[157.1821711202825,-8.30776897680793]]],[[[157.9170869999457,-8.543856920859517],[157.9165311601771,-8.543870093334675],[157.9166960396593,-8.543325939441615],[157.9170869999457,-8.543856920859517]]],[[[157.9147819202317,-8.497344011180553],[157.9142329202357,-8.497447977528315],[157.9142818802153,-8.496982978463913],[157.9147819202317,-8.497344011180553]]],[[[157.70182392041454,-8.204078991016111],[157.70133287972067,-8.204237017073202],[157.7015038803232,-8.203675997298301],[157.70182392041454,-8.204078991016111]]],[[[157.52015604037047,-8.29993895520286],[157.51979712029532,-8.300352893612025],[157.51962396014287,-8.299959973401746],[157.52015604037047,-8.29993895520286]]],[[[157.86629603998256,-8.58131604793335],[157.86598392033707,-8.581880971521068],[157.8657088804516,-8.581625919258075],[157.86629603998256,-8.58131604793335]]],[[[157.323197159731,-8.410431917080002],[157.32288287963726,-8.410794989124348],[157.3226888399426,-8.410307983725083],[157.323197159731,-8.410431917080002]]],[[[157.49353296045086,-8.318173021148024],[157.49310204040566,-8.317714040444987],[157.4933720398441,-8.317542880127371],[157.49353296045086,-8.318173021148024]]],[[[157.88298312044583,-8.465132940076364],[157.88270304011328,-8.465513943455582],[157.88249316042527,-8.465103029084908],[157.88298312044583,-8.465132940076364]]],[[[157.91118191993397,-8.412738019415427],[157.91081796031006,-8.412885990144693],[157.91082912008085,-8.412348951148067],[157.91118191993397,-8.412738019415427]]],[[[157.90727016021518,-8.518399943349754],[157.90674203976133,-8.518687080742952],[157.9068118801814,-8.518286905113367],[157.90727016021518,-8.518399943349754]]],[[[158.11242012036377,-8.729725044189824],[158.11234991971926,-8.730115032981512],[158.11191108012656,-8.730129978332544],[158.11242012036377,-8.729725044189824]]],[[[157.9282610404586,-8.425931029644719],[157.92780708042304,-8.425747986948991],[157.9280259603319,-8.425340057493303],[157.9282610404586,-8.425931029644719]]],[[[157.86249984044022,-8.57930303282973],[157.86202607973914,-8.579204962525088],[157.8622600800909,-8.578758930258582],[157.86249984044022,-8.57930303282973]]],[[[157.42304496015473,-8.274522951917115],[157.42285884000765,-8.274921954079169],[157.4225899203442,-8.27445900461882],[157.42304496015473,-8.274522951917115]]],[[[157.55411699970526,-8.282266021054964],[157.55407091972447,-8.282699036915863],[157.55369112010717,-8.282272967487987],[157.55411699970526,-8.282266021054964]]],[[[157.1854600798114,-8.219299974749173],[157.18493304003084,-8.219390119327532],[157.18515984038555,-8.218968970123159],[157.1854600798114,-8.219299974749173]]],[[[158.169711959866,-8.552360892978914],[158.16918492008546,-8.552382074333615],[158.16940199977049,-8.551974992058028],[158.169711959866,-8.552360892978914]]],[[[156.81798684032304,-8.04812997104641],[156.81767615977864,-8.048458977844444],[156.81750012052566,-8.04796297221925],[156.81798684032304,-8.04812997104641]]],[[[157.91743008002743,-8.518122953824262],[157.91702292042152,-8.518305951992375],[157.91699988043115,-8.51790203704699],[157.91743008002743,-8.518122953824262]]],[[[158.16228696003796,-8.5922589365602],[158.16166092052316,-8.592369105788343],[158.16180383978994,-8.59203005501221],[158.16228696003796,-8.5922589365602]]],[[[157.8926890802225,-8.453763912399198],[157.89206303980944,-8.453511980064883],[157.89261312047873,-8.453474946830358],[157.8926890802225,-8.453763912399198]]],[[[157.18512204017674,-8.31360207222168],[157.18463100038116,-8.31380493761305],[157.18479407963954,-8.313288066438737],[157.18512204017674,-8.31360207222168]]],[[[157.3192951197836,-8.35868496258616],[157.31886204018846,-8.358921997256887],[157.31894304037934,-8.358447927769511],[157.3192951197836,-8.35868496258616]]],[[[157.88400803979454,-8.46383788223371],[157.88352707999474,-8.46349497733955],[157.8837150003657,-8.463227027530863],[157.88400803979454,-8.46383788223371]]],[[[157.60434491990284,-8.039736989241938],[157.6039561200647,-8.039899001643523],[157.6041091202256,-8.039415995945138],[157.60434491990284,-8.039736989241938]]],[[[157.35351203968554,-8.406500951160488],[157.35331907976587,-8.406888066368541],[157.35310092030588,-8.406356005034187],[157.35351203968554,-8.406500951160488]]],[[[156.83938991972113,-8.08022509033127],[156.83865912047452,-8.08058704085346],[156.83868612023872,-8.080341997706347],[156.83938991972113,-8.08022509033127]]],[[[156.9416781598025,-7.9909629777791595],[156.9412810801924,-7.991339980349826],[156.94094808010647,-7.991164046159233],[156.9416781598025,-7.9909629777791595]]],[[[158.10351912025192,-8.69906195789172],[158.1033340798798,-8.699474931706002],[158.10299316024637,-8.699240064905341],[158.10351912025192,-8.69906195789172]]],[[[158.0951728801337,-8.73932502318256],[158.09468507966307,-8.739131100386068],[158.09515811991525,-8.738948030973466],[158.0951728801337,-8.73932502318256]]],[[[156.87818495973812,-8.094098020910291],[156.87768600039504,-8.09414702732079],[156.8778418796564,-8.09381199831852],[156.87818495973812,-8.094098020910291]]],[[[157.46397696018036,-8.280999923067819],[157.46364000032062,-8.281116949756049],[157.46334588021853,-8.280689988250751],[157.46372316006142,-8.280592020137917],[157.46397696018036,-8.280999923067819]]],[[[157.4876811604169,-8.313653901860423],[157.48754400024947,-8.314245933328017],[157.48725996014315,-8.314032916451737],[157.4876811604169,-8.313653901860423]]],[[[157.3158531600938,-8.356963026584403],[157.31528400010617,-8.357086976274154],[157.31545499981038,-8.356766060768008],[157.3158531600938,-8.356963026584403]]],[[[157.4119710000493,-8.28081609920757],[157.4119490398339,-8.281001881819797],[157.4113028403275,-8.280860986770204],[157.4119710000493,-8.28081609920757]]],[[[156.8394568801424,-8.097761046564917],[156.83884991994591,-8.097772986290273],[156.83878907974668,-8.09743207955163],[156.8394568801424,-8.097761046564917]]],[[[157.48594200046733,-8.31361899266194],[157.48552692041554,-8.313818118030575],[157.48569611989595,-8.313300000499156],[157.48594200046733,-8.31361899266194]]],[[[157.91427395976945,-8.517338086914013],[157.9139290803622,-8.517314055358757],[157.91402808009641,-8.516886106875651],[157.91427395976945,-8.517338086914013]]],[[[155.546016119913,-7.412439049864708],[155.54598695970054,-7.412819067234202],[155.54560608030832,-7.412834061140497],[155.546016119913,-7.412439049864708]]],[[[157.2068548803358,-8.272320059282125],[157.2067519199295,-8.2726809446285],[157.2063919200794,-8.27244403608664],[157.2068548803358,-8.272320059282125]]],[[[157.448112120273,-7.98207094828382],[157.4473849196775,-7.982270059973207],[157.44732911992529,-7.9820390401135715],[157.448112120273,-7.98207094828382]]],[[[157.8934828801166,-8.453489012394012],[157.89285612015294,-8.453588005290468],[157.89330000019274,-8.4532969028306],[157.8934828801166,-8.453489012394012]]],[[[157.91658983992812,-8.517520017711881],[157.91621400008458,-8.51768699544909],[157.91626800051128,-8.517335950517483],[157.91658983992812,-8.517520017711881]]],[[[157.48580088052606,-8.314343002673818],[157.48575515987136,-8.314741074510675],[157.4854099202397,-8.314424041855938],[157.48580088052606,-8.314343002673818]]],[[[157.06146312023463,-8.146515045255668],[157.06100088042712,-8.146691981511703],[157.06123883965427,-8.146306035749284],[157.06146312023463,-8.146515045255668]]],[[[157.16076300043736,-8.13783509261815],[157.1606071202777,-8.138081882500884],[157.1602190399901,-8.138116985500194],[157.16076300043736,-8.13783509261815]]],[[[155.59112304022153,-7.406157917851434],[155.59110791977866,-7.406434946558295],[155.59083107966936,-7.406389072831884],[155.59112304022153,-7.406157917851434]]],[[[157.06440611968304,-8.147172898414947],[157.06421315976337,-8.147420929371096],[157.06401587984553,-8.147271968670815],[157.06440611968304,-8.147172898414947]]],[[[157.87524096052525,-8.404323018839806],[157.87517112010516,-8.40459492717461],[157.8749450401993,-8.404482923162737],[157.87524096052525,-8.404323018839806]]]]}},{"type":"Feature","properties":{"ADM1_PCODE":"SB03","ADM1_NAME":"Isabel"},"geometry":{"type":"MultiPolygon","coordinates":[[[[159.89913216048043,-8.553966080042803],[159.88061303965705,-8.56808192708203],[159.82595100018278,-8.551198916619187],[159.798859920458,-8.52741305805229],[159.78391416039258,-8.496138964245826],[159.7754138403385,-8.50155692779981],[159.75690407996035,-8.495067966190826],[159.75157499970882,-8.486570020027093],[159.7569490801662,-8.478651026251857],[159.74248896012318,-8.474587941960722],[159.73615296006628,-8.460125025793719],[159.7013521199583,-8.454368016966724],[159.70880412044883,-8.446993008247587],[159.6914971197945,-8.430473951709564],[159.70823099978912,-8.413062094926065],[159.67667592012637,-8.413119965204574],[159.63950196010816,-8.376803030203964],[159.6195640796509,-8.369170994982477],[159.58861415996074,-8.369164940250018],[159.56592191997655,-8.38137501973508],[159.54220404019478,-8.360763065250469],[159.526339919838,-8.365208981495062],[159.53046803969124,-8.349594001936284],[159.50619000014277,-8.34774094934052],[159.48784295969685,-8.32441702540304],[159.47792495978388,-8.328591928554292],[159.44944895996204,-8.308325039264314],[159.45077808030695,-8.29904392872801],[159.43055292041845,-8.298592940750593],[159.41067300016164,-8.283034975134218],[159.39611891993312,-8.288365962377748],[159.34186584028856,-8.259039919972299],[159.33090815991017,-8.269619107762283],[159.32993795964038,-8.251376022733247],[159.29517996018828,-8.21726601936841],[159.25343508005201,-8.223789000070601],[159.25585715994185,-8.20817392861472],[159.28068708038347,-8.210571011161626],[159.25860791991943,-8.198003938260351],[159.23516796002195,-8.20531700851178],[159.23260908018906,-8.193738037844971],[159.21556812009769,-8.202582996160494],[159.21484883994802,-8.193245061945634],[159.19704504039885,-8.184201952267367],[159.19537608019542,-8.170153074641163],[159.18966503987832,-8.173934958540833],[159.1785050400333,-8.162553030161423],[159.18685992014795,-8.151980968269283],[159.17797007980687,-8.146953020684307],[159.1659961200762,-8.153855964732694],[159.17112683973656,-8.144795926293556],[159.1569309600327,-8.148844076162858],[159.10955783999398,-8.11487693992758],[159.09090084035086,-8.115224960117184],[159.0807031203298,-8.10221900460533],[159.08700888039928,-8.084271930575033],[159.06771396012348,-8.088210022501244],[159.0724411197273,-8.096760066235438],[159.0431648404632,-8.087276917103729],[159.0348520796573,-8.073346009944329],[159.02234783992284,-8.079946008671856],[159.00644988002932,-8.066735922911715],[159.02006111997662,-8.058819002545329],[159.0118498804759,-8.053243988616703],[159.00516900011343,-8.063861062489192],[158.99224212010577,-8.055578015220828],[158.9787129601243,-8.027046933723804],[158.94732707994189,-8.031232972419604],[158.95582991977037,-8.01958802859789],[158.95081584006138,-8.009980083390005],[158.92600716028463,-8.008596016848117],[158.9012398802661,-7.9769870526603235],[158.88967811969005,-7.98322604527168],[158.870680919964,-7.964254933571883],[158.85234216018839,-7.963763103813249],[158.84921015969582,-7.944699993350629],[158.83026587972316,-7.92800391388942],[158.8366180799979,-7.942699059529042],[158.8231159197806,-7.945878906505984],[158.8167269999703,-7.9280679160797645],[158.82549803991165,-7.926268001764462],[158.81366700034604,-7.917791040596965],[158.80905108002216,-7.924005974536788],[158.8027330804069,-7.905921077097073],[158.77438703985717,-7.909534981991111],[158.77267884034381,-7.89186790884903],[158.78291688034815,-7.891326069113066],[158.7695968805041,-7.870392049126407],[158.76329688043225,-7.877566067116981],[158.76124991993706,-7.8721510189660675],[158.7613410001237,-7.881328031344674],[158.75235108027348,-7.869560971642035],[158.74346411993122,-7.865517890302727],[158.73999084047904,-7.872912910177318],[158.72187888015984,-7.862751989429705],[158.72968115983082,-7.853486124210025],[158.73854688040652,-7.858774994791535],[158.75412587998366,-7.85601796398205],[158.75303004043994,-7.850844962044993],[158.737429079749,-7.855261926549047],[158.72727491993436,-7.849777044664661],[158.72854896007763,-7.839732890957477],[158.7011011198277,-7.821864011764262],[158.6836468799084,-7.794801025274532],[158.65660403971438,-7.787294047777299],[158.65447715970163,-7.772741962619287],[158.63611499971117,-7.767977059875319],[158.6302250401423,-7.778459881265102],[158.61082716035853,-7.766562042097918],[158.61368700006614,-7.753186915703439],[158.6025871199715,-7.754453052109153],[158.5914530401157,-7.738894947777069],[158.58569591981777,-7.748065077738885],[158.58977004014272,-7.701877979411405],[158.5717729204494,-7.694548973661409],[158.56939007986946,-7.704514906284671],[158.56198199980977,-7.696761049033246],[158.56976808016125,-7.681527978656765],[158.55590807964379,-7.649154911430101],[158.54199912004503,-7.642046036144135],[158.53739400016576,-7.627316080771325],[158.52100500047666,-7.626191041613574],[158.4924170400277,-7.592632986494872],[158.48060004023162,-7.597949033176308],[158.47640712040536,-7.587810930366978],[158.4674830803031,-7.589080057413961],[158.43605004036493,-7.567238882383672],[158.44172795979753,-7.556797071025801],[158.42871108027649,-7.550397035043459],[158.4226558801027,-7.535774040939536],[158.4320518797838,-7.529963998943026],[158.43215808041336,-7.513142115705816],[158.46612984019282,-7.528722000524384],[158.46668208041203,-7.545442995126115],[158.49031896000292,-7.540725871225509],[158.49783792001645,-7.55190894848937],[158.52668616013247,-7.552358078728358],[158.5253458800168,-7.56844294208939],[158.53867092030785,-7.562303949520808],[158.56851383978517,-7.574317058113717],[158.57832204041756,-7.586136954547841],[158.58834912006057,-7.583868994477697],[158.5894719602668,-7.559354953937662],[158.60280096033162,-7.551476056469652],[158.61327984046025,-7.551852026617117],[158.62075200004406,-7.572540967543059],[158.62785983977963,-7.559973946819039],[158.67722808033514,-7.596285980569973],[158.73093684020634,-7.581912019308196],[158.73451703983855,-7.6025349287155475],[158.79683808039098,-7.653773975286639],[158.80508207965343,-7.672927963262017],[158.8529080799528,-7.7196008873072515],[158.85380088047938,-7.729727114802329],[158.86722996005335,-7.7380250816712035],[158.92970687986715,-7.7453479834529135],[158.93088588004997,-7.755674061828374],[158.94483192030702,-7.753680065429402],[158.96601899979507,-7.776312973676089],[158.9625950396486,-7.780242958612097],[158.99233500051625,-7.792377955586289],[158.99537015992627,-7.796467044750618],[158.9817909601902,-7.800499027000797],[158.96854511986618,-7.817259984216029],[158.99045004040278,-7.825186019466923],[159.00213312025454,-7.845830952593946],[159.02540387977334,-7.851408965040558],[159.03207395969113,-7.837939012070754],[159.03267911966373,-7.84851101878373],[159.03644003966988,-7.84418492364827],[159.0730289997071,-7.870060937579534],[159.06620700030174,-7.900897036239993],[159.09048791984904,-7.900120041568726],[159.0995368796747,-7.919134051561246],[159.14876508006392,-7.931021106171439],[159.15911184047215,-7.931918023070985],[159.1441239601997,-7.917050982841973],[159.16771187981095,-7.906417076409236],[159.1982870403309,-7.918899074603105],[159.16914287988888,-7.916003026786543],[159.19328195994441,-7.951991089084269],[159.21550007990143,-7.943577945026723],[159.22956888033198,-7.9608400973965],[159.2580628796972,-7.9599009946831725],[159.27052607989796,-7.985785966368335],[159.28862183999928,-7.987956030042816],[159.29436996007638,-7.996665938308711],[159.30428507999056,-7.993452974680928],[159.30505007989663,-7.9836809536202615],[159.32495087969556,-7.991949958855085],[159.32025791985288,-7.975218904525512],[159.34078116051563,-7.9827119561321345],[159.3518320797323,-7.999581023654989],[159.3599489997214,-7.995788057502798],[159.36872508010987,-8.0079609314198],[159.3712641601756,-7.979945951941682],[159.42998987975454,-8.022063947996179],[159.43726296009504,-8.042468011246667],[159.51764700008872,-8.079522039238324],[159.51862116013228,-8.089661002159941],[159.5079208803204,-8.0893090392643],[159.53854392014665,-8.101440077312846],[159.55397208001122,-8.128115026335761],[159.62593284036788,-8.158461009019428],[159.66351612044025,-8.203556988254318],[159.71554188033844,-8.230094000719314],[159.76073592016155,-8.281549966897579],[159.77543688032893,-8.282888024737503],[159.79222404030136,-8.303465966613752],[159.85442016023205,-8.343584951050607],[159.83457911995905,-8.36449396932248],[159.81544512028995,-8.370755041410412],[159.81071292023904,-8.396731946794755],[159.78818591996148,-8.404754119339023],[159.77580408017602,-8.395672960294606],[159.74170200000168,-8.400052948126508],[159.7745181598131,-8.414439053637732],[159.77025504024064,-8.42911503325963],[159.77954015996792,-8.447520028296376],[159.79151699969748,-8.42686600617231],[159.81625800040067,-8.423999995269384],[159.809911920348,-8.437546053898329],[159.8248108799837,-8.440247979880203],[159.82702596018433,-8.450207996741602],[159.80474988002683,-8.462491009561191],[159.85383516025104,-8.458764965423743],[159.84745884021092,-8.473645959000981],[159.8644378803281,-8.479798089787742],[159.8710996804739,-8.493970261630778],[159.84866376038298,-8.502856309530806],[159.85988568020224,-8.510368388016511],[159.85671803994902,-8.525227977045315],[159.87905784030454,-8.528211076138183],[159.87488004002282,-8.54214204146507],[159.89913216048043,-8.553966080042803]]],[[[159.70374504053402,-8.517162920244036],[159.68174183981378,-8.527810019945852],[159.68822112026018,-8.53449298787763],[159.67650888019594,-8.551555093020836],[159.62644584037886,-8.543231063672192],[159.59378304005443,-8.498048986219905],[159.55975007985128,-8.4965979116367],[159.53159087989746,-8.474871016398069],[159.52095215983547,-8.455008974781705],[159.5232651599953,-8.415381892356208],[159.55001100008838,-8.394407941961099],[159.55176600003142,-8.38492498019336],[159.59242511972147,-8.375287034805654],[159.64080695978936,-8.391698038984819],[159.64127892026661,-8.44269812521199],[159.6282170396414,-8.451077037001218],[159.63802416049884,-8.449974934375474],[159.6294511200259,-8.459693097037022],[159.6404059204055,-8.478122090723971],[159.65592012000968,-8.479411047758033],[159.63901992053343,-8.495715977603297],[159.66031607975142,-8.491104928133305],[159.66767916050358,-8.498583946612944],[159.6836530801409,-8.496556075673157],[159.6822181202892,-8.50843190285978],[159.70374504053402,-8.517162920244036]]],[[[158.5213639196535,-7.646446994672423],[158.50441908019585,-7.651017920437343],[158.49839196045951,-7.638775928567823],[158.4932230803658,-7.647383947593498],[158.46308891988684,-7.635320968392035],[158.45976899992164,-7.631563048231261],[158.4739040403246,-7.62785005375909],[158.46935291997374,-7.6131970410509915],[158.4416098798467,-7.6329299908224115],[158.41915811976236,-7.618467873063524],[158.4177879598837,-7.605242945058467],[158.40995903977466,-7.611195952890063],[158.38206083993677,-7.603385088677069],[158.40387107983906,-7.626449911439381],[158.40724283978267,-7.644887958769106],[158.3972460001271,-7.63244900974677],[158.3796859198027,-7.635147024183199],[158.3703381596523,-7.61403701029162],[158.36818103965211,-7.624168962493887],[158.35337784042565,-7.628489999837695],[158.36504796028288,-7.601166997825614],[158.3495370000036,-7.603534067515456],[158.34942792027363,-7.594261975771801],[158.34004992013584,-7.592684015778605],[158.33642616029712,-7.598243960566543],[158.32367999976503,-7.5891020034799945],[158.32628208047828,-7.583470926981166],[158.31630107991782,-7.58741197470068],[158.30962812000118,-7.573728954573803],[158.29919784052612,-7.571751056934959],[158.30829396010753,-7.5669969280332925],[158.33194308014248,-7.574805954736593],[158.33559995996737,-7.562854062449823],[158.35044708052303,-7.582236041064115],[158.3403839999967,-7.582623047778485],[158.36956199997545,-7.592454029452516],[158.34567996026206,-7.563008051130672],[158.3690180404265,-7.555647045594398],[158.39652888042568,-7.578812921725545],[158.4135028800958,-7.575154070130338],[158.40689291992837,-7.583141018006432],[158.4239461204638,-7.5934449842806755],[158.4440010001986,-7.59726193897981],[158.44072499976596,-7.587636075660703],[158.4497221205115,-7.583586011780488],[158.46948395991916,-7.591121929456106],[158.5213639196535,-7.646446994672423]]],[[[158.42395692001014,-7.519997933907547],[158.41348091988036,-7.539014061288852],[158.4037900796482,-7.537178939275023],[158.41550807971004,-7.547349994236853],[158.4094640402053,-7.5621230174910385],[158.37181703993485,-7.5522599376988175],[158.3366198397673,-7.523263947083708],[158.2830748805017,-7.495028945106493],[158.2680218400318,-7.495345001544129],[158.26346207968447,-7.480083022265539],[158.25076812025355,-7.470968019101665],[158.25026088024018,-7.450974955586691],[158.27616108046078,-7.4531120704565605],[158.27958791970772,-7.472705083843928],[158.29563491998832,-7.474487115108103],[158.30800992000124,-7.490429952436854],[158.33994695972953,-7.497431038671345],[158.3312900399652,-7.4963029847599945],[158.34490596013515,-7.51081898658583],[158.36446511985181,-7.515760038299329],[158.34873707988754,-7.498688116869133],[158.3617910400669,-7.492940041722403],[158.3747391598411,-7.507952087315663],[158.39350416033756,-7.500828925520696],[158.40498312049897,-7.515886026629546],[158.4109551600336,-7.5087940454455016],[158.42395692001014,-7.519997933907547]]],[[[158.28293987988414,-7.424460933167859],[158.2789111199895,-7.4381850623244645],[158.26302216031678,-7.450183038545606],[158.2478488803461,-7.446006040671855],[158.24576303986711,-7.479557968923984],[158.2292880004384,-7.470341939234673],[158.22083088036635,-7.450750962459748],[158.1863400003539,-7.435620934561648],[158.19645491996027,-7.437209996005586],[158.2027750800238,-7.429148971708612],[158.19120900034784,-7.412650924900523],[158.21173512011103,-7.424906981855684],[158.2290428403159,-7.423195965895638],[158.22497088043926,-7.4081860106105974],[158.23965311971605,-7.399570031344369],[158.25426696036885,-7.400790083510442],[158.26627404008576,-7.415719968224968],[158.2441390798695,-7.436493018332535],[158.2294550403689,-7.430794101696982],[158.23344816050295,-7.439587954313795],[158.25371111970196,-7.442276104787839],[158.2727389196398,-7.415841880650391],[158.28293987988414,-7.424460933167859]]],[[[158.56540703973124,-7.678284931902765],[158.54934203990723,-7.689514010485543],[158.50945512012026,-7.668420957845561],[158.51992284047807,-7.668886021211351],[158.51883492048188,-7.658586903737681],[158.54098896001645,-7.6588389748451675],[158.5266091197154,-7.657677983725902],[158.53324499987204,-7.648878928845868],[158.54794884003815,-7.6539140164115995],[158.55060888005352,-7.6481389312654935],[158.56540703973124,-7.678284931902765]]],[[[158.23811303990814,-7.393663929462328],[158.21398008007463,-7.415550041673061],[158.19507684053406,-7.4070320228364634],[158.19738192024806,-7.398980976926515],[158.1857449203771,-7.389944974150675],[158.1931839599747,-7.382842922929632],[158.19982992012714,-7.390482987507239],[158.20828308042542,-7.384895935119275],[158.22294803970945,-7.387021055435414],[158.21728308027144,-7.39309896546868],[158.23811303990814,-7.393663929462328]]],[[[158.7568168804353,-7.584618024128237],[158.7258028803227,-7.570906008436365],[158.71677696048744,-7.541906094091475],[158.75534988037236,-7.570355014010984],[158.7568168804353,-7.584618024128237]]],[[[158.4866390401876,-7.682240982000808],[158.46144299967384,-7.678061057411898],[158.45246784004206,-7.656645968715265],[158.47692012041634,-7.664197013097562],[158.47964711995465,-7.673034996733046],[158.4741319204543,-7.674089983156745],[158.4845949596912,-7.673543045761981],[158.4866390401876,-7.682240982000808]]],[[[158.15379383998086,-7.367593992468576],[158.14465487974354,-7.372740875343145],[158.14709388030008,-7.395325970994743],[158.13347112035754,-7.402864968534877],[158.1257710797457,-7.372709992461694],[158.13541007999942,-7.3761820345126985],[158.13156708002742,-7.37276194012694],[158.15379383998086,-7.367593992468576]]],[[[158.70338604044838,-7.535171965852517],[158.6953958404065,-7.5394949680248935],[158.67220283995707,-7.515102971630461],[158.68968587986436,-7.5091770136173475],[158.70338604044838,-7.535171965852517]]],[[[158.58619704050744,-7.7193590195248785],[158.57843183969814,-7.731457068233051],[158.56369308022028,-7.725238015131199],[158.58087011980584,-7.710797943088011],[158.58619704050744,-7.7193590195248785]]],[[[158.24023884014593,-7.387146901930779],[158.22552384020904,-7.382124963319392],[158.22185903993827,-7.378154034904733],[158.23252907976268,-7.380913963892461],[158.2171840796389,-7.365837055479918],[158.2001751597588,-7.361195116356566],[158.21996508050228,-7.362894054415454],[158.24023884014593,-7.387146901930779]]],[[[158.7867148801143,-7.596591078846909],[158.7744759604939,-7.597679084367285],[158.7663669600523,-7.578497996365951],[158.7748201203506,-7.5719310929751975],[158.7867148801143,-7.596591078846909]]],[[[158.27239800000635,-7.404095900447835],[158.26826700015425,-7.408016081113751],[158.24222711999184,-7.390134903915886],[158.27239800000635,-7.404095900447835]]],[[[158.3004178802427,-7.437784005534253],[158.29687403992156,-7.455811025474012],[158.28553116015271,-7.433451963472354],[158.2933809598039,-7.427416018141013],[158.3004178802427,-7.437784005534253]]],[[[158.32397484031603,-7.462569940916518],[158.30345088010276,-7.461090020303901],[158.30152200045674,-7.451687982924164],[158.31126288044345,-7.447174026234732],[158.32397484031603,-7.462569940916518]]],[[[158.54693687978576,-7.713890017687412],[158.53734792018494,-7.714912974885593],[158.53049316011948,-7.702027993337509],[158.53972211987016,-7.700447042589323],[158.54693687978576,-7.713890017687412]]],[[[159.9232960798519,-8.52621504811459],[159.90920100010604,-8.516969062464685],[159.90858288013882,-8.506764930471434],[159.92167284030316,-8.513835095787892],[159.9232960798519,-8.52621504811459]]],[[[158.53171392028491,-7.69358001617181],[158.52316608025066,-7.698992020620224],[158.51717316027546,-7.683305043811207],[158.53171392028491,-7.69358001617181]]],[[[158.99909400017248,-8.063951063458408],[158.98383396001333,-8.063071012025945],[158.9742680404029,-8.054980964410607],[158.99909400017248,-8.063951063458408]]],[[[158.3468370002295,-7.466607927671238],[158.33582603987327,-7.474983084119529],[158.3368660796648,-7.465104997934906],[158.3468370002295,-7.466607927671238]]],[[[158.54996591987205,-7.697936025139446],[158.54123700013776,-7.6990560583860015],[158.53891211975827,-7.689020071567911],[158.54996591987205,-7.697936025139446]]],[[[159.823230840417,-8.400060961413674],[159.82170012015604,-8.410285013453155],[159.80752907976805,-8.41740502679437],[159.823230840417,-8.400060961413674]]],[[[158.28997715964906,-7.415120048765143],[158.27357915973914,-7.408154059555251],[158.27660099982845,-7.40385403371091],[158.28997715964906,-7.415120048765143]]],[[[158.13706788043206,-7.362618068859857],[158.12966700036938,-7.367419049264245],[158.11575588032235,-7.363229128124416],[158.13706788043206,-7.362618068859857]]],[[[158.3824928397569,-7.4954019309287885],[158.3739331204013,-7.50104896582768],[158.36331491965697,-7.491173968295636],[158.3824928397569,-7.4954019309287885]]],[[[158.4433789204576,-7.651051102680152],[158.43591395997245,-7.65657389721139],[158.4326361602143,-7.647882037470628],[158.4433789204576,-7.651051102680152]]],[[[159.6495891603998,-8.457809947538633],[159.64081308001138,-8.46453989115443],[159.6336929998318,-8.458125082749941],[159.6495891603998,-8.457809947538633]]],[[[159.02526888005409,-7.834114956331438],[159.0178348800052,-7.841399087912904],[159.0137150399239,-7.832365097765108],[159.02526888005409,-7.834114956331438]]],[[[158.66897292040355,-7.4914279218924875],[158.6677381204685,-7.496357058544777],[158.65593192021882,-7.487280943822236],[158.65807500044943,-7.4813280152009165],[158.66897292040355,-7.4914279218924875]]],[[[158.66683416017113,-7.7936689419975504],[158.65191683986933,-7.794929962704716],[158.65318584046386,-7.789354048425893],[158.66683416017113,-7.7936689419975504]]],[[[159.8750488801771,-8.575910963297279],[159.86173787965564,-8.570522889515935],[159.8644281596584,-8.567085887558912],[159.8750488801771,-8.575910963297279]]],[[[158.0387979600251,-7.470552000823383],[158.0215111202607,-7.457556895039524],[158.0232931199679,-7.448745019287107],[158.0341791597024,-7.450070059977238],[158.02537104000103,-7.459791962925163],[158.0387979600251,-7.470552000823383]]],[[[158.16641112011743,-7.40331496527543],[158.165357039658,-7.408391104030291],[158.1564920404295,-7.40351988343875],[158.16641112011743,-7.40331496527543]]],[[[158.3354498398053,-7.6082968910222695],[158.33147399966407,-7.612000956270104],[158.32817315991548,-7.604200990815162],[158.3354498398053,-7.6082968910222695]]],[[[158.3310301205226,-7.572446042886844],[158.31885204020315,-7.56258694637688],[158.32826712010095,-7.560746928299397],[158.3310301205226,-7.572446042886844]]],[[[158.3166369600025,-7.551402003904854],[158.3123788799788,-7.558752019290804],[158.310281879729,-7.5501659555256255],[158.3166369600025,-7.551402003904854]]],[[[158.36104007993038,-7.491472002470093],[158.34946716048185,-7.4876059293766275],[158.3506720797556,-7.483730005961335],[158.36104007993038,-7.491472002470093]]],[[[158.85397691973233,-7.957325046681163],[158.84565012005515,-7.958167000402651],[158.84611308031157,-7.953637045441495],[158.85397691973233,-7.957325046681163]]],[[[159.88343615982907,-8.521100054975255],[159.87411287966847,-8.524954017764493],[159.87348288037992,-8.519958990110302],[159.88343615982907,-8.521100054975255]]],[[[158.3503941598713,-7.548616920182915],[158.3424878400191,-7.554377998091944],[158.34022416006326,-7.550134014999709],[158.3503941598713,-7.548616920182915]]],[[[158.59691099986443,-7.755376032968001],[158.5869609597402,-7.7578720836977935],[158.59204199987047,-7.752990903767861],[158.59691099986443,-7.755376032968001]]],[[[158.80352112030337,-7.60304306268729],[158.79742704014575,-7.604883970454883],[158.78657015972536,-7.598146008495003],[158.80352112030337,-7.60304306268729]]],[[[158.63267808046842,-7.789999992575172],[158.63000111978639,-7.792005942994045],[158.62353407978404,-7.784588977613974],[158.63267808046842,-7.789999992575172]]],[[[159.6151789203538,-8.141514113082188],[159.60673908027454,-8.137036990597457],[159.60905784043197,-8.134358996375605],[159.6151789203538,-8.141514113082188]]],[[[159.27560604025322,-8.231037105673586],[159.271182000074,-8.231554975714456],[159.2733150003088,-8.22450195193393],[159.27560604025322,-8.231037105673586]]],[[[158.18612508021877,-7.407792066694368],[158.18088312038012,-7.411626001322425],[158.1767431203072,-7.407118951160119],[158.18612508021877,-7.407792066694368]]],[[[158.51156508036465,-7.688486888661556],[158.5067749201133,-7.688938016450838],[158.50211904003058,-7.683785075069866],[158.51156508036465,-7.688486888661556]]],[[[159.25249115999583,-8.210657951045441],[159.2496079200734,-8.214162065524405],[159.24616091993653,-8.207028027579202],[159.25249115999583,-8.210657951045441]]],[[[158.44671215974353,-7.495824885923475],[158.4377639998759,-7.497709081157187],[158.4330609600374,-7.48738195527108],[158.44671215974353,-7.495824885923475]]],[[[159.1298679598471,-8.133733017953093],[159.12194111977882,-8.131651049092783],[159.12411804044447,-8.129252066526718],[159.1298679598471,-8.133733017953093]]],[[[158.76023795968467,-7.607854064446165],[158.75454203981042,-7.608634988759621],[158.7512001605281,-7.604313036873942],[158.76023795968467,-7.607854064446165]]],[[[158.52279203973265,-7.724956017270903],[158.50495007975016,-7.711219972500218],[158.5124650799899,-7.711904029306726],[158.50885284014643,-7.712661039360832],[158.52279203973265,-7.724956017270903]]],[[[158.307500879764,-7.420540005943535],[158.29535412010526,-7.420420951708424],[158.29601688005388,-7.4155489710067295],[158.307500879764,-7.420540005943535]]],[[[158.49908208039673,-7.6049060940686015],[158.49526212041516,-7.611402021245514],[158.4944398798592,-7.604379942898664],[158.49908208039673,-7.6049060940686015]]],[[[158.42576915970477,-7.558856939247714],[158.41726595965187,-7.558265960188096],[158.41846511982632,-7.553717064459975],[158.42576915970477,-7.558856939247714]]],[[[158.7189121202722,-7.848501032560951],[158.7145618802868,-7.853268939880718],[158.7131240404363,-7.849964987117173],[158.7189121202722,-7.848501032560951]]],[[[158.6738768397092,-7.504120960091763],[158.66890703975724,-7.5109510439295395],[158.668187040057,-7.503333064804861],[158.6738768397092,-7.504120960091763]]],[[[158.5602781202946,-7.71536906888458],[158.5581688804991,-7.719019940052341],[158.55568091996295,-7.711858900836311],[158.5602781202946,-7.71536906888458]]],[[[158.42526191969137,-7.564726903668838],[158.41333511971646,-7.5617079778071945],[158.41529604047207,-7.558268100810692],[158.42526191969137,-7.564726903668838]]],[[[158.69999088028993,-7.547651915700726],[158.69793815979713,-7.550781036306932],[158.69616407963747,-7.544722983244342],[158.69999088028993,-7.547651915700726]]],[[[158.5854068401627,-7.751162943424389],[158.58247896025887,-7.753466932209856],[158.57778383996794,-7.747858897321297],[158.5854068401627,-7.751162943424389]]],[[[158.36351292002368,-7.5538400081289705],[158.3621899199008,-7.5565629624149],[158.3580441598303,-7.553320931918627],[158.36351292002368,-7.5538400081289705]]],[[[158.5122238796412,-7.617855922421315],[158.5081709999812,-7.62079202819587],[158.5096059598329,-7.6157879511919795],[158.5122238796412,-7.617855922421315]]],[[[158.6376280797549,-7.488117945062119],[158.63243400012092,-7.487476006729506],[158.63220792021502,-7.48380210584937],[158.6376280797549,-7.488117945062119]]],[[[159.25640112038909,-8.201822971409237],[159.25052484036536,-8.202362079854568],[159.25157496015274,-8.19922095129736],[159.25640112038909,-8.201822971409237]]],[[[158.2946611201692,-7.465446061945311],[158.28742512048703,-7.467466028365025],[158.28658091971565,-7.464871017696815],[158.2946611201692,-7.465446061945311]]],[[[158.57934516044077,-7.575334996620509],[158.57330292026154,-7.574186983421451],[158.5752001199208,-7.571187037396451],[158.57934516044077,-7.575334996620509]]],[[[158.57391816022997,-7.566129923740479],[158.5726239600951,-7.570045971626759],[158.57011692024062,-7.562503974777403],[158.57391816022997,-7.566129923740479]]],[[[158.3941798802808,-7.641032002483102],[158.38798104039137,-7.640268977606239],[158.38890192045713,-7.6374189953151],[158.3941798802808,-7.641032002483102]]],[[[159.66529199992544,-8.46109410404136],[159.66045216014393,-8.464037998415836],[159.65978112042333,-8.461122055725358],[159.66529199992544,-8.46109410404136]]],[[[158.50415808007992,-7.712686902920062],[158.49891792046506,-7.714802028207267],[158.49558792050408,-7.710533059647524],[158.50415808007992,-7.712686902920062]]],[[[159.0135930001993,-7.827055027486181],[159.0078391201246,-7.826082096356354],[159.00916608002126,-7.823233012485694],[159.0135930001993,-7.827055027486181]]],[[[158.3398119600103,-7.549563008782304],[158.33320992028877,-7.547699915962243],[158.3342139600953,-7.545618938402293],[158.3398119600103,-7.549563008782304]]],[[[158.76234791992908,-7.589318074110167],[158.75740188041632,-7.58653394930525],[158.7580250399323,-7.584497051466611],[158.76234791992908,-7.589318074110167]]],[[[158.49486899968053,-7.681461976545138],[158.4865659604426,-7.677155924575392],[158.4882089997585,-7.674226985794679],[158.49486899968053,-7.681461976545138]]],[[[158.99886396049283,-7.831475098391021],[158.99342112028862,-7.8311259448844055],[158.99367492040753,-7.827902061624706],[158.99886396049283,-7.831475098391021]]],[[[158.46653088047498,-7.694156895460325],[158.4584751600112,-7.696586951932374],[158.4585381597604,-7.693680979424348],[158.46653088047498,-7.694156895460325]]],[[[158.330158919987,-7.484403895309119],[158.32139292049274,-7.480978040195346],[158.3265380401471,-7.481036934072174],[158.330158919987,-7.484403895309119]]],[[[159.83157816031022,-8.433360924907465],[159.82813008039838,-8.43451008120575],[159.82554815967677,-8.432122025301277],[159.83157816031022,-8.433360924907465]]],[[[158.7197779201363,-7.8562208817307955],[158.71581791998844,-7.859981969081369],[158.7171430796613,-7.854989110355886],[158.7197779201363,-7.8562208817307955]]],[[[159.28049015979175,-8.231443991027662],[159.27602688030257,-8.234508974404017],[159.27524783972862,-8.231781933327223],[159.28049015979175,-8.231443991027662]]],[[[158.61144096032754,-7.776199902972255],[158.60894796024266,-7.777225027366046],[158.60799611974062,-7.772743924751254],[158.61144096032754,-7.776199902972255]]],[[[158.1607681199966,-7.377846105704914],[158.15416212050124,-7.378255070889304],[158.15425500001345,-7.376159006828055],[158.1607681199966,-7.377846105704914]]],[[[158.65576991983713,-7.472906042133783],[158.6544598797088,-7.474779984861795],[158.65157916045908,-7.469910928423128],[158.65576991983713,-7.472906042133783]]],[[[158.12298900000576,-7.384294009262621],[158.1213870002236,-7.3869519731963535],[158.11813908022842,-7.381769018206534],[158.12298900000576,-7.384294009262621]]],[[[158.57672003973713,-7.748772082499536],[158.5715461200947,-7.747966981422129],[158.57230104000496,-7.745245070441134],[158.57672003973713,-7.748772082499536]]],[[[158.0366159998107,-7.355422926639826],[158.03355492041146,-7.3567880579912535],[158.02841196030698,-7.34916401410874],[158.0366159998107,-7.355422926639826]]],[[[158.85634212009504,-7.965961093820126],[158.85194184035507,-7.967811994844703],[158.85141408012566,-7.965173883029518],[158.85634212009504,-7.965961093820126]]],[[[158.37145091986272,-7.491892997892892],[158.3645169598302,-7.490452974051472],[158.3700051604647,-7.489687005773789],[158.37145091986272,-7.491892997892892]]],[[[159.82203888023955,-8.430478046586733],[159.8180601600995,-8.43294605898016],[159.81792516038024,-8.430319044030771],[159.82203888023955,-8.430478046586733]]],[[[158.68636307990036,-7.827755123819248],[158.68250496038382,-7.8260030989367575],[158.68438595982522,-7.824054910073863],[158.68636307990036,-7.827755123819248]]],[[[158.6392700401942,-7.7891660792047],[158.63807808001673,-7.791470036780237],[158.63710391997319,-7.786963939952977],[158.6392700401942,-7.7891660792047]]],[[[158.70399191997154,-7.493187034401921],[158.69440799991946,-7.494814076551403],[158.6983820398369,-7.491440057567225],[158.70399191997154,-7.493187034401921]]],[[[158.67779688009833,-7.502140066831856],[158.67529487979257,-7.501984985781321],[158.6711631603899,-7.497595936633697],[158.67779688009833,-7.502140066831856]]],[[[158.3567139597104,-7.55228706070077],[158.35170888022225,-7.551464100883875],[158.35606991975393,-7.549632064986209],[158.3567139597104,-7.55228706070077]]],[[[158.69054591973085,-7.50015506101704],[158.68338804024074,-7.498101873576252],[158.68222092027753,-7.4960079878209775],[158.69054591973085,-7.50015506101704]]],[[[158.81542200028906,-7.932111990025776],[158.81106492053112,-7.931576977322586],[158.8108298404044,-7.929372920170818],[158.81542200028906,-7.932111990025776]]],[[[158.05293803997682,-7.487512056361263],[158.0513410797434,-7.488727045261707],[158.04867383973104,-7.479372004440261],[158.05293803997682,-7.487512056361263]]],[[[159.75510084048656,-8.500086996837084],[159.75008495965545,-8.495244923679723],[159.7544330400909,-8.49586409403525],[159.75510084048656,-8.500086996837084]]],[[[159.460500959852,-8.007719053033814],[159.45911712042817,-8.009598998106505],[159.4572451203093,-8.007414967701676],[159.460500959852,-8.007719053033814]]],[[[159.61687200032262,-8.150662960318233],[159.61276512023588,-8.14489802535928],[159.61584600030062,-8.147106970913484],[159.61687200032262,-8.150662960318233]]],[[[158.69326211972285,-7.814906949430896],[158.69046383976504,-7.816099963464353],[158.6911010399489,-7.810954997914149],[158.69326211972285,-7.814906949430896]]],[[[158.42009088004775,-7.543415004061995],[158.4164278800008,-7.544787936345234],[158.41808388020965,-7.541281007863963],[158.42009088004775,-7.543415004061995]]],[[[158.33777687973475,-7.616366006415641],[158.33437704025195,-7.6168869693318735],[158.3372138399692,-7.614318902491154],[158.33777687973475,-7.616366006415641]]],[[[158.4880909198077,-7.666297930583324],[158.4849178797813,-7.66347095663496],[158.48628192033632,-7.662815007611493],[158.4880909198077,-7.666297930583324]]],[[[158.48669808016302,-7.659588051767669],[158.48520696033472,-7.661385010206489],[158.4845398803879,-7.65773203698902],[158.48669808016302,-7.659588051767669]]],[[[159.18773904023107,-7.931721026197289],[159.1827238798488,-7.930424943622827],[159.18491196028523,-7.928564067502183],[159.18773904023107,-7.931721026197289]]],[[[158.63265107980595,-7.468786907912223],[158.63255208007175,-7.4713438814085045],[158.6320610402762,-7.466477106575534],[158.63265107980595,-7.468786907912223]]],[[[158.23913400038134,-7.4370481092634675],[158.2354980000986,-7.438047093429043],[158.23405799979986,-7.436207975602831],[158.23913400038134,-7.4370481092634675]]],[[[159.79773203980469,-8.413377088216112],[159.79416011994445,-8.415275945506993],[159.79608288026677,-8.41196807353055],[159.79773203980469,-8.413377088216112]]],[[[158.13004499976287,-7.3855910405432885],[158.1287968805071,-7.38648500082728],[158.12624592022175,-7.383857023857043],[158.13004499976287,-7.3855910405432885]]],[[[158.3259440399453,-7.602691044308361],[158.32162188039737,-7.60287088975849],[158.32202112045573,-7.600770909495961],[158.3259440399453,-7.602691044308361]]],[[[158.21153784019316,-7.417482061966532],[158.20743311965643,-7.416641891310931],[158.20640712053276,-7.413938054556483],[158.21153784019316,-7.417482061966532]]],[[[158.11012008019853,-7.38593805702202],[158.10332904033106,-7.384349882504571],[158.10438707966594,-7.383061059279436],[158.11012008019853,-7.38593805702202]]],[[[158.5195520401833,-7.6299598919481895],[158.51696112013914,-7.6285260384407],[158.518060920355,-7.627078977217698],[158.5195520401833,-7.6299598919481895]]],[[[158.21586396041317,-7.370076043318119],[158.20877807999474,-7.367633087746165],[158.20935516042823,-7.366606096134277],[158.21586396041317,-7.370076043318119]]],[[[158.29457003998255,-7.420742952225685],[158.2942651203341,-7.42340301597962],[158.29207596012267,-7.421558125905488],[158.29457003998255,-7.420742952225685]]],[[[159.07719888044133,-7.850719073452087],[159.07403988018456,-7.850283989600691],[159.074727120123,-7.848588941411614],[159.07719888044133,-7.850719073452087]]],[[[158.66505504046276,-7.496886018216112],[158.66124983980126,-7.491268910990686],[158.66366795991738,-7.492631121812599],[158.66505504046276,-7.496886018216112]]],[[[158.75888004025,-7.576497995815236],[158.75791596020227,-7.578160054777956],[158.75700804013115,-7.5744089490223026],[158.75888004025,-7.576497995815236]]],[[[158.3718688799133,-7.673470977156191],[158.36874191986774,-7.6708950453362075],[158.36983811963592,-7.6700109472152205],[158.3718688799133,-7.673470977156191]]],[[[158.47221096035582,-7.689809944669103],[158.46863795982225,-7.692654937791805],[158.4693439197529,-7.693473880483242],[158.46708096024594,-7.693263035651086],[158.47221096035582,-7.689809944669103]]],[[[158.56194492004983,-7.7245450608564],[158.56055496040398,-7.7282859276874625],[158.5587808802443,-7.726831001835324],[158.56194492004983,-7.7245450608564]]],[[[158.63651388044343,-7.79254594997891],[158.63375016047124,-7.791778918703735],[158.63544612043881,-7.790426043932255],[158.63651388044343,-7.79254594997891]]],[[[158.82083783983077,-7.93554596277069],[158.81958216035358,-7.937229957203007],[158.81777388043275,-7.934040060059812],[158.82083783983077,-7.93554596277069]]],[[[159.0419430005228,-8.0888959508606],[159.04014911969765,-8.08908004083441],[159.04029599963647,-8.086095027729383],[159.0419430005228,-8.0888959508606]]],[[[159.8654858396672,-8.510792960823618],[159.86294999982468,-8.511882072648122],[159.86309616021296,-8.509618041281788],[159.8654858396672,-8.510792960823618]]],[[[158.4282870000039,-7.528321919157916],[158.42575799993398,-7.529886017017148],[158.42513916041622,-7.528374026530748],[158.4282870000039,-7.528321919157916]]],[[[158.64307416018235,-7.783401045607042],[158.63813999999095,-7.786821981421555],[158.6392200004396,-7.78430202616379],[158.64307416018235,-7.783401045607042]]],[[[158.22634392031674,-7.383682979452263],[158.22466991966627,-7.385817030299081],[158.22263411984014,-7.3850830108763095],[158.22634392031674,-7.383682979452263]]],[[[158.3640450002513,-7.5136549947632325],[158.36040792019358,-7.512180065866563],[158.36151600018138,-7.511368986480197],[158.3640450002513,-7.5136549947632325]]],[[[158.18820515980187,-7.381594972969149],[158.18797187989904,-7.385197968477159],[158.18652396005268,-7.382529998421532],[158.18820515980187,-7.381594972969149]]],[[[159.1257571199866,-8.125343065637729],[159.12349307980637,-8.127219968011778],[159.1242019197358,-8.124521951285704],[159.1257571199866,-8.125343065637729]]],[[[158.36545404011378,-7.481589113087284],[158.36266691992674,-7.481157935106765],[158.36337504030567,-7.479743040341247],[158.36545404011378,-7.481589113087284]]],[[[158.36158404037766,-7.484747085934997],[158.35855896006507,-7.482713993188217],[158.3597700004592,-7.4822940601824985],[158.36158404037766,-7.484747085934997]]],[[[158.7613309201279,-7.576921941738209],[158.75903807995965,-7.575083055007563],[158.7601569603921,-7.57454794615207],[158.7613309201279,-7.576921941738209]]],[[[158.6613779997479,-7.500828925520696],[158.65907184025892,-7.501139088400697],[158.6579929204836,-7.497824009755029],[158.6613779997479,-7.500828925520696]]],[[[158.63785595988466,-7.783488967453693],[158.63614488037248,-7.784249950481573],[158.63661791972638,-7.781675050904975],[158.63785595988466,-7.783488967453693]]],[[[158.99898312021864,-8.074967950914214],[158.99778900049122,-8.0760860719364],[158.997206880509,-8.07396602245753],[158.99898312021864,-8.074967950914214]]],[[[159.8302720799557,-8.415592005904685],[159.830036999829,-8.418091986352874],[159.82760088016954,-8.417705059596859],[159.8302720799557,-8.415592005904685]]],[[[159.08356512048564,-7.851637919102321],[159.08051087996066,-7.850946957441048],[159.0798909597696,-7.849121029805849],[159.08356512048564,-7.851637919102321]]],[[[158.4096829201142,-7.573745905035561],[158.4087570004997,-7.574610038860332],[158.4058060797071,-7.572965095789878],[158.4096829201142,-7.573745905035561]]],[[[158.63920812021996,-7.501938943786291],[158.63744916050314,-7.503404983893907],[158.63686704052094,-7.502158983524553],[158.63920812021996,-7.501938943786291]]],[[[158.5348171198912,-7.733078034086575],[158.531892840435,-7.732707930636171],[158.53233492025095,-7.731111934198711],[158.5348171198912,-7.733078034086575]]],[[[158.515900920356,-7.6236840466723335],[158.51361096018655,-7.623023041691401],[158.51471003995354,-7.622184873885764],[158.515900920356,-7.6236840466723335]]],[[[158.69771388011512,-7.833377067264168],[158.69674692006856,-7.834425054169579],[158.69493791969887,-7.833392046254132],[158.69771388011512,-7.833377067264168]]],[[[158.48515583990684,-7.600709889922014],[158.4821520002592,-7.6006379872370085],[158.48237088016808,-7.599156040783],[158.48515583990684,-7.600709889922014]]],[[[158.04147096003507,-7.4579349101484365],[158.04061883971613,-7.458670058078916],[158.03959500014238,-7.456202070915481],[158.04147096003507,-7.4579349101484365]]],[[[158.42055708052737,-7.57300096073587],[158.41781712009612,-7.573344973099614],[158.41775591967246,-7.571915034338619],[158.42055708052737,-7.57300096073587]]],[[[158.64536808012556,-7.467010029158832],[158.64456312046073,-7.468527944237523],[158.64316307992075,-7.467058930557263],[158.64536808012556,-7.467010029158832]]],[[[159.06358799982013,-7.838480920678106],[159.06303396027536,-7.839945980561084],[159.06188412030497,-7.838893905836599],[159.06358799982013,-7.838480920678106]]],[[[159.09775307974368,-8.127212128141224],[159.09535908029127,-8.128448958446679],[159.0957838801144,-8.127133010608425],[159.09775307974368,-8.127212128141224]]],[[[159.0139429200536,-7.841060998830732],[159.01259184039154,-7.841394986037584],[159.01185492002463,-7.838926002600776],[159.0139429200536,-7.841060998830732]]],[[[158.50618091991143,-7.613017021624915],[158.50322496046846,-7.613751905597332],[158.5037379604794,-7.61237705211982],[158.50618091991143,-7.613017021624915]]],[[[158.35277088022923,-7.554528064429849],[158.35115988022625,-7.552812918687279],[158.3522870404307,-7.552453007861205],[158.35277088022923,-7.554528064429849]]],[[[158.66610011980302,-7.501436937255658],[158.6644120802813,-7.503799020856068],[158.66324099964595,-7.502496093193141],[158.66610011980302,-7.501436937255658]]],[[[158.67677483985008,-7.508925032977749],[158.6757240005122,-7.512061036015823],[158.67489204018483,-7.508716060562789],[158.67677483985008,-7.508925032977749]]],[[[159.88256496019181,-8.514153032679335],[159.88020300005235,-8.513728998422565],[159.88112207989425,-8.512433036208968],[159.88256496019181,-8.514153032679335]]],[[[158.42248308017463,-7.489904018751883],[158.42067300002992,-7.489914012608719],[158.42143799993602,-7.488074935524115],[158.42248308017463,-7.489904018751883]]],[[[158.5307519997871,-7.71603403343788],[158.52753287977993,-7.715569021542395],[158.52833604011929,-7.714549990764934],[158.5307519997871,-7.71603403343788]]],[[[159.69834899986117,-8.41992796597101],[159.69571092006123,-8.418999026404084],[159.6964168799919,-8.418237996060784],[159.69834899986117,-8.41992796597101]]],[[[159.66390492027838,-8.478845082527947],[159.66173304005977,-8.479531931246447],[159.6618878404445,-8.478487948571024],[159.66390492027838,-8.478845082527947]]],[[[158.35312584053062,-7.631940911110481],[158.35174595998225,-7.632135016934294],[158.35002012025163,-7.627168002090433],[158.35312584053062,-7.631940911110481]]],[[[158.57133912040547,-7.744827000012905],[158.56931483967625,-7.7461179535404625],[158.57004312004673,-7.744195968600613],[158.57133912040547,-7.744827000012905]]],[[[158.0430121205163,-7.356256966118031],[158.0401238401468,-7.35574301109539],[158.04032904051053,-7.354659936986193],[158.0430121205163,-7.356256966118031]]],[[[158.07889296017464,-7.363162898473413],[158.0769331200923,-7.363929979810735],[158.07720600042782,-7.361947919352946],[158.07889296017464,-7.363162898473413]]],[[[158.68053396053074,-7.51110505131088],[158.6767989605138,-7.5081910412949355],[158.67763992016364,-7.50757304478352],[158.68053396053074,-7.51110505131088]]],[[[158.63323895978573,-7.786586037185733],[158.63075315969783,-7.785527942720577],[158.63143284031318,-7.784962958953726],[158.63323895978573,-7.786586037185733]]],[[[159.87263004051044,-8.579067023509898],[159.8718121199527,-8.580761980710621],[159.86894688047192,-8.577582084095756],[159.87263004051044,-8.579067023509898]]],[[[158.66080487998653,-7.576234991889417],[158.6599048803613,-7.577348028661501],[158.65961508025734,-7.5748500267205054],[158.66080487998653,-7.576234991889417]]],[[[158.42742083991538,-7.557201051996091],[158.42675087996972,-7.559012892503629],[158.42512511974832,-7.557836107173911],[158.42742083991538,-7.557201051996091]]],[[[158.54099400046348,-7.730690103224351],[158.54016995968368,-7.731686978521275],[158.53938588045935,-7.729914041070827],[158.54099400046348,-7.730690103224351]]],[[[158.7803158803082,-7.5960940005215205],[158.7777958804591,-7.596335938302418],[158.77804500035538,-7.595120894236067],[158.7803158803082,-7.5960940005215205]]],[[[159.89209092004342,-8.566992975965281],[159.88696199970855,-8.569574913808088],[159.8915109605095,-8.566358968689876],[159.89209092004342,-8.566992975965281]]],[[[158.3602250402697,-7.631026938787959],[158.3581960802162,-7.632964065362051],[158.35315499984472,-7.632417967184095],[158.3602250402697,-7.631026938787959]]],[[[158.0448081599931,-7.357709033034959],[158.03967491965994,-7.3573900208251635],[158.0403279598372,-7.356735930857814],[158.0448081599931,-7.357709033034959]]],[[[158.7175030804097,-7.567138068162423],[158.71587695996385,-7.567721005962925],[158.71660415966107,-7.56550808479365],[158.7175030804097,-7.567138068162423]]],[[[158.14162907988046,-7.403837968799873],[158.14074707979853,-7.404594091465343],[158.1395929198299,-7.402730022956878],[158.14162907988046,-7.403837968799873]]],[[[158.36713487963857,-7.589895095218215],[158.3661520804969,-7.59125699515447],[158.3653579203784,-7.589528078186026],[158.36713487963857,-7.589895095218215]]],[[[158.41835604009634,-7.553025973368256],[158.41731095985773,-7.553418002380561],[158.41608587969407,-7.5513679219178185],[158.41835604009634,-7.553025973368256]]],[[[158.7860128799574,-7.609592898615612],[158.78160108022223,-7.6102441119134605],[158.78172887994447,-7.60937398360404],[158.7860128799574,-7.609592898615612]]],[[[158.32090296047215,-7.43339199158962],[158.3198218802485,-7.43378698379741],[158.3192980797929,-7.431878059934924],[158.32090296047215,-7.43339199158962]]],[[[158.34419099998368,-7.490174034804701],[158.34286584031088,-7.490431022917771],[158.34282516010322,-7.48822591626915],[158.34419099998368,-7.490174034804701]]],[[[158.42603700049153,-7.56354406730735],[158.42488607984785,-7.563787985831753],[158.4234489604462,-7.56165212844261],[158.42603700049153,-7.56354406730735]]],[[[158.62360607975407,-7.5700350868437845],[158.62229495985082,-7.570697066334191],[158.62326299967233,-7.567866071134744],[158.62360607975407,-7.5700350868437845]]],[[[158.5035111601247,-7.6145770652454825],[158.50177812039712,-7.615361010189886],[158.50122300017907,-7.6146020430336945],[158.5035111601247,-7.6145770652454825]]],[[[158.3613208798135,-7.557441048772988],[158.36091516020696,-7.558652987807768],[158.3590939202915,-7.558207967956625],[158.3613208798135,-7.557441048772988]]],[[[158.71996187983513,-7.864351050348357],[158.7188249998593,-7.865378097920704],[158.71847183978176,-7.864070037806713],[158.71996187983513,-7.864351050348357]]],[[[159.34877315988302,-7.972202928153403],[159.34677984048835,-7.971982063932075],[159.34641804041445,-7.97093709944343],[159.34877315988302,-7.972202928153403]]],[[[158.088286079857,-7.318980928338446],[158.08685688000287,-7.319843957626115],[158.08671900028486,-7.318557982532929],[158.088286079857,-7.318980928338446]]],[[[158.42520396038927,-7.485594979034398],[158.42487599985205,-7.486892960514899],[158.42370204011627,-7.486087009221869],[158.42520396038927,-7.485594979034398]]],[[[158.37655211998458,-7.55568594456595],[158.37378803978797,-7.554472034841157],[158.3751301201275,-7.554273077032705],[158.37655211998458,-7.55568594456595]]],[[[158.3188880401882,-7.435703930670389],[158.31684504036505,-7.436602073065223],[158.31811692006008,-7.435262891097673],[158.3188880401882,-7.435703930670389]]],[[[159.68795687992105,-8.433699048318864],[159.68568204019445,-8.435266094300463],[159.68471903992165,-8.43391200064538],[159.68795687992105,-8.433699048318864]]],[[[159.8760298799932,-8.57615106879836],[159.87538691981177,-8.577553962208354],[159.87501791974083,-8.574067008869411],[159.8760298799932,-8.57615106879836]]],[[[158.24910096027398,-7.450775949818057],[158.24796300052319,-7.451170034016531],[158.24805300003652,-7.44952194632431],[158.24910096027398,-7.450775949818057]]],[[[158.35954212032948,-7.6306449720343],[158.35728311969797,-7.629309065732854],[158.3580160802911,-7.628803103583728],[158.35954212032948,-7.6306449720343]]],[[[158.6952410400218,-7.5511120406903585],[158.69324592040329,-7.5507189392285],[158.6937891604017,-7.549910073577287],[158.6952410400218,-7.5511120406903585]]],[[[158.76657107974273,-7.881717972286217],[158.76463715964962,-7.881591914940979],[158.76546191998,-7.880669926282919],[158.76657107974273,-7.881717972286217]]],[[[158.74180596017243,-7.589141970522469],[158.74028387990785,-7.588928933029134],[158.7409408798589,-7.5880050555326735],[158.74180596017243,-7.589141970522469]]],[[[159.09605100045235,-7.880559023232109],[159.09525108033623,-7.881855085379166],[159.094707119889,-7.88037501806195],[159.09605100045235,-7.880559023232109]]],[[[159.74494703999804,-8.398057502016284],[159.74346707994053,-8.397436571389957],[159.74417699964494,-8.396775395859999],[159.74494703999804,-8.398057502016284]]],[[[158.04884807965848,-7.36438108839037],[158.04653111972488,-7.364368949160295],[158.04676296052665,-7.363404966229701],[158.04884807965848,-7.36438108839037]]],[[[158.7553459197003,-7.6157130180329995],[158.75363411973925,-7.6156430807644435],[158.75361683974646,-7.614612034865599],[158.7553459197003,-7.6157130180329995]]],[[[158.68853999966774,-7.8306788935538165],[158.6876590802591,-7.831584944215645],[158.6875629605237,-7.8300230264593],[158.68853999966774,-7.8306788935538165]]],[[[158.7204388798611,-7.851752929969522],[158.7188019598689,-7.851591913671456],[158.71920803969982,-7.850800026983511],[158.7204388798611,-7.851752929969522]]],[[[158.04396215989615,-7.36076399905374],[158.0420160002573,-7.3618570548730435],[158.04188892008565,-7.360860040193653],[158.04396215989615,-7.36076399905374]]],[[[159.16705487985993,-8.148780999891],[159.1656209997832,-8.148367972558301],[159.16662612026303,-8.147668960171474],[159.16705487985993,-8.148780999891]]],[[[158.41825487991386,-7.573948065458984],[158.41739196004858,-7.575065033433675],[158.416460999987,-7.574649115374339],[158.41825487991386,-7.573948065458984]]],[[[159.05408688018272,-7.815788068164639],[159.05342088001086,-7.816340884332164],[159.05186999975828,-7.815327982457622],[159.05408688018272,-7.815788068164639]]],[[[158.19650316038937,-7.380411104982752],[158.19588107975008,-7.3817609857924396],[158.19464808003886,-7.380882903130283],[158.19650316038937,-7.380411104982752]]],[[[158.5469300400132,-7.71655112809318],[158.54630616004837,-7.717520033226854],[158.54518907983973,-7.71674394656082],[158.5469300400132,-7.71655112809318]]],[[[158.25057983965823,-7.4478299457493184],[158.24897495987724,-7.448585099597452],[158.24981592042545,-7.447409978799817],[158.25057983965823,-7.4478299457493184]]],[[[158.63454899991405,-7.790526983681295],[158.6334859201321,-7.7912669097147225],[158.63279004019725,-7.7901920629064305],[158.63454899991405,-7.790526983681295]]],[[[158.20595712027097,-7.411547997994862],[158.20506108041945,-7.412648961102415],[158.20456104040306,-7.411466961070211],[158.20595712027097,-7.411547997994862]]],[[[158.55773111978303,-7.654853985467896],[158.55630408037723,-7.655600928460208],[158.55714216002826,-7.654196061210903],[158.55773111978303,-7.654853985467896]]],[[[158.74529004006928,-7.559026989392922],[158.7452270403201,-7.560277108036205],[158.74449804039904,-7.558252041658826],[158.74529004006928,-7.559026989392922]]],[[[158.5314118797369,-7.648286110846426],[158.53041215992857,-7.648856094147218],[158.52903804027616,-7.647480996513587],[158.5314118797369,-7.648286110846426]]],[[[158.20705800026175,-7.383129070491745],[158.20660584045,-7.383950026147882],[158.2054768800218,-7.382606043012077],[158.20705800026175,-7.383129070491745]]],[[[158.53629312017495,-7.686913023588965],[158.53517208019255,-7.685946902629897],[158.53588595967074,-7.685368049489721],[158.53629312017495,-7.686913023588965]]],[[[158.75073000027467,-7.604860955011723],[158.74840187967195,-7.603952098559526],[158.7491071200521,-7.603461986943426],[158.75073000027467,-7.604860955011723]]],[[[158.4841028401207,-7.645692899709821],[158.48229600019923,-7.645609051748247],[158.48241300037512,-7.644717052229983],[158.4841028401207,-7.645692899709821]]],[[[159.85968408028617,-8.570543002246412],[159.8583898801513,-8.571841080275245],[159.8577681597364,-8.570940097460989],[159.85968408028617,-8.570543002246412]]],[[[159.18307811970132,-8.150260981563218],[159.1820189996931,-8.151046941526108],[159.18191711996013,-8.149795035649163],[159.18307811970132,-8.150260981563218]]],[[[158.43060107993875,-7.6631150642631285],[158.42882016000647,-7.663292921316232],[158.4295970401322,-7.662359035623532],[158.43060107993875,-7.6631150642631285]]],[[[159.0126598796895,-7.8183770241136346],[159.0115730403666,-7.819216051087368],[159.01186788001922,-7.818013950488312],[159.0126598796895,-7.8183770241136346]]],[[[158.78511611965703,-7.912751098963752],[158.7840299998847,-7.913756988778761],[158.78371283979214,-7.912919936108889],[158.78511611965703,-7.912751098963752]]],[[[158.31384516049118,-7.58128592062863],[158.3119058397266,-7.580836999282366],[158.31249012015707,-7.580233024815519],[158.31384516049118,-7.58128592062863]]],[[[158.2269008398603,-7.390627933924435],[158.22565812037766,-7.391696103614291],[158.22509111994006,-7.391017073305283],[158.2269008398603,-7.390627933924435]]],[[[158.20874891978232,-7.366299943444076],[158.20707204003133,-7.366736946410807],[158.20723007974098,-7.365992005892872],[158.20874891978232,-7.366299943444076]]],[[[158.36513400002246,-7.549673106068528],[158.3642098797335,-7.550240008304946],[158.36362704020075,-7.549059986866268],[158.36513400002246,-7.549673106068528]]],[[[158.5735171199478,-7.74180096564034],[158.57331300025734,-7.742727006713117],[158.5720270798944,-7.7426790277705395],[158.5735171199478,-7.74180096564034]]],[[[158.72864112003927,-7.576327953545781],[158.7268209598988,-7.575399945055196],[158.72729183970276,-7.575012039872931],[158.72864112003927,-7.576327953545781]]],[[[158.42540915985464,-7.542320080898721],[158.4251460001888,-7.543529028440748],[158.42413511971137,-7.542365049097958],[158.42540915985464,-7.542320080898721]]],[[[159.64448904005295,-8.450313933889655],[159.64413407975158,-8.450876913999725],[159.64280388052998,-8.450485925839411],[159.64448904005295,-8.450313933889655]]],[[[158.03713584049254,-7.359407091388655],[158.03623403974512,-7.358241908722579],[158.0368528801612,-7.357975023893162],[158.03713584049254,-7.359407091388655]]],[[[158.0279191202876,-7.340876977876592],[158.02675488032315,-7.341378988931437],[158.02641900023843,-7.340775039994711],[158.0279191202876,-7.340876977876592]]],[[[158.19415199979622,-7.380712070692347],[158.19243084028827,-7.381878086663443],[158.1923811598598,-7.381338991944394],[158.19415199979622,-7.380712070692347]]],[[[158.18671908042063,-7.412666096361473],[158.1863961603305,-7.413701013105718],[158.185564920452,-7.413262093411677],[158.18671908042063,-7.412666096361473]]],[[[158.04977903972005,-7.365952019041954],[158.04788291983576,-7.365442002526344],[158.04897803982894,-7.364913955955835],[158.04977903972005,-7.365952019041954]]],[[[158.71767300033895,-7.854085072191304],[158.71652892036613,-7.855289921192264],[158.71674096050245,-7.854131968637299],[158.71767300033895,-7.854085072191304]]],[[[158.82140808049166,-7.9381489671025545],[158.82097895977205,-7.939153902917324],[158.82020387987015,-7.9384260067801025],[158.82140808049166,-7.9381489671025545]]],[[[158.25904595995112,-7.406394071173512],[158.25825684027967,-7.406394963414249],[158.25790295975327,-7.405141011850933],[158.25904595995112,-7.406394071173512]]],[[[158.04815795972124,-7.4737270089916805],[158.04581688002224,-7.473092008511221],[158.04632592025945,-7.47277807857765],[158.04815795972124,-7.4737270089916805]]],[[[158.49692892017035,-7.657372928680922],[158.49636911972968,-7.658448112569311],[158.49550907986318,-7.657639093225973],[158.49692892017035,-7.657372928680922]]],[[[158.36114195966337,-7.5629309680537835],[158.36017212051635,-7.563311924617513],[158.360393880424,-7.5621749414587365],[158.36114195966337,-7.5629309680537835]]],[[[158.35625603990104,-7.63114789815577],[158.3548948802432,-7.631064047301978],[158.3556098403947,-7.630520979594001],[158.35625603990104,-7.63114789815577]]],[[[158.4866761199476,-7.672790961096218],[158.4856508403745,-7.673046948884409],[158.4853009205202,-7.6718000124424055],[158.4866761199476,-7.672790961096218]]],[[[158.03950284018077,-7.355914031756352],[158.03829108023615,-7.356075055411931],[158.03870292006465,-7.354787042979406],[158.03950284018077,-7.355914031756352]]],[[[158.46299712014965,-7.587669975474065],[158.4617619599902,-7.587603958677473],[158.46183288018526,-7.5869089975131905],[158.46299712014965,-7.587669975474065]]],[[[158.57035991991486,-7.702946094561974],[158.5697670003863,-7.703618035310707],[158.56966008020626,-7.702613958201593],[158.57035991991486,-7.702946094561974]]],[[[158.202106920302,-7.41238603715074],[158.20209684030618,-7.413040937718581],[158.20053012006017,-7.411977995333611],[158.202106920302,-7.41238603715074]]],[[[158.5678078798545,-7.708044934258669],[158.56770707989648,-7.708681013408867],[158.56663607966865,-7.708362081897887],[158.5678078798545,-7.708044934258669]]],[[[158.258238839838,-7.403967916561596],[158.25775500003948,-7.404863981423455],[158.25710088008722,-7.404186934583116],[158.258238839838,-7.403967916561596]]],[[[158.77532807991452,-7.884425978028106],[158.77402416000828,-7.884912910274497],[158.77426212013378,-7.884097016800489],[158.77532807991452,-7.884425978028106]]],[[[158.31225684025418,-7.577991975319733],[158.31141911992927,-7.578625037335686],[158.31122400045965,-7.5777680485455345],[158.31225684025418,-7.577991975319733]]],[[[158.55168996027714,-7.701691040587032],[158.5512248404708,-7.702176937263304],[158.5505700000697,-7.700793093605808],[158.55168996027714,-7.701691040587032]]],[[[158.67929592037245,-7.548579983745072],[158.67813888040507,-7.548366925947382],[158.67847584026475,-7.547884066020853],[158.67929592037245,-7.548579983745072]]],[[[159.1765538399474,-8.178260046072614],[159.1757859600425,-8.179058957064987],[159.17581404048,-8.178178978607896],[159.1765538399474,-8.178260046072614]]],[[[158.34230711964517,-7.585630942599983],[158.34064283966435,-7.584813934494569],[158.34122892031866,-7.584545048470718],[158.34230711964517,-7.585630942599983]]],[[[158.6819210401778,-7.510929985868265],[158.68134395974437,-7.511648983286691],[158.68082304018583,-7.510563973127183],[158.6819210401778,-7.510929985868265]]],[[[158.7722968802783,-7.607770922429668],[158.7715819201268,-7.608426064334334],[158.771477160395,-7.607469935483727],[158.7722968802783,-7.607770922429668]]],[[[158.48864496025075,-7.612099976209495],[158.48786808012508,-7.613170993006919],[158.48775791972176,-7.611936013439186],[158.48864496025075,-7.612099976209495]]],[[[158.36046696016902,-7.488692066216946],[158.35977899978172,-7.488966902004099],[158.35934411996277,-7.4881250834328785],[158.36046696016902,-7.488692066216946]]],[[[158.48727983992083,-7.674048954139275],[158.48627292011548,-7.6751669094157595],[158.48585784006372,-7.67352699098652],[158.48727983992083,-7.674048954139275]]],[[[158.7524500800077,-7.875461928099225],[158.75133084024907,-7.875305913013058],[158.75209188038139,-7.8748560560588885],[158.7524500800077,-7.875461928099225]]],[[[159.5200060802294,-8.420930975186968],[159.51905388040123,-8.421588904909681],[159.519035160409,-8.420594087387489],[159.5200060802294,-8.420930975186968]]],[[[159.0114499199687,-7.8349830168429],[159.01139915976526,-7.836087884687156],[159.01045415993414,-7.835483024942505],[159.0114499199687,-7.8349830168429]]],[[[158.53095395992761,-7.7298669522143655],[158.530254120219,-7.730484092509914],[158.52989412036885,-7.729741027668634],[158.53095395992761,-7.7298669522143655]]],[[[158.82128891986756,-7.94425591610904],[158.82063516013974,-7.944119003158066],[158.81963615988195,-7.942834903638522],[158.82128891986756,-7.94425591610904]]],[[[158.27803487990516,-7.446107953942705],[158.27800715969212,-7.44724702528378],[158.27719716047855,-7.445737068461956],[158.27803487990516,-7.446107953942705]]],[[[158.5403888404909,-7.7239259503002256],[158.5393840802355,-7.724928013799776],[158.53911695989754,-7.724224893262778],[158.5403888404909,-7.7239259503002256]]],[[[158.02600787996047,-7.349677976846911],[158.02486199976383,-7.349351104252646],[158.02549812017273,-7.3490349432973785],[158.02600787996047,-7.349677976846911]]],[[[158.81390099979947,-7.60456799425034],[158.81223492049313,-7.604767999605506],[158.81186304042342,-7.604311965782295],[158.81390099979947,-7.60456799425034]]],[[[159.55750907966143,-8.494124966298086],[159.5563999198987,-8.493565965645693],[159.55674192020544,-8.49307497015467],[159.55750907966143,-8.494124966298086]]],[[[158.0293681199089,-7.346856977377952],[158.0282319603819,-7.346643107215273],[158.0285811597874,-7.346175021872042],[158.0293681199089,-7.346856977377952]]],[[[158.30349696008358,-7.574754924201336],[158.30277084016134,-7.575025957854216],[158.30161992041596,-7.573958950141821],[158.30349696008358,-7.574754924201336]]],[[[158.164295039651,-7.37223193751866],[158.1633939602508,-7.372686964594066],[158.16361499970958,-7.371865987765894],[158.164295039651,-7.37223193751866]]],[[[158.351821919726,-7.549973062716883],[158.35156812050542,-7.550607950270056],[158.35140216034995,-7.549470934125187],[158.351821919726,-7.549973062716883]]],[[[158.19792696047028,-7.3801119236547885],[158.19724116053123,-7.380601038001556],[158.1968480397966,-7.379677076468213],[158.19792696047028,-7.3801119236547885]]],[[[159.80471712026508,-8.415536094068663],[159.80345999989018,-8.41580105040665],[159.80345604011643,-8.4152850265133],[159.80471712026508,-8.415536094068663]]],[[[158.63491907975998,-7.780094934088087],[158.63336208018364,-7.780499951057082],[158.6333941203949,-7.780109023557998],[158.63491907975998,-7.780094934088087]]],[[[158.36249196044875,-7.515689013296441],[158.3613698397931,-7.515263045021235],[158.361600960146,-7.514927015803547],[158.36249196044875,-7.515689013296441]]],[[[158.41577988027058,-7.581430981173376],[158.4149338801737,-7.582052976112177],[158.41474704047607,-7.580934955348683],[158.41577988027058,-7.581430981173376]]],[[[158.75321183969052,-7.569549932521163],[158.75229204029807,-7.56981793612747],[158.75303795998747,-7.5687769661236945],[158.75321183969052,-7.569549932521163]]],[[[158.63528412005712,-7.77458498819373],[158.63479308026157,-7.774729982805032],[158.63462387988287,-7.773571984829647],[158.63528412005712,-7.77458498819373]]],[[[158.3539930803941,-7.652991885165723],[158.3525469598733,-7.65328802343876],[158.3526470402808,-7.652691999637433],[158.3539930803941,-7.652991885165723]]],[[[158.03085600041226,-7.357395912068816],[158.03008488028416,-7.357448040020549],[158.0300708405146,-7.356743071389404],[158.03085600041226,-7.357395912068816]]],[[[158.03863812009166,-7.35972895760468],[158.03776512023055,-7.360208990246066],[158.03748396012304,-7.359785012454075],[158.03863812009166,-7.35972895760468]]],[[[158.69108483973105,-7.827324117659379],[158.68988100023228,-7.82657908377761],[158.69033604004284,-7.826316948375641],[158.69108483973105,-7.827324117659379]]],[[[158.66255699993079,-7.506132002161659],[158.66133083999213,-7.506355966495003],[158.66137296019917,-7.505900007600762],[158.66255699993079,-7.506132002161659]]],[[[158.26654007975037,-7.406084911888305],[158.26505291969588,-7.406475109043475],[158.26535711979378,-7.4057930672583785],[158.26654007975037,-7.406084911888305]]],[[[158.62999896023646,-7.784488036415453],[158.62936104050203,-7.784784974608387],[158.62913783969665,-7.783890949285333],[158.62999896023646,-7.784488036415453]]],[[[159.2766968402482,-8.22486501864637],[159.27569891976538,-8.225160032587626],[159.2757518404171,-8.224552902970727],[159.2766968402482,-8.22486501864637]]],[[[158.40220212053393,-7.6480809522312265],[158.4015339599138,-7.648212966930758],[158.40152892036508,-7.647362004552376],[158.40220212053393,-7.6480809522312265]]],[[[158.27867784008663,-7.445380996115652],[158.27816088030187,-7.445583037710779],[158.27752116034364,-7.444641007017665],[158.27867784008663,-7.445380996115652]]],[[[159.86734487979146,-8.576229917130627],[159.86719404007886,-8.576728992668],[159.86645711971195,-8.57605602338624],[159.86734487979146,-8.576229917130627]]],[[[158.2369660799365,-7.398942063804993],[158.236373160408,-7.399623937874632],[158.23606211963917,-7.398980084670599],[158.2369660799365,-7.398942063804993]]],[[[158.48578908031692,-7.646450027486294],[158.4853009205202,-7.646854993975523],[158.48490384001175,-7.6462280987661755],[158.48578908031692,-7.646450027486294]]],[[[158.55537095986742,-7.649430001203083],[158.5552658399112,-7.64993308415797],[158.55455411998295,-7.649309047080693],[158.55537095986742,-7.649430001203083]]],[[[158.54923511972717,-7.693390042061182],[158.5486731597366,-7.69363905978811],[158.54842296006532,-7.6927039924570195],[158.54923511972717,-7.693390042061182]]],[[[158.0284738802812,-7.3445829550605115],[158.02766603971924,-7.3443449835901005],[158.0279580002714,-7.343874039319011],[158.0284738802812,-7.3445829550605115]]],[[[158.26199184029662,-7.40609008778497],[158.26133411989673,-7.406426022358192],[158.2616149197798,-7.405426074080108],[158.26199184029662,-7.40609008778497]]],[[[158.6765149204075,-7.52382106968011],[158.67573084028479,-7.52425291931658],[158.67550403993005,-7.523617993510354],[158.6765149204075,-7.52382106968011]]],[[[159.20132399996476,-7.9198659051408935],[159.200733960435,-7.92008697600394],[159.20070299999873,-7.919387927084881],[159.20132399996476,-7.9198659051408935]]],[[[158.1836968801069,-7.382855060749755],[158.18309604013248,-7.383456988591202],[158.18303915970702,-7.382754918118886],[158.1836968801069,-7.382855060749755]]],[[[158.81500296046354,-7.932535042883992],[158.81377608007605,-7.933060070170788],[158.8137469198636,-7.932707080748782],[158.81500296046354,-7.932535042883992]]],[[[158.11467011987614,-7.376640984498587],[158.11327584023206,-7.376210060883896],[158.11402607991968,-7.375864999739433],[158.11467011987614,-7.376640984498587]]],[[[158.48459099991743,-7.672942948039217],[158.48317188005916,-7.672629876223217],[158.48352108036292,-7.6720049811476905],[158.48459099991743,-7.672942948039217]]],[[[158.06441700013818,-7.3549039726043715],[158.0642341202143,-7.355500046758319],[158.06367396044755,-7.355363123382912],[158.06441700013818,-7.3549039726043715]]],[[[159.68700683964283,-8.54618394040315],[159.68692907967522,-8.546469098346858],[159.68620512020124,-8.545133908408166],[159.68700683964283,-8.54618394040315]]],[[[158.36338295985323,-7.516348042393374],[158.36269500036423,-7.516187077393864],[158.363066880434,-7.515808934154677],[158.36338295985323,-7.516348042393374]]],[[[159.76816704021167,-8.277483041812388],[159.76802087982335,-8.27800494665456],[159.76705608022505,-8.277157963756578],[159.76816704021167,-8.277483041812388]]],[[[158.4564980399361,-7.584292041175574],[158.45578488000845,-7.584298107694622],[158.4557571597954,-7.583698955157608],[158.4564980399361,-7.584292041175574]]],[[[159.8613559204884,-8.57251993157196],[159.8607169200807,-8.572880892823024],[159.860626919669,-8.572208094569662],[159.8613559204884,-8.57251993157196]]],[[[158.7708720004224,-7.889013035736644],[158.77068192050152,-7.889838012487075],[158.7701851198101,-7.8891981073723985],[158.7708720004224,-7.889013035736644]]],[[[159.52020299992276,-8.450886885001566],[159.51929507985164,-8.45167705029009],[159.51989303982725,-8.450558034103524],[159.52020299992276,-8.450886885001566]]],[[[158.6298160803126,-7.781922946971167],[158.6290021204269,-7.781360097767092],[158.62932107984494,-7.781148048520071],[158.6298160803126,-7.781922946971167]]],[[[158.53620708043536,-7.687706111509744],[158.5358348401412,-7.688146000844567],[158.5356501599935,-7.687464046047807],[158.53620708043536,-7.687706111509744]]],[[[158.72382288024875,-7.572075086435211],[158.7231838798411,-7.572178932832884],[158.72290812040507,-7.571379028702593],[158.72382288024875,-7.572075086435211]]],[[[158.35323096048683,-7.624796960629423],[158.35127400040332,-7.624219987080349],[158.35187916037594,-7.624170924426561],[158.35323096048683,-7.624796960629423]]],[[[158.44400207997356,-7.660812011167219],[158.44353300039347,-7.661127053551098],[158.44368311965724,-7.6603239264472585],[158.44400207997356,-7.660812011167219]]],[[[159.2602228796962,-8.199915062428213],[159.2592238803367,-8.200377921236864],[159.2592379201063,-8.200041021367916],[159.2602228796962,-8.199915062428213]]],[[[158.62977288033056,-7.780295034798584],[158.62965983992848,-7.780929935490196],[158.62934699983415,-7.780178041884766],[158.62977288033056,-7.780295034798584]]],[[[159.79116312006937,-8.405487931904942],[159.79064616028458,-8.405602962701462],[159.7907610000122,-8.404855973056327],[159.79116312006937,-8.405487931904942]]],[[[158.31040392035194,-7.580836999282366],[158.3092108803995,-7.580225887085947],[158.30883000010894,-7.5797009548384136],[158.31040392035194,-7.580836999282366]]],[[[158.61624192012525,-7.7728539636063125],[158.61588407982507,-7.773665081971508],[158.61563783992762,-7.773117024425716],[158.61624192012525,-7.7728539636063125]]],[[[158.56813116016906,-7.710289938364584],[158.5678078798545,-7.710683962966931],[158.5674719997698,-7.710244988040688],[158.56813116016906,-7.710289938364584]]],[[[158.20011684023223,-7.381745098525292],[158.19969600018288,-7.381980014973724],[158.19980795991168,-7.381084974709897],[158.20011684023223,-7.381745098525292]]],[[[158.24202696007518,-7.395342036219827],[158.2412619601691,-7.395881114525663],[158.24107403979818,-7.395649953069183],[158.24202696007518,-7.395342036219827]]],[[[158.92439292005844,-8.009892922237036],[158.92351884042233,-8.009900051651137],[158.92386012028027,-8.009376014305358],[158.92439292005844,-8.009892922237036]]],[[[158.48794691986765,-7.673982950850932],[158.48725716015483,-7.673797070493885],[158.48707284023158,-7.673163079292571],[158.48794691986765,-7.673982950850932]]],[[[159.03417708016295,-7.835632100086129],[159.03372312012735,-7.836121052167154],[159.03376595988496,-7.8353300269718575],[159.03417708016295,-7.835632100086129]]],[[[158.53721292046572,-7.686956013883889],[158.5367308799927,-7.687302075157091],[158.53646196032923,-7.686810988719098],[158.53721292046572,-7.686956013883889]]],[[[158.2640398796685,-7.407309944122281],[158.26331087974742,-7.408056957242797],[158.26361795984417,-7.4073140493177565],[158.2640398796685,-7.407309944122281]]],[[[158.25454991980186,-7.398266971617458],[158.25439691964098,-7.398902972228756],[158.25388788030207,-7.39869805278903],[158.25454991980186,-7.398266971617458]]],[[[158.5737910800583,-7.570788958024747],[158.57375508007328,-7.571321931052086],[158.57318808053395,-7.570902975081304],[158.5737910800583,-7.570788958024747]]],[[[158.2777929600059,-7.414273983066423],[158.27737499995533,-7.4146520350424305],[158.27720292047616,-7.413898964327707],[158.2777929600059,-7.414273983066423]]],[[[158.90146308017316,-7.977763010835815],[158.90090400018136,-7.97778190591719],[158.90079492045135,-7.97708598605401],[158.90146308017316,-7.977763010835815]]],[[[158.57198099991362,-7.562556969895589],[158.57180316043684,-7.56313206331499],[158.57125416044084,-7.5625430515065055],[158.57198099991362,-7.562556969895589]]],[[[158.35775400040026,-7.551986034455945],[158.35709196000218,-7.551789037754928],[158.35730400013844,-7.551458925837143],[158.35775400040026,-7.551986034455945]]],[[[158.26472496005698,-7.406457080403145],[158.26434804043848,-7.407057012713683],[158.26396787969847,-7.406681095510025],[158.26472496005698,-7.406457080403145]]],[[[158.23995587981457,-7.438650016371384],[158.23987488052205,-7.438978071928473],[158.2391800803622,-7.438280016676565],[158.23995587981457,-7.438650016371384]]],[[[158.75643888014352,-7.574289044622126],[158.75593884012716,-7.57457203350942],[158.75594316012536,-7.5740410276152925],[158.75643888014352,-7.574289044622126]]],[[[159.85669787995744,-8.561845957333874],[159.85616796017806,-8.562309987627618],[159.8563879198619,-8.561657995385632],[159.85669787995744,-8.561845957333874]]],[[[158.68654092027546,-7.817983100014932],[158.68581012013058,-7.817792112267824],[158.68653912005166,-7.817623949880022],[158.68654092027546,-7.817983100014932]]],[[[158.3168270399234,-7.46338307406863],[158.3162780399274,-7.463468027521052],[158.3160670804644,-7.4627639435615984],[158.3168270399234,-7.46338307406863]]],[[[159.77717712005352,-8.498549944115947],[159.77690388039184,-8.499016009952499],[159.77691108038886,-8.498111116582358],[159.77717712005352,-8.498549944115947]]],[[[158.68818612003963,-7.81613491620608],[158.68746683988996,-7.816107988548173],[158.68760400005743,-7.815772018880201],[158.68818612003963,-7.81613491620608]]],[[[158.68975896050765,-7.816441996017754],[158.6894169602009,-7.816799007881108],[158.6892358805009,-7.816219977779398],[158.68975896050765,-7.816441996017754]]],[[[158.48683703965602,-7.676295030418392],[158.48637696029672,-7.676422933647532],[158.48652204001175,-7.67589205397892],[158.48683703965602,-7.676295030418392]]],[[[158.49374111992555,-7.681197967098597],[158.49316800016416,-7.681017976733871],[158.49330516033163,-7.68059003095822],[158.49374111992555,-7.681197967098597]]],[[[159.69575700004208,-8.416059061644875],[159.69548808037862,-8.416546059719295],[159.69522816003771,-8.416168035272133],[159.69575700004208,-8.416059061644875]]],[[[158.67018683989812,-7.497131045213997],[158.66975700052626,-7.497597900045838],[158.6698970397942,-7.496848005954656],[158.67018683989812,-7.497131045213997]]],[[[158.0423000403636,-7.471666914560245],[158.04195588050692,-7.471974957405621],[158.0416649997297,-7.471623903379509],[158.0423000403636,-7.471666914560245]]],[[[159.1595701205059,-7.906422959994037],[159.15888396034245,-7.906314917515725],[159.1590970802537,-7.9059290995256255],[159.1595701205059,-7.906422959994037]]],[[[158.2498198801992,-7.473130022870736],[158.24909916005012,-7.4726099586347825],[158.24956283985708,-7.472598000850187],[158.2498198801992,-7.473130022870736]]],[[[158.53110984008728,-7.557118078451439],[158.5306641598237,-7.557325064974097],[158.53081212043583,-7.556774052977906],[158.53110984008728,-7.557118078451439]]],[[[159.9225620403821,-8.523004968058011],[159.92193816041728,-8.522536973392674],[159.92206091969243,-8.522235064985411],[159.9225620403821,-8.523004968058011]]],[[[158.2167891604771,-7.420561068416073],[158.21642700017873,-7.420599087391425],[158.215938840382,-7.420168920142547],[158.2167891604771,-7.420561068416073]]],[[[158.3593858799454,-7.556384882123701],[158.35900103988104,-7.556718916510126],[158.3587350002164,-7.556392020253056],[158.3593858799454,-7.556384882123701]]],[[[158.77721196025306,-7.593876049889908],[158.77681199974586,-7.594228075588731],[158.77677996043292,-7.593735989759606],[158.77721196025306,-7.593876049889908]]],[[[158.75196804043296,-7.566791016500039],[158.75185788002966,-7.567304009539362],[158.75164403966954,-7.5665130189199905],[158.75196804043296,-7.566791016500039]]],[[[158.0510069998825,-7.488251971942852],[158.05052604008273,-7.488048878943115],[158.0508478803979,-7.4876219911780355],[158.0510069998825,-7.488251971942852]]],[[[158.7731029197181,-7.906246988913107],[158.7728451598254,-7.906654914144129],[158.77272383965135,-7.906013965112566],[158.7731029197181,-7.906246988913107]]],[[[158.31320400053357,-7.5344879832416956],[158.31265787963807,-7.53455597061571],[158.3126211601025,-7.534211034984154],[158.31320400053357,-7.5344879832416956]]],[[[158.36329187966655,-7.548852996332409],[158.3630100000085,-7.549106024689898],[158.3628220796376,-7.548458108896147],[158.36329187966655,-7.548852996332409]]],[[[159.5581448398459,-8.495265040427265],[159.55799400013328,-8.495686959761288],[159.55769484048244,-8.49515591059154],[159.5581448398459,-8.495265040427265]]],[[[159.87422699984555,-8.52784206142615],[159.87362796009498,-8.52803199864405],[159.87368484052044,-8.527646962562251],[159.87422699984555,-8.52784206142615]]],[[[158.352087960289,-7.6538990309559365],[158.35158612004878,-7.653953977325386],[158.35180787995645,-7.653555083189666],[158.352087960289,-7.6538990309559365]]],[[[158.35661783997497,-7.555278036761251],[158.35601196045184,-7.555723951602544],[158.3562229199148,-7.555192922204282],[158.35661783997497,-7.555278036761251]]],[[[158.66353403997311,-7.497207962633337],[158.6631150001476,-7.497771007513941],[158.6629958404218,-7.4973940969216715],[158.66353403997311,-7.497207962633337]]],[[[159.69624803983763,-8.435896934868328],[159.69575484049213,-8.435802923072654],[159.6961231201142,-8.435312031838189],[159.69624803983763,-8.435896934868328]]],[[[158.3182969199851,-7.533285969345641],[158.31793511991123,-7.533426942231245],[158.31811188051134,-7.532933003085644],[158.3182969199851,-7.533285969345641]]],[[[158.6748740397432,-7.519136010530469],[158.67415116004418,-7.519248078068439],[158.67410112028958,-7.518987003072573],[158.6748740397432,-7.519136010530469]]],[[[159.88298112001854,-8.519232871817946],[159.88245911978674,-8.518869010890878],[159.88270103968603,-8.518737992791477],[159.88298112001854,-8.519232871817946]]],[[[158.34385187967573,-7.544969946970749],[158.34331583967435,-7.544699964545007],[158.3432589601472,-7.54444604162075],[158.34385187967573,-7.544969946970749]]]]}},{"type":"Feature","properties":{"ADM1_PCODE":"SB04","ADM1_NAME":"Central"},"geometry":{"type":"MultiPolygon","coordinates":[[[[160.30774116035874,-9.081110957766048],[160.28370288026125,-9.110789931670821],[160.28575884007896,-9.125669992044562],[160.23569400003805,-9.146525024949444],[160.2463561203149,-9.126836022257903],[160.23595392037896,-9.11846899053614],[160.2416109602694,-9.129591933528106],[160.2335059204999,-9.132561084571819],[160.2322131603644,-9.119064014452764],[160.2230410801409,-9.113754973607357],[160.2252619203391,-9.074804017575856],[160.22251007968825,-9.096961982552346],[160.21171295969214,-9.107568932304043],[160.21360404002763,-9.13177610217143],[160.18956612015458,-9.084252034095128],[160.16502996048897,-9.092360901488073],[160.15410791987114,-9.089330983812651],[160.1445938402391,-9.072043063175315],[160.14244607978588,-9.085635932949394],[160.12820483965174,-9.091812045094791],[160.13015315973885,-9.101733984813354],[160.10504208008803,-9.097645021751834],[160.08456312008065,-9.065767957633692],[160.08771492034037,-9.05503889653065],[160.06426091977505,-9.046900033672333],[160.08914807996825,-9.035457033610701],[160.09730316039068,-9.046994068890731],[160.11348011994346,-9.03475894446137],[160.12346291982945,-9.037857939062977],[160.11347508039472,-9.021763958184868],[160.1198179202242,-9.013214033079242],[160.13385395999464,-9.033477954354508],[160.13857608004975,-9.012863988976758],[160.1277840005007,-9.00132692944314],[160.13740212031396,-8.990244995852445],[160.15262616048807,-9.016767074420185],[160.16253804017902,-9.019588007242376],[160.1886848405215,-9.003909932452336],[160.22109492050203,-9.03148304263074],[160.22733516014964,-9.012857944769237],[160.24196700034574,-9.00869899220092],[160.29246708043004,-9.05232596327338],[160.30774116035874,-9.081110957766048]]],[[[159.20503812043953,-9.029529007304188],[159.18522012015694,-9.044769030858033],[159.14481191968866,-9.11684191246555],[159.12776304004973,-9.108476068384697],[159.1017530396503,-9.110221020132494],[159.0872288400831,-9.124838075407936],[159.07899384014314,-9.101685996822557],[159.06969684019617,-9.096093919130665],[159.05458116020154,-9.110768959561518],[159.04314791979652,-9.083239078685196],[159.02929583972494,-9.077700037254356],[159.03281808005502,-9.058404883547972],[159.0633511203679,-9.060922064709228],[159.06104207998183,-9.037008931172686],[159.0738670802565,-9.031133905920177],[159.0864418799616,-9.055621938443533],[159.08725116052298,-9.022961969798311],[159.09998399993768,-9.028975966330044],[159.1036538397572,-9.054507048394639],[159.10417800043726,-9.04419805936871],[159.11409600035026,-9.05540294255604],[159.1098220803331,-9.025092034316359],[159.07653396004443,-8.999148011105557],[159.08117400013373,-8.997166066127424],[159.1029529202736,-8.997265981222009],[159.11509787970851,-9.013708075661151],[159.13477800027312,-8.998691105464728],[159.13742291984562,-9.039184065681816],[159.13164599978052,-9.047164008378425],[159.14236500048287,-9.049023024513465],[159.14760984032037,-9.03396397019221],[159.15937715968795,-9.049897956797903],[159.15403188011683,-9.025380024372629],[159.1615969201112,-9.037638043693871],[159.16906187969803,-9.035100079005435],[159.15843215985683,-9.011441943444828],[159.17580684048298,-9.036563983975563],[159.20503812043953,-9.029529007304188]]],[[[160.41235896014393,-9.137579102633012],[160.3912028401939,-9.151251936298648],[160.3820541601852,-9.171232968678131],[160.3675850399213,-9.175471952108529],[160.35688691965942,-9.163694899277578],[160.36212095995052,-9.182982940144559],[160.35706007981187,-9.183837997722646],[160.3319680803777,-9.183997033008387],[160.2917200800673,-9.15465504635614],[160.27352388023235,-9.16246092908732],[160.28639387981454,-9.16548898193038],[160.27465500021057,-9.187836060166635],[160.25439707966197,-9.181932061768503],[160.2438080400284,-9.191981913512233],[160.22748707963723,-9.1928870579412],[160.2187221599179,-9.18717007471233],[160.22725811973254,-9.169197954865142],[160.20438011982571,-9.171200983006862],[160.2270608398147,-9.15049596138306],[160.2337838403842,-9.167293894158838],[160.24637484030714,-9.160518981995459],[160.2539600402931,-9.171919952028787],[160.25896404000628,-9.155414033200765],[160.2879501598403,-9.130784963864476],[160.2876358797466,-9.111817026028517],[160.30711511994562,-9.095140895369704],[160.31042495991505,-9.060730979037713],[160.32032784028348,-9.057096959064346],[160.35449184043205,-9.119204061790265],[160.38612504028686,-9.11582798275863],[160.41235896014393,-9.137579102633012]]],[[[159.23099988040994,-9.094579068382851],[159.2008891201458,-9.13415308167368],[159.15370500025296,-9.12937102743063],[159.15789288053048,-9.120275919138662],[159.17619311964842,-9.132335027353802],[159.16504716047132,-9.1212290544496],[159.1651378804335,-9.099980993954969],[159.18677711973325,-9.063821040939963],[159.1896571203308,-9.076494920693342],[159.20230499978086,-9.05407794267184],[159.21594000016745,-9.052493944633182],[159.21109799993766,-9.04607095622321],[159.22361916033884,-9.035108078507417],[159.22330415979627,-9.023599994584709],[159.22545588002325,-9.040618979088581],[159.21732096049078,-9.053542004256926],[159.22435104025868,-9.067020037243601],[159.19318296021024,-9.093364943294214],[159.2238081604847,-9.075981944898377],[159.23099988040994,-9.094579068382851]]],[[[159.8397400805052,-9.124913963016532],[159.8358081598965,-9.145400999217989],[159.81705000007094,-9.162793945471165],[159.8024750403003,-9.15933991158759],[159.78528612049507,-9.137849052581602],[159.7878939603076,-9.116721946721837],[159.8102348404381,-9.10018094483918],[159.8397400805052,-9.124913963016532]]],[[[160.11497411977058,-8.976835035880912],[160.1088991198296,-9.00168605145995],[160.09243487994723,-8.981319004451784],[160.076784960175,-8.998965071194139],[160.07340095978736,-9.029359948830688],[160.06427892021668,-9.028689046338066],[160.05388104027895,-9.011105941881338],[160.08333191969493,-8.970363940987445],[160.05930804048973,-8.966051059360217],[160.0674440397972,-8.949194997396386],[160.09318908030698,-8.952773026949451],[160.11497411977058,-8.976835035880912]]],[[[160.04227787994475,-8.912342971566053],[160.03280592051973,-8.915285992624616],[160.00148808053365,-8.889177989063956],[159.99680304023852,-8.891496989275561],[160.00664616018267,-8.901854953285769],[160.00017804040536,-8.90559189326063],[159.99592284038044,-8.898544064685396],[159.9939201596422,-8.923047097310882],[159.98317992007156,-8.912660036464617],[159.99945300025806,-8.882958940585308],[160.0285089605122,-8.880452084360105],[160.04227787994475,-8.912342971566053]]],[[[159.14044907993312,-9.159288022375533],[159.13295999968258,-9.164593007603774],[159.11958491963694,-9.156015037258591],[159.1061738405046,-9.145338977331317],[159.1072250400669,-9.134799972812557],[159.12719892050922,-9.135565932948948],[159.14044907993312,-9.159288022375533]]],[[[159.25689504018345,-9.117726987000424],[159.2352669597562,-9.126754092798821],[159.23443212032834,-9.114795923618521],[159.24618683992574,-9.103649948318326],[159.25689504018345,-9.117726987000424]]],[[[158.7545218798188,-9.019367922870918],[158.74629912032287,-9.031251944075377],[158.73015492053187,-9.025337003769728],[158.74441308043444,-9.01051696137315],[158.7545218798188,-9.019367922870918]]],[[[159.10729596026198,-8.992053991249625],[159.087533040181,-8.988317050323587],[159.0757621203658,-8.995245091076393],[159.0704639996522,-8.986934910842532],[159.08738687979272,-8.981295003219898],[159.09464483969035,-8.988115970095375],[159.10293203983312,-8.97687397260996],[159.10729596026198,-8.992053991249625]]],[[[159.04402884010346,-9.02374292396818],[159.04110384019845,-9.03876702987698],[159.03131615978205,-9.033918994948412],[159.02986103993877,-9.008881038522066],[159.03148211993752,-9.018975930624949],[159.04402884010346,-9.02374292396818]]],[[[160.05894012019374,-8.946196951499267],[160.05090311972222,-8.959092056554969],[160.03818288007764,-8.954886968473275],[160.05894012019374,-8.946196951499267]]],[[[159.0593101200292,-8.991397954064745],[159.05710908049645,-9.006975058660608],[159.0441058805206,-8.997720933702007],[159.0593101200292,-8.991397954064745]]],[[[159.98996412016643,-8.88990694593232],[159.97866515993013,-8.900861050175235],[159.97290588008227,-8.885332043192642],[159.98996412016643,-8.88990694593232]]],[[[159.2642408400445,-9.063302003444095],[159.25475483995166,-9.062737993594066],[159.25425408038473,-9.047851052142164],[159.2642408400445,-9.063302003444095]]],[[[159.27122304050607,-9.103614045911227],[159.26268492024317,-9.121031958122835],[159.25813992011427,-9.09993300572591],[159.26662908039756,-9.096240906757055],[159.27122304050607,-9.103614045911227]]],[[[160.15865796044702,-9.109906083408154],[160.1486661603402,-9.109186100075155],[160.13496096020745,-9.090844968661157],[160.15865796044702,-9.109906083408154]]],[[[159.2034260397633,-9.041817994334831],[159.18739884014815,-9.059834920635879],[159.19132716030916,-9.045191037065818],[159.2034260397633,-9.041817994334831]]],[[[159.16136508020773,-9.111016891061468],[159.14878704027936,-9.121435035643692],[159.15435192020817,-9.106422034000364],[159.16136508020773,-9.111016891061468]]],[[[159.29421515969167,-9.116201030778173],[159.2860431603992,-9.135201968626323],[159.28567199988004,-9.119595056627379],[159.29421515969167,-9.116201030778173]]],[[[159.25600008010693,-9.070022058466552],[159.24354192035324,-9.07254395739851],[159.24453083971693,-9.06210003728622],[159.25600008010693,-9.070022058466552]]],[[[159.15027599965944,-9.13838788592534],[159.14099483970588,-9.141386998699488],[159.1343909997605,-9.134584046172215],[159.15027599965944,-9.13838788592534]]],[[[159.37029000013203,-9.13748491296619],[159.36544799990224,-9.146611036671032],[159.35648795981498,-9.143933095566071],[159.37029000013203,-9.13748491296619]]],[[[160.02542304000042,-8.98096004059859],[160.02369503982158,-8.985799896289995],[160.02022391991932,-8.973718093889346],[160.02542304000042,-8.98096004059859]]],[[[159.13510415968815,-8.971258977473893],[159.12541908035195,-8.97718902636931],[159.12777816049262,-8.968604977468678],[159.13510415968815,-8.971258977473893]]],[[[160.04068991993216,-8.849588040097515],[160.02768312040692,-8.854208029967676],[160.03419083971858,-8.846642000951126],[160.04068991993216,-8.849588040097515]]],[[[159.10069391964214,-9.150927972626844],[159.09248412014082,-9.154835064372008],[159.09075792018578,-9.149443032347019],[159.10069391964214,-9.150927972626844]]],[[[160.2270180000571,-8.997533014947987],[160.22080800039691,-9.000241027767245],[160.21999908005995,-8.990048006276353],[160.2270180000571,-8.997533014947987]]],[[[159.28380216020935,-9.038375946629975],[159.27800615992766,-9.040401040177104],[159.27811308010772,-9.029996007344392],[159.28380216020935,-9.038375946629975]]],[[[159.2727321598777,-9.018273009050601],[159.26744988005584,-9.018802067041966],[159.2655919197065,-9.002435050395453],[159.2727321598777,-9.018273009050601]]],[[[159.2472589199285,-9.041763954509417],[159.24285612041422,-9.04952608364965],[159.23993796028174,-9.045419994137033],[159.2472589199285,-9.041763954509417]]],[[[159.36409187979316,-9.114233061023242],[159.3630230400136,-9.125344050519859],[159.35227199999832,-9.126004997576922],[159.36257915997382,-9.123509067375254],[159.36215795970006,-9.113041041525253],[159.3574441203152,-9.115092905355603],[159.36409187979316,-9.114233061023242]]],[[[160.20847799969158,-9.18638094869038],[160.20035784037754,-9.18284202918868],[160.20269784030154,-9.180159030416084],[160.20847799969158,-9.18638094869038]]],[[[159.258273120508,-9.135724989230269],[159.2531431203981,-9.138659079731717],[159.2433698399757,-9.137981984440117],[159.258273120508,-9.135724989230269]]],[[[159.14113704032044,-9.025578950165617],[159.13844999964255,-9.028964944723082],[159.13806983980083,-9.020742116444056],[159.14113704032044,-9.025578950165617]]],[[[159.23089692000363,-8.982295976386489],[159.21734291980792,-8.987736033686264],[159.21625716025997,-8.98257902176177],[159.23089692000363,-8.982295976386489]]],[[[159.30037296004733,-9.09525891221781],[159.2913380399913,-9.10171603351279],[159.29836308021044,-9.092599070927912],[159.30037296004733,-9.09525891221781]]],[[[159.15502691970258,-8.996316962189125],[159.14799683993465,-8.999336995359863],[159.14746296038152,-8.99446887494167],[159.15502691970258,-8.996316962189125]]],[[[159.12079991980482,-8.987886977103013],[159.11595683980005,-8.984434992485157],[159.11595683980005,-8.978548978543968],[159.12079991980482,-8.987886977103013]]],[[[159.13402811991162,-9.11526494503715],[159.12851795996002,-9.117047896224415],[159.12799307972938,-9.114042004159398],[159.13402811991162,-9.11526494503715]]],[[[159.35065416022275,-9.100105051907406],[159.34694112042123,-9.105997966921947],[159.34789584002374,-9.097828977786303],[159.35065416022275,-9.100105051907406]]],[[[159.2903260797389,-9.077727943752736],[159.2847658800327,-9.082762017195021],[159.28548408040743,-9.079487975570624],[159.2903260797389,-9.077727943752736]]],[[[159.07012200024374,-9.033197081855016],[159.06446892012707,-9.036096104023583],[159.06679308005772,-9.032243002241069],[159.07012200024374,-9.033197081855016]]],[[[160.01421012040203,-8.905852948271503],[160.00939692016027,-8.906048027650968],[160.00894799967344,-8.900364897577182],[160.01421012040203,-8.905852948271503]]],[[[160.0400458799757,-8.961099101888838],[160.03616400001994,-8.966014076612035],[160.03671912023793,-8.961636955728943],[160.0400458799757,-8.961099101888838]]],[[[159.22987992020248,-9.002505985273139],[159.2257431603528,-9.006833012053255],[159.22902491988472,-9.000439967585551],[159.22987992020248,-9.002505985273139]]],[[[159.24600108000308,-9.079792985491153],[159.24164903979388,-9.078832985389727],[159.24357395966618,-9.076225990810013],[159.24600108000308,-9.079792985491153]]],[[[159.9683191199708,-8.912761931427202],[159.96309515967548,-8.918081929573859],[159.96139992015668,-8.915002005378788],[159.9683191199708,-8.912761931427202]]],[[[160.25611787984377,-9.188013039634502],[160.25225796010346,-9.184830942788597],[160.25472504019913,-9.183299055678006],[160.25611787984377,-9.188013039634502]]],[[[159.9910059601818,-8.952298103292247],[159.98683896034473,-8.953596983249433],[159.98975100025515,-8.949863913405505],[159.9910059601818,-8.952298103292247]]],[[[160.00507907971223,-8.874835959850886],[160.00305804010455,-8.877033939889358],[160.00099596006478,-8.871587962842906],[160.00507907971223,-8.874835959850886]]],[[[160.10229996010685,-9.033955082125752],[160.0994278799552,-9.03544103462227],[160.09708104025856,-9.029501097908984],[160.10229996010685,-9.033955082125752]]],[[[159.27818615985268,-9.081272882439679],[159.2761118402672,-9.086235988188154],[159.27364403972263,-9.084000883732509],[159.27818615985268,-9.081272882439679]]],[[[159.12448488006717,-9.112339015353472],[159.1212351598482,-9.11455403635716],[159.12097092040733,-9.111381946392514],[159.12448488006717,-9.112339015353472]]],[[[159.22345500040717,-9.127609997141427],[159.2217921604258,-9.130409976147453],[159.22023515995116,-9.128125919933963],[159.22345500040717,-9.127609997141427]]],[[[160.10576892045913,-9.041614988646282],[160.10103384040943,-9.040789987851278],[160.10295012028527,-9.038461985570597],[160.10576892045913,-9.041614988646282]]],[[[159.9950811602817,-8.880245076071397],[159.99074603984087,-8.881955915011362],[159.98836896015683,-8.878635954060089],[159.9950811602817,-8.880245076071397]]],[[[159.12063612009757,-8.993499936701031],[159.1198210804369,-8.999165967592448],[159.11799408052386,-8.992953952552933],[159.12063612009757,-8.993499936701031]]],[[[160.18981092005265,-9.11492904095602],[160.18737012017058,-9.118516977136297],[160.1877189602499,-9.11355005393115],[160.18981092005265,-9.11492904095602]]],[[[159.31113083983522,-9.124749037211757],[159.30663191968716,-9.129242002621512],[159.30843984028192,-9.124787957723132],[159.31113083983522,-9.124749037211757]]],[[[159.23505312029437,-8.993576918780526],[159.23420783974797,-8.995508036807756],[159.23350296049065,-8.989034075146174],[159.23505312029437,-8.993576918780526]]],[[[160.01365895995778,-8.913736953055265],[160.0072110001721,-8.912126911796138],[160.0082229604245,-8.910024992272794],[160.01365895995778,-8.913736953055265]]],[[[159.2429018401706,-8.983104931662158],[159.2409380403145,-8.984433037428499],[159.23894508024597,-8.980100053684648],[159.2429018401706,-8.983104931662158]]],[[[159.2267108399499,-8.976513936987674],[159.22479888007223,-8.97806004345671],[159.22305288035002,-8.973198926921697],[159.2267108399499,-8.976513936987674]]],[[[159.2181100801622,-8.966549967031883],[159.2109640799934,-8.967824081393026],[159.215442119701,-8.963808097817422],[159.2181100801622,-8.966549967031883]]],[[[159.99622416047956,-8.943515918308623],[159.9925471197647,-8.94458100827321],[159.99450983984585,-8.942399082021147],[159.99622416047956,-8.943515918308623]]],[[[159.11235899995057,-8.99982003554074],[159.11093304031968,-9.001569958475873],[159.10799184019683,-8.995565994533237],[159.11235899995057,-8.99982003554074]]],[[[160.24530491985428,-9.19645306233547],[160.24338287998083,-9.198713047612078],[160.24351608037452,-9.196181913247704],[160.24530491985428,-9.19645306233547]]],[[[159.1573809602945,-9.04185710256813],[159.15502007993,-9.044561937913087],[159.15416616028554,-9.042962965892988],[159.1573809602945,-9.04185710256813]]],[[[160.1575390800146,-9.122874951692285],[160.1559201604641,-9.126223061418477],[160.15568508033735,-9.122762986416667],[160.1575390800146,-9.122874951692285]]],[[[159.15584196026154,-8.965936910862224],[159.1520900404762,-8.96350103429086],[159.14806307990705,-8.965561040763331],[159.1516429202132,-8.962935979622705],[159.15584196026154,-8.965936910862224]]],[[[160.18749684011786,-9.113146078158865],[160.18346591977493,-9.110953975663133],[160.18558488024013,-9.110296909995999],[160.18749684011786,-9.113146078158865]]],[[[160.03520208042042,-8.987914001100647],[160.03200708017863,-8.990235928966705],[160.03324800033573,-8.98778705938634],[160.03520208042042,-8.987914001100647]]],[[[159.13198187986524,-8.983448959333556],[159.13129392037627,-8.985121089885995],[159.1298679598471,-8.981264066788034],[159.13198187986524,-8.983448959333556]]],[[[160.10717687964834,-9.045722899155889],[160.10413200046696,-9.044414040330956],[160.10671212006642,-9.044256010067201],[160.10717687964834,-9.045722899155889]]],[[[160.1583908401091,-9.097199082834251],[160.15461911965826,-9.097065957915099],[160.15508315968967,-9.095210923347159],[160.1583908401091,-9.097199082834251]]],[[[159.13016891972177,-9.124039924293397],[159.12920592034732,-9.125023973325996],[159.12713808030995,-9.123648935282793],[159.13016891972177,-9.124039924293397]]],[[[159.1734319203489,-8.960058953198857],[159.1670429996403,-8.961263036305596],[159.1699399200062,-8.958222060731122],[159.1734319203489,-8.960058953198857]]],[[[160.11654804001358,-9.101473960501819],[160.11515196014568,-9.102876099390455],[160.11472716032256,-9.10089401457286],[160.11654804001358,-9.101473960501819]]],[[[159.27483995967387,-9.085838025024541],[159.27207012037798,-9.083472099678428],[159.27441984007336,-9.08437307607375],[159.27483995967387,-9.085838025024541]]],[[[159.35983091977062,-9.11895595749069],[159.35960483986474,-9.120356961782917],[159.35819616022664,-9.119948017418794],[159.35983091977062,-9.11895595749069]]],[[[159.14413296042054,-8.96839695161272],[159.1396729202563,-8.969604030078736],[159.14014092006144,-8.968278892678967],[159.14413296042054,-8.96839695161272]]],[[[160.15095288028644,-9.114986980073779],[160.14905784017716,-9.114531110131205],[160.1497710001048,-9.113039086283678],[160.15095288028644,-9.114986980073779]]],[[[159.13244411967278,-8.987667939569185],[159.13157184026056,-8.988724899596324],[159.13190304012264,-8.985914037562798],[159.13244411967278,-8.987667939569185]]],[[[159.297684120044,-9.072585016817579],[159.2962138797578,-9.073508061375888],[159.29603712005598,-9.072244984430554],[159.297684120044,-9.072585016817579]]],[[[159.26565707990397,-9.091887050521775],[159.26460911966657,-9.092617022691831],[159.26465087964917,-9.090241010508839],[159.26565707990397,-9.091887050521775]]],[[[159.18546492005504,-8.974271930523543],[159.1839979199921,-8.974077953691996],[159.1833319198202,-8.971780991965698],[159.18546492005504,-8.974271930523543]]],[[[160.01372195970697,-8.877229923747622],[160.01224416009765,-8.87994292105311],[160.0131290401784,-8.87665495467464],[160.01372195970697,-8.877229923747622]]],[[[160.31667816045558,-9.058706000533972],[160.3164038401206,-9.059329031204934],[160.31390796003691,-9.058145005093852],[160.31667816045558,-9.058706000533972]]],[[[159.2791160401393,-9.078722073151491],[159.27867611987327,-9.08024498942534],[159.27774984003435,-9.079356977095653],[159.2791160401393,-9.078722073151491]]],[[[159.0674439597867,-9.031147060862832],[159.06594095973875,-9.031841068011252],[159.06601800015585,-9.030547980476689],[159.0674439597867,-9.031147060862832]]],[[[159.36267995993185,-9.136908047352192],[159.3598838404223,-9.139835020014187],[159.36038891998743,-9.137825950216987],[159.36267995993185,-9.136908047352192]]],[[[160.28776800036528,-9.119330957405712],[160.2850129203895,-9.117915020658586],[160.28665883970424,-9.118017035525257],[160.28776800036528,-9.119330957405712]]],[[[159.9885961198377,-8.883944000242936],[159.9872068797424,-8.884213962670037],[159.98781888038587,-8.882783055521944],[159.9885961198377,-8.883944000242936]]],[[[160.15586291981415,-9.121606006246374],[160.15418316006438,-9.121416019362918],[160.15400892013693,-9.12054303883768],[160.15586291981415,-9.121606006246374]]],[[[160.09918200028213,-9.006137000364127],[160.09775315975415,-9.006013975895812],[160.09844292036527,-9.004856086855188],[160.09918200028213,-9.006137000364127]]],[[[159.1785010802595,-8.965774045925603],[159.17659308015564,-8.963097068418447],[159.17671187965698,-8.962378925195397],[159.1785010802595,-8.965774045925603]]],[[[160.09763904047543,-8.988753879456747],[160.09658784001476,-8.988576978842616],[160.09730316039068,-8.987612114226273],[160.09763904047543,-8.988753879456747]]],[[[159.96184883974522,-8.914536991279485],[159.9601258800134,-8.91369391904615],[159.96093083967827,-8.913369030602617],[159.96184883974522,-8.914536991279485]]],[[[159.98757192003958,-8.872602931589139],[159.98696892051518,-8.873129000378832],[159.9866679597422,-8.872295969030713],[159.98757192003958,-8.872602931589139]]],[[[159.14706011987548,-8.966913035160736],[159.14601107986311,-8.967725047673158],[159.14573315997885,-8.967224896557187],[159.14706011987548,-8.966913035160736]]],[[[159.19535987997756,-8.975787108875485],[159.19163783995523,-8.975989974291586],[159.19407108051416,-8.975703900394594],[159.19535987997756,-8.975787108875485]]],[[[159.2476138802299,-9.078305971360976],[159.24738600010022,-9.079104046407055],[159.2465961599799,-9.078812011383375],[159.2476138802299,-9.078305971360976]]],[[[160.24199112011115,-9.006325981811566],[160.24186799971324,-9.007252929682098],[160.24106411982336,-9.006356026573119],[160.24199112011115,-9.006325981811566]]],[[[160.0013498396929,-8.878022039802909],[160.00066512042716,-8.878117007347162],[160.0008710403414,-8.8770190014427],[160.0013498396929,-8.878022039802909]]],[[[159.2170491599302,-9.032484055400108],[159.21617688051796,-9.033144996402134],[159.2162089198309,-9.032534008448245],[159.2170491599302,-9.032484055400108]]],[[[160.18945416042578,-9.10875492683155],[160.18836983997895,-9.1099789520632],[160.18846487993935,-9.109368984075221],[160.18945416042578,-9.10875492683155]]],[[[159.17531508023856,-8.96175394949473],[159.1739949601145,-8.960949925514862],[159.17436791995917,-8.960542044608317],[159.17531508023856,-8.96175394949473]]],[[[160.21359215980806,-9.01832491896358],[160.21282212035322,-9.01838500735525],[160.21260215977105,-9.017606885787734],[160.21359215980806,-9.01832491896358]]],[[[159.23382911990566,-8.979299092369406],[159.2316230399259,-8.980209930254258],[159.23296583981593,-8.979303892999903],[159.23382911990566,-8.979299092369406]]],[[[160.30987883991784,-9.05807603595828],[160.30917612021045,-9.058394040549306],[160.30932300014928,-9.057238985606165],[160.30987883991784,-9.05807603595828]]],[[[159.23693088041085,-8.979636011628132],[159.23515500002736,-8.97935598631233],[159.2362249204802,-8.979130010101782],[159.23693088041085,-8.979636011628132]]],[[[160.0440451203318,-8.911872974737994],[160.04342591969132,-8.912570945235041],[160.04284488038238,-8.912493946675934],[160.0440451203318,-8.911872974737994]]],[[[159.1377569997065,-8.97146291188801],[159.13712915996794,-8.972109918277987],[159.13678607988618,-8.971610128760195],[159.1377569997065,-8.97146291188801]]],[[[160.3120208403735,-9.05645401621571],[160.31168711983867,-9.056751934537305],[160.31128896045362,-9.056008025408447],[160.3120208403735,-9.05645401621571]]],[[[160.2037508400877,-9.009876958248665],[160.20307512014446,-9.008972950248845],[160.20352512040625,-9.009036950953782],[160.2037508400877,-9.009876958248665]]],[[[159.36416496043645,-9.135975925108035],[159.36316811972858,-9.136744015449384],[159.36291684028242,-9.136425014562452],[159.36416496043645,-9.135975925108035]]],[[[159.20739287968368,-8.968830070726293],[159.20601804048067,-8.969205049590153],[159.20592300052027,-8.968987067958114],[159.20739287968368,-8.968830070726293]]],[[[159.1395530400816,-8.969898998509144],[159.13895112033222,-8.970538005881423],[159.13917791978866,-8.969668037831655],[159.1395530400816,-8.969898998509144]]],[[[159.18139296017836,-8.969706975339838],[159.18002388007463,-8.968236932534548],[159.18046415966674,-8.968361036442195],[159.18139296017836,-8.969706975339838]]],[[[160.3094079601139,-9.056542005438226],[160.30886291989168,-9.056991904891362],[160.309256039728,-9.055587987615944],[160.3094079601139,-9.056542005438226]]],[[[160.30180584035958,-9.162119028438253],[160.3017759596983,-9.162656047216462],[160.30127808013017,-9.161892989349818],[160.30180584035958,-9.162119028438253]]],[[[160.21910304020847,-8.983573058861973],[160.21888308052465,-8.984050962529288],[160.21852704044827,-8.983386021335065],[160.21910304020847,-8.983573058861973]]],[[[160.06383684040077,-8.955197061964272],[160.0631791200009,-8.955377001652723],[160.06312691979807,-8.9549189736646],[160.06383684040077,-8.955197061964272]]],[[[159.14337983983575,-9.132300016160846],[159.14298312045008,-9.132608890700508],[159.14241216023865,-9.132373947026338],[159.14337983983575,-9.132300016160846]]],[[[159.18255215969572,-8.971031040130555],[159.18171083982142,-8.97017103026297],[159.1819401599505,-8.970049059856988],[159.18255215969572,-8.971031040130555]]],[[[159.06606984013425,-9.0300340497264],[159.06594204041204,-9.030373055393415],[159.06545604016523,-9.03012702314775],[159.06606984013425,-9.0300340497264]]],[[[159.2433449997615,-9.081460935510663],[159.24267684003968,-9.081217070892642],[159.2425771198566,-9.080818925291393],[159.2433449997615,-9.081460935510663]]],[[[159.20565407995846,-8.96946908089811],[159.20508887974466,-8.9702069452521],[159.2049729602421,-8.96995287147897],[159.20565407995846,-8.96946908089811]]],[[[160.22905884033028,-9.000609039774583],[160.2282920402004,-9.00025898330609],[160.22904408011186,-9.000417922606697],[160.22905884033028,-9.000609039774583]]],[[[160.29568008021513,-9.10621195491148],[160.29532296036385,-9.106557998132832],[160.29525995971633,-9.106101051265677],[160.29568008021513,-9.10621195491148]]],[[[159.9686989204864,-8.878394977116796],[159.96863412051337,-8.878698911273583],[159.96774095976238,-8.878430012334936],[159.9686989204864,-8.878394977116796]]],[[[159.2054618404877,-9.028796063691978],[159.20507088020133,-9.028999965248497],[159.20497799979083,-9.028724066890605],[159.2054618404877,-9.028796063691978]]],[[[160.07372207965366,-9.041490020796362],[160.07319611964806,-9.041128983266118],[160.07338799979274,-9.041068898714371],[160.07372207965366,-9.041490020796362]]],[[[160.15130712013897,-9.115511096707339],[160.15092191985016,-9.11544391542795],[160.1512621199331,-9.115336035915599],[160.15130712013897,-9.115511096707339]]],[[[160.01444987985303,-8.977394912501726],[160.01427815969998,-8.977573952368092],[160.01408592022918,-8.977413936496566],[160.01444987985303,-8.977394912501726]]]]}},{"type":"Feature","properties":{"ADM1_PCODE":"SB05","ADM1_NAME":"Rennell-Bell"},"geometry":{"type":"MultiPolygon","coordinates":[[[[160.6574131200723,-11.832420054270216],[160.64737884043234,-11.844342984648199],[160.6017380396723,-11.82542792069973],[160.5855178801375,-11.826925092289576],[160.5607221603554,-11.88139696891957],[160.5154010403606,-11.838872926161894],[160.48392012021782,-11.84970705849825],[160.4400278398527,-11.825829081597968],[160.42726799977547,-11.783197897172798],[160.4116260004491,-11.768220959159688],[160.41124404038356,-11.750371055987506],[160.40266992013562,-11.742172105380869],[160.35957108033844,-11.719771956556865],[160.31232900024517,-11.730368987103644],[160.30039392049827,-11.720445045196433],[160.31967695965616,-11.69511206904686],[160.31252916016183,-11.674746044653512],[160.29830592046937,-11.662684085059052],[160.26024887969587,-11.662103052523662],[160.242896879734,-11.685506966978163],[160.1788381201297,-11.68517505197654],[160.14764195964378,-11.661031947234582],[160.13348712037197,-11.665767976999827],[160.1196001200903,-11.644737985696265],[160.08892307983737,-11.639843987127794],[160.09057908004618,-11.62104395587008],[160.08373583997593,-11.612095009757654],[160.04706011975023,-11.602977036349307],[160.032500999973,-11.617515084542513],[160.00723907971124,-11.597999960662628],[159.96830688042505,-11.557529077069018],[159.95242799984982,-11.504364999133342],[159.96969900051917,-11.478063019337046],[159.9908619602418,-11.462847035630315],[160.00641396005477,-11.462815987697425],[160.04649492043472,-11.482362916940556],[160.09534908030594,-11.489751935068961],[160.13100816005658,-11.514507055713375],[160.153235999785,-11.549645048089952],[160.2151138798482,-11.56884701186277],[160.3182970800061,-11.645575034352087],[160.3605938401372,-11.667440006032892],[160.39927007975456,-11.668794015236614],[160.4371179603905,-11.689875944365347],[160.4939860798446,-11.704610025834253],[160.55507808045954,-11.765286056783248],[160.63463699989842,-11.805075053089789],[160.6574131200723,-11.832420054270216]]],[[[159.8357170797098,-11.31116598881684],[159.78849695983197,-11.3071820950602],[159.76492703976405,-11.293778958406948],[159.75238499982072,-11.275520074556827],[159.7919749204051,-11.285296960373051],[159.8357170797098,-11.31116598881684]]]]}},{"type":"Feature","properties":{"ADM1_PCODE":"SB06","ADM1_NAME":"Guadalcanal"},"geometry":{"type":"MultiPolygon","coordinates":[[[[160.83429588031208,-9.852369110188384],[160.79909111992308,-9.882253991957729],[160.74323316049757,-9.904239070281175],[160.68590603966254,-9.908565940873704],[160.63717104041544,-9.929926034050414],[160.62602399966673,-9.945492023582926],[160.58661192035572,-9.921261983802399],[160.55427707967016,-9.921935044885755],[160.51884695982417,-9.898348001454266],[160.48019808019546,-9.888207058688744],[160.45163495996067,-9.88700106241988],[160.4278731597481,-9.895406949167956],[160.4037218401468,-9.863021008856746],[160.36363511976924,-9.829145984461636],[160.32320388020892,-9.811322994975935],[160.26887195992344,-9.807448027758772],[160.17103187978663,-9.818513921756182],[160.10677188049067,-9.816751988514477],[160.06776192033857,-9.826216020457046],[160.01796204018734,-9.812913089514273],[159.99482087971634,-9.817157975675126],[159.97091616023695,-9.804745970936589],[159.92232911980537,-9.798208015378034],[159.88917383968595,-9.781173961835432],[159.83740583968043,-9.800202938896344],[159.81717096002055,-9.79774010116685],[159.80921316041434,-9.784031952337001],[159.7901198400546,-9.777901043298874],[159.78863699999823,-9.760967951177483],[159.76715688018308,-9.739602079870137],[159.73503408053213,-9.720755926873228],[159.70774212044188,-9.717262062268372],[159.71533487975094,-9.686545075399055],[159.7005809998302,-9.685334975177867],[159.69642695998772,-9.659949011825237],[159.6632101201185,-9.650444064616071],[159.65320211979386,-9.638966932317425],[159.669662039678,-9.620450015226165],[159.66198108018108,-9.599002082585288],[159.64560000003954,-9.586525021918769],[159.63659604041973,-9.572893087847662],[159.63947892011774,-9.563236950289054],[159.625412999686,-9.558523977074504],[159.60414887978092,-9.522942049713924],[159.58917899995015,-9.525906080036789],[159.58568591983249,-9.499913090193465],[159.60855815974173,-9.498330926021033],[159.61748904051487,-9.480022953810392],[159.5943950397996,-9.440290007542023],[159.60167315968883,-9.423839002965716],[159.59329884003142,-9.413281018329508],[159.60791196023533,-9.408424986109086],[159.59566007972205,-9.393384989537008],[159.59672495972782,-9.378009041919931],[159.58488491994137,-9.367316991987945],[159.59788811991726,-9.345458928334024],[159.59608415999463,-9.308062902456745],[159.61519188034836,-9.287547109694968],[159.63140591966115,-9.28501803474975],[159.67814004019053,-9.254399098646545],[159.71574312003008,-9.253595910002534],[159.73824096009523,-9.277278103910332],[159.78635208027586,-9.298958006780735],[159.8664110397311,-9.37081693218181],[159.90507288025276,-9.42445890154052],[159.9159481204409,-9.424211013070995],[159.92709084029312,-9.44070798823551],[159.95813616016812,-9.444077034316239],[159.9549418803752,-9.454319981769537],[159.96421187965967,-9.45711291133557],[160.00321392026427,-9.447210072022957],[160.00326791979262,-9.434010992848899],[160.01966808015078,-9.43252902795177],[160.01692091972254,-9.412967950734041],[160.02499104018028,-9.406259940176268],[160.10533295996692,-9.432415918455423],[160.15461911965826,-9.404759032305137],[160.19533511977383,-9.413439060444428],[160.2131101202333,-9.425815004850298],[160.2839660399271,-9.413285990514254],[160.30965204046143,-9.424719042366599],[160.34863104017728,-9.410412973547764],[160.38596808035223,-9.423303094511347],[160.40344104026371,-9.453801875997328],[160.45458984052703,-9.478754060684327],[160.47932687965988,-9.510673989704303],[160.48607111999596,-9.532153057249928],[160.5777991204318,-9.549421073776392],[160.60515191982296,-9.577494929229385],[160.61495400023335,-9.576112981491578],[160.61438196024696,-9.586785039742823],[160.62915707993426,-9.593249025480198],[160.66032803998155,-9.64150298724632],[160.66106387967514,-9.701062922500364],[160.6766209199352,-9.707854013478753],[160.7108320798396,-9.705741083086709],[160.743429000416,-9.728024033789287],[160.7675760000191,-9.733358940439029],[160.772815079859,-9.751061044345864],[160.78653792020899,-9.754288990524776],[160.8021518399962,-9.77404111864922],[160.8073178400911,-9.766282995407089],[160.81032887973575,-9.776163018045292],[160.794851040341,-9.791931031800932],[160.81268795987643,-9.837242092592165],[160.83429588031208,-9.852369110188384]]],[[[160.88054796036838,-9.81606203985272],[160.87582008031566,-9.831477876961708],[160.8557421596921,-9.834075075737015],[160.85229300000535,-9.830233895549384],[160.86657492034715,-9.822432923446684],[160.85181492020442,-9.794869990319127],[160.86695508018886,-9.795515106944983],[160.88054796036838,-9.81606203985272]]],[[[160.8350918397561,-9.782223006278633],[160.8266199603639,-9.802383027274793],[160.80934607969579,-9.808250091168809],[160.81360200016954,-9.78877103222556],[160.8350918397561,-9.782223006278633]]],[[[160.8228169201507,-9.830303951956022],[160.81364915992535,-9.834963092425602],[160.80470388005654,-9.810529097724597],[160.81886411999983,-9.816451000826142],[160.8228169201507,-9.830303951956022]]],[[[160.84968011974576,-9.837853074638415],[160.83955512014356,-9.840199979665977],[160.83344915976627,-9.827737051132436],[160.84968011974576,-9.837853074638415]]],[[[160.7910879598866,-9.747010988281989],[160.77212207992292,-9.737421048094744],[160.77456612002825,-9.734292997203703],[160.7910879598866,-9.747010988281989]]],[[[160.84086516027185,-9.81801304734676],[160.83501012001472,-9.818743962179688],[160.83996407997327,-9.814410946750211],[160.84086516027185,-9.81801304734676]]],[[[160.85249784014462,-9.82807101664895],[160.849712159957,-9.828451982441491],[160.8488161201055,-9.8235960572269],[160.85249784014462,-9.82807101664895]]],[[[160.80935688014043,-9.740802936094399],[160.80502607969783,-9.741345972368903],[160.80488712020482,-9.73872800116369],[160.80935688014043,-9.740802936094399]]],[[[160.8369479998816,-9.808943071373841],[160.8356458801991,-9.810703982874823],[160.83310607968454,-9.808308977650375],[160.8369479998816,-9.808943071373841]]],[[[160.7971269598426,-9.73819897596831],[160.79471495994852,-9.738655974430449],[160.7942790003546,-9.73461800883662],[160.7971269598426,-9.73819897596831]]],[[[160.8556150804188,-9.839413955935981],[160.85417112034622,-9.842536050689187],[160.8529489201814,-9.839697010186995],[160.8556150804188,-9.839413955935981]]],[[[160.88735304000542,-9.812463997493516],[160.88272883990953,-9.811739985205278],[160.88426712039194,-9.809169038756226],[160.88735304000542,-9.812463997493516]]],[[[159.6278498397943,-9.560525117783756],[159.62450399983987,-9.561562958273782],[159.62466888022038,-9.559737904228292],[159.6278498397943,-9.560525117783756]]],[[[160.47836784005918,-9.497369054959181],[160.47673596051405,-9.498483958513676],[160.47631908023843,-9.49718903664322],[160.47836784005918,-9.497369054959181]]],[[[160.77446892051788,-9.747156989683079],[160.7734771202571,-9.748488918418717],[160.7722459198714,-9.747725029834065],[160.77446892051788,-9.747156989683079]]],[[[160.77709116032437,-9.750238974180965],[160.77517991999727,-9.750179012371467],[160.7757739201991,-9.749122061934553],[160.77709116032437,-9.750238974180965]]],[[[159.6242170797348,-9.558956014640485],[159.62249016022918,-9.5589739421126],[159.62309315975358,-9.55758694892176],[159.6242170797348,-9.558956014640485]]],[[[160.7939618402621,-9.747992905184212],[160.79136408044536,-9.74752811415965],[160.7918781602313,-9.746415982622803],[160.7939618402621,-9.747992905184212]]],[[[160.50195684034372,-9.528787006477803],[160.5003508798895,-9.529830979205595],[160.50041784031077,-9.528685999555817],[160.50195684034372,-9.528787006477803]]],[[[160.7794311602484,-9.7475699809175],[160.77709692032198,-9.746035100621759],[160.77759587966509,-9.745310056851826],[160.7794311602484,-9.7475699809175]]],[[[160.77749687993088,-9.74403701327038],[160.7769180001719,-9.744508018759655],[160.77561696026447,-9.74244410581353],[160.77749687993088,-9.74403701327038]]],[[[160.78096404005936,-9.746516037739374],[160.77964499971026,-9.746499007064422],[160.77943008047345,-9.744809958254054],[160.78096404005936,-9.746516037739374]]],[[[160.64022996026472,-9.599459979697734],[160.63874783975888,-9.599160926688727],[160.63950096034364,-9.59840397458938],[160.64022996026472,-9.599459979697734]]],[[[160.80939612034868,-9.829595940909485],[160.80875099971897,-9.829913056365674],[160.80792192028872,-9.828602914471091],[160.80939612034868,-9.829595940909485]]],[[[160.7939910004745,-9.754894981076026],[160.79349995978063,-9.755701074298955],[160.7928091202929,-9.754916978432716],[160.7939910004745,-9.754894981076026]]],[[[160.78317804048498,-9.733191111462604],[160.78268088046744,-9.73368998538889],[160.78223700042767,-9.73311588952553],[160.78317804048498,-9.733191111462604]]],[[[160.7745070800528,-9.740662076548993],[160.77369600016593,-9.740119039147354],[160.7740480804685,-9.739852930808059],[160.7745070800528,-9.740662076548993]]],[[[160.7938498805333,-9.748920889235466],[160.79334084029608,-9.749266998381028],[160.79321700034762,-9.748687962450138],[160.7938498805333,-9.748920889235466]]],[[[159.69847896003165,-9.686122073336305],[159.69822191968953,-9.686540994104556],[159.69778811964554,-9.68638999865186],[159.69847896003165,-9.686122073336305]]]]}},{"type":"Feature","properties":{"ADM1_PCODE":"SB07","ADM1_NAME":"Malaita"},"geometry":{"type":"MultiPolygon","coordinates":[[[[161.41056084022935,-9.557936980813928],[161.39863584047828,-9.574794924993736],[161.4028820402824,-9.588850972382124],[161.387034839694,-9.597587033167983],[161.34187896030414,-9.560822075138438],[161.30719295992375,-9.544550104242342],[161.29051704012957,-9.527410896362614],[161.29838808044565,-9.513024069252944],[161.27825616029375,-9.508124886350279],[161.2583899204804,-9.489147058030856],[161.2404028798846,-9.460601999855562],[161.24043204009706,-9.446963087608212],[161.2031691603404,-9.401929097043972],[161.2134169201161,-9.399368000622214],[161.2075111196555,-9.391071919330793],[161.19996911965154,-9.39241696496356],[161.19536687977111,-9.38306191697429],[161.1919418398497,-9.393811019001722],[161.16880212027635,-9.378622984001112],[161.17538112000753,-9.367223042165188],[161.16061211964396,-9.370592093462166],[161.15686595985622,-9.36075000271775],[161.14017888029124,-9.35469297406424],[161.14520196022102,-9.353457009999177],[161.1391921204775,-9.345079018639321],[161.12450483985532,-9.344403917911551],[161.1094269600695,-9.331847984635576],[161.09645688007978,-9.336967070070694],[161.08539587996898,-9.324462912000127],[161.09560296043531,-9.31908804092795],[161.0871760803507,-9.309853941069564],[161.08961400023398,-9.299501923617298],[161.07395400046593,-9.312379106179941],[161.0683729203193,-9.304537996488971],[161.07070211979865,-9.313064926352908],[161.08085196051343,-9.313664950517586],[161.07520391994552,-9.319134934531483],[161.06167187996525,-9.312208050671588],[161.05996800045006,-9.299058015414225],[161.0449070404326,-9.305921034683157],[161.02319400004072,-9.29788207245762],[161.03832408002938,-9.30185006280895],[161.00662212042778,-9.263686002163748],[161.00597699979807,-9.248364922099459],[161.01074304028404,-9.250619955681941],[160.9701001199135,-9.23461695438442],[160.96313699966856,-9.205140039204121],[160.93313495980834,-9.18355209089767],[160.93719504036366,-9.174024964102252],[160.9241990403848,-9.170421949978913],[160.90758107989268,-9.181730023998961],[160.8724580401434,-9.16351008856644],[160.85818907979626,-9.140538058177567],[160.8446678402606,-9.133354951683089],[160.827118919707,-9.093707977690533],[160.80953507984165,-9.08239106694318],[160.79828687980878,-9.060762974735402],[160.79683392041375,-9.025724012190123],[160.77756816035037,-9.019466943172702],[160.7865350402102,-9.023494042839818],[160.76595492002033,-8.99103295485741],[160.7801659201671,-8.988543910275949],[160.76388312020921,-8.98621894909302],[160.75345212028526,-8.962607045784193],[160.76563812015223,-8.951505971758053],[160.75822499964548,-8.93456904069795],[160.76703888024275,-8.913297900332287],[160.75796508020284,-8.897506048978741],[160.74546084046838,-8.898599014990756],[160.75075896028366,-8.85848790721267],[160.7407891203923,-8.854613004970957],[160.73924903968603,-8.840440907462497],[160.70105412009286,-8.77724197574047],[160.68881916024628,-8.773903994004444],[160.67076696035136,-8.745796982472065],[160.68648707986978,-8.711291909214692],[160.67913408001175,-8.70227801677046],[160.68638700036058,-8.693864072179043],[160.66590912012816,-8.663664980355618],[160.65212796025162,-8.606878982221742],[160.676630999931,-8.59941596989262],[160.69111488041332,-8.568943936667878],[160.7170078797386,-8.57212906745932],[160.7277189599951,-8.56053805457499],[160.70680007972172,-8.531682962176124],[160.71031692027864,-8.52316998496139],[160.67634300005093,-8.494630024467046],[160.678207079724,-8.48409701012546],[160.64700804013756,-8.456093080747316],[160.64420183973385,-8.44418198560993],[160.6013690404997,-8.412260097568494],[160.58779488031237,-8.411350014494698],[160.5849559201469,-8.40154106759868],[160.59695796031505,-8.407512008730542],[160.57631087970393,-8.388907093355098],[160.55860212011518,-8.344810953755275],[160.56516708007675,-8.330408917330749],[160.59693600009962,-8.329401043423681],[160.6893210004865,-8.373608089858436],[160.71003000017353,-8.375033982603302],[160.71909696044082,-8.369583969917306],[160.72304184014584,-8.346488063234931],[160.6810489198882,-8.32082804394455],[160.7013799201818,-8.312505990993003],[160.69709916039207,-8.315589935703098],[160.71294204008396,-8.321218985323066],[160.73667612008356,-8.317641016955195],[160.76204316030157,-8.350200939636146],[160.78615884014224,-8.359146031839423],[160.80822683993722,-8.38146690774693],[160.8170889600652,-8.418931007173914],[160.8306469200347,-8.426870991987283],[160.83191303973214,-8.442447965492706],[160.84538783996086,-8.45268692114102],[160.84155708043292,-8.460702947502288],[160.89421104029415,-8.495160005666275],[160.90591716013634,-8.511804991342116],[160.9017739198402,-8.519819070944653],[160.91863704045477,-8.539630941519722],[160.91359812053156,-8.551596922886963],[160.95390191969582,-8.575671926122265],[160.99803504018524,-8.637018027597978],[161.00039915987466,-8.669664920602191],[160.98528311965558,-8.685152962941311],[160.9465550400598,-8.698115906570276],[160.95476700000938,-8.742219966172781],[160.94033316018,-8.761403020749444],[160.93356011985588,-8.753579090665216],[160.92235799980384,-8.761554946830444],[160.93247292030856,-8.765334047747212],[160.94045915967837,-8.822582990454134],[160.94975112007657,-8.833150998721063],[160.96469004036942,-8.833114003255663],[160.96551588047473,-8.848092969652853],[160.98611400020795,-8.862643950197812],[161.01699191992805,-8.865709019682507],[160.99174800010798,-8.848573007855109],[161.00685108033247,-8.845991927389006],[161.0423639996948,-8.864996020682657],[161.06238611966785,-8.889158960403101],[161.04324204000295,-8.882440000070188],[161.0508391202085,-8.89883695630054],[161.07171803982484,-8.915754028680292],[161.07368903967793,-8.895848988108584],[161.0811500403893,-8.894645934212523],[161.16432192012053,-8.982763926018379],[161.15879087972849,-8.985909948840828],[161.13771792041754,-8.965654030075521],[161.14029984024089,-8.985328927399646],[161.122616999743,-8.982020931479799],[161.12660111965624,-8.995609908254707],[161.14159404037574,-8.993438955479167],[161.14666716006013,-9.00798698393034],[161.16654096009495,-9.009583977720643],[161.18352683998464,-9.034536913793621],[161.17096212027536,-9.050273029042314],[161.19214308043965,-9.061379958410285],[161.1862581604195,-9.089388927131898],[161.16898392042523,-9.081923957276889],[161.17427088046978,-9.097603075969769],[161.21662811967738,-9.101151017959717],[161.22220308050032,-9.12015506713443],[161.1963298800439,-9.136736018246053],[161.19658907993596,-9.14709210130201],[161.22102587964298,-9.147148968326347],[161.22559283998726,-9.160816991872602],[161.24999507970867,-9.166206895932344],[161.23831812007887,-9.182847892855131],[161.26380395979828,-9.196635012746304],[161.25888599982468,-9.20605296753098],[161.2362081598345,-9.207170049877565],[161.23229711966624,-9.195755998004953],[161.2298419197902,-9.205497001863646],[161.23566708028437,-9.228899935771484],[161.2509141604489,-9.243366062437582],[161.24700996005322,-9.255546939075034],[161.2674478805269,-9.302365908949497],[161.24806007984057,-9.295536925963091],[161.22638700010577,-9.273500095548869],[161.21522808003573,-9.283184946546777],[161.282919959924,-9.350541049119233],[161.33763996049706,-9.445047933258104],[161.36116884013288,-9.453372013995176],[161.35993799997163,-9.47261494430212],[161.39865312047112,-9.511193962343894],[161.396300880103,-9.538225959010907],[161.41056084022935,-9.557936980813928]]],[[[161.58059783972618,-9.68887903103863],[161.5718440797776,-9.726023000571118],[161.56298304032288,-9.727430945574005],[161.5238488799979,-9.694168961576665],[161.52237792016118,-9.677148052732976],[161.50746888052964,-9.668285937080322],[161.48484396029284,-9.63123194558974],[161.4725819997837,-9.628875940362775],[161.4736670397811,-9.662608942891406],[161.46181511977503,-9.685919975408467],[161.44493400051542,-9.67405794380676],[161.43360516051615,-9.646665008680552],[161.4250180802736,-9.647565945315952],[161.40319703992668,-9.61795905754843],[161.3977531199475,-9.609230976865714],[161.41324895978389,-9.557941950874332],[161.39928384020848,-9.5360709621927],[161.40323411968663,-9.510917022587975],[161.37976788047385,-9.479700005249752],[161.40547187965325,-9.428362055437587],[161.39601215977407,-9.427293979562505],[161.39618712015036,-9.418006998177141],[161.37841896036176,-9.423633908862152],[161.37910403985194,-9.403472992218715],[161.39726208015196,-9.400348969004495],[161.37577691988974,-9.386598992362051],[161.3742980405055,-9.400370101143675],[161.36718804032168,-9.39693296904133],[161.37061811979189,-9.405280941474592],[161.3585768403138,-9.38285093810305],[161.3676729598952,-9.370662954596122],[161.35140995970454,-9.370420000801408],[161.35447392000086,-9.36033405557676],[161.33149800013476,-9.33319397004317],[161.33855904033896,-9.325748001910735],[161.3646939604618,-9.359025116898847],[161.3936908798422,-9.363487032421963],[161.40609288051758,-9.38992097178182],[161.4155310004058,-9.390054873089332],[161.43686207983382,-9.411255045932503],[161.46014112002285,-9.459029064399692],[161.4757140002763,-9.462438057303538],[161.48538791984177,-9.476661006113979],[161.4807799199637,-9.484115089089341],[161.51832612027613,-9.525650099242498],[161.52810192047292,-9.527234089143795],[161.54561916014137,-9.568248939105354],[161.55761112031374,-9.57403188341363],[161.5603928398293,-9.612167988437205],[161.54864315978062,-9.61509698902878],[161.5454449202139,-9.624677999867293],[161.55958104039183,-9.629377098302488],[161.56920816042594,-9.643357945300192],[161.5712648397942,-9.653353035190712],[161.56239407966976,-9.658910940361295],[161.5758058801493,-9.663683024781182],[161.58059783972618,-9.68887903103863]]],[[[160.81462187996954,-8.33741694440522],[160.76536488049058,-8.307960980261816],[160.7575230003869,-8.295815935627852],[160.78115699997903,-8.288010079211308],[160.8027908404039,-8.295592043277482],[160.8141758403798,-8.317310985324966],[160.81462187996954,-8.33741694440522]]],[[[161.37936215996905,-9.473759045479145],[161.3731971605147,-9.482428991517404],[161.36368812043145,-9.479001021960766],[161.36086608003436,-9.463849050925248],[161.36798003999195,-9.45116108559484],[161.36980596013004,-9.468527109947932],[161.37936215996905,-9.473759045479145]]],[[[161.29140587998407,-9.5165701053406],[161.28344987970334,-9.521955040001925],[161.2455750002015,-9.489135873558602],[161.29140587998407,-9.5165701053406]]],[[[161.04944915966436,-8.762353003444419],[161.02496483997714,-8.772672968663393],[161.02982016042594,-8.76351895223963],[161.04677507987944,-8.760421013249479],[161.0223220799546,-8.748405980562636],[160.997416920218,-8.758213978586536],[161.01672408003955,-8.744898906993786],[161.03825712050642,-8.750396030038281],[161.04944915966436,-8.762353003444419]]],[[[160.59025584018605,-8.315924065794398],[160.58146284002925,-8.318161978389112],[160.57075499999598,-8.30558693105542],[160.57984500025367,-8.302712012614121],[160.59025584018605,-8.315924065794398]]],[[[161.39431296048153,-9.4314799652996],[161.38315116041267,-9.44658506479933],[161.38028088048486,-9.42944593134009],[161.39431296048153,-9.4314799652996]]],[[[159.70471487968103,-5.477730462536105],[159.6925767600187,-5.497224532291262],[159.69420720046273,-5.457404880452985],[159.70471487968103,-5.477730462536105]]],[[[161.27000100036219,-9.170150958353997],[161.25690096020202,-9.169320923462077],[161.25970607993239,-9.159339023364199],[161.27000100036219,-9.170150958353997]]],[[[161.2468418403478,-9.482109063275228],[161.24231807998552,-9.483557969495878],[161.22881483999322,-9.457381016973473],[161.2468418403478,-9.482109063275228]]],[[[161.12927484011504,-9.344176930394623],[161.12396015985752,-9.358983025057812],[161.10228095990067,-9.343430073400858],[161.1036471600056,-9.3385890493232],[161.12354507980578,-9.355286888241611],[161.12927484011504,-9.344176930394623]]],[[[160.74281699977251,-8.88851892053887],[160.73438183991593,-8.901007050638812],[160.7378648400378,-8.909789014693729],[160.73117316012898,-8.896288951829114],[160.74281699977251,-8.88851892053887]]],[[[161.20573307972205,-9.037980952533532],[161.20346795976684,-9.042823066080746],[161.19096984025438,-9.02372905790047],[161.20573307972205,-9.037980952533532]]],[[[161.23081895983256,-9.452240095623617],[161.20064016027047,-9.413681096996587],[161.21328912039388,-9.424621023843539],[161.23081895983256,-9.452240095623617]]],[[[162.95053499999582,-8.40658695701721],[162.93530412004912,-8.415085953666793],[162.94060116008944,-8.407016986010772],[162.95053499999582,-8.40658695701721]]],[[[161.19226692038808,-9.399699015700547],[161.1600210003392,-9.381786095618201],[161.1636019204203,-9.378232988109446],[161.19226692038808,-9.399699015700547]]],[[[160.75324691992154,-8.9686129784607],[160.74433800026216,-8.964387019482382],[160.74672984016462,-8.95277800479014],[160.75324691992154,-8.9686129784607]]],[[[161.55494496007634,-9.55987102959776],[161.5472848801216,-9.554367943970176],[161.54497187996174,-9.535466886157776],[161.55494496007634,-9.55987102959776]]],[[[161.38324296014991,-9.467269004898194],[161.37443699999847,-9.467700979131632],[161.3794989599121,-9.45853191685219],[161.38324296014991,-9.467269004898194]]],[[[161.38739087977035,-9.49562905165876],[161.37836712038336,-9.4886250992478],[161.38227312010454,-9.485622042066906],[161.38739087977035,-9.49562905165876]]],[[[159.3892393196534,-5.469105846529234],[159.38452152049484,-5.470421209591583],[159.36835032004132,-5.446185163680271],[159.3892393196534,-5.469105846529234]]],[[[160.74404712038324,-8.930572072599775],[160.74228815976812,-8.935279059144285],[160.74089603967403,-8.926035020657258],[160.74404712038324,-8.930572072599775]]],[[[161.3828588405344,-9.441412021267322],[161.37886104017772,-9.445568005741618],[161.37320004051352,-9.437418990620221],[161.3828588405344,-9.441412021267322]]],[[[160.76031408034774,-8.948395924076035],[160.7590231204361,-8.953731049664258],[160.75689983997265,-8.944640040750047],[160.76031408034774,-8.948395924076035]]],[[[161.06874803971394,-8.88541811796463],[161.06623811986066,-8.888126075150275],[161.05892616043468,-8.879664953365427],[161.06874803971394,-8.88541811796463]]],[[[160.619547239893,-7.905424719811942],[160.61145911989186,-7.909277000019804],[160.6133790002154,-7.904366748961919],[160.619547239893,-7.905424719811942]]],[[[159.49574711999915,-5.4894211759788085],[159.46416756034657,-5.476693021324072],[159.48677304014237,-5.484016173550088],[159.49574711999915,-5.4894211759788085]]],[[[159.40761516008735,-5.09470503950453],[159.39919188045033,-5.098770042799984],[159.4025488801755,-5.092125963759868],[159.40761516008735,-5.09470503950453]]],[[[159.61087511967534,-5.529032292410123],[159.57538128052963,-5.526078252393032],[159.58147860001213,-5.5249541798040545],[159.61087511967534,-5.529032292410123]]],[[[160.73916011994763,-8.862217107609904],[160.7386748401497,-8.873172038324698],[160.7358448802051,-8.8580020122096],[160.73916011994763,-8.862217107609904]]],[[[161.36622899982265,-9.447990086739898],[161.3650780800773,-9.45147198724682],[161.35877592045549,-9.449375038746389],[161.36622899982265,-9.447990086739898]]],[[[159.68679732017927,-5.391238056984299],[159.68480292011134,-5.405246251801347],[159.68035656039055,-5.399892282233072],[159.68679732017927,-5.391238056984299]]],[[[160.7414000403625,-8.920600975234969],[160.73059104014678,-8.914188986715285],[160.73327304037755,-8.91185590361795],[160.7414000403625,-8.920600975234969]]],[[[161.27148311996967,-9.208213923386747],[161.26899912010555,-9.212287045329772],[161.26692912051828,-9.20394299367387],[161.27148311996967,-9.208213923386747]]],[[[161.3601270001175,-9.416302108537327],[161.3573830799125,-9.420159895264382],[161.35615115997626,-9.41065305868206],[161.3601270001175,-9.416302108537327]]],[[[160.74053891982268,-8.882594009983746],[160.7343159601679,-8.878760977766225],[160.73726184051338,-8.8756099407001],[160.74053891982268,-8.882594009983746]]],[[[159.68841227995597,-5.413033858030147],[159.68758392007632,-5.421467003385502],[159.6850264802428,-5.408499970550689],[159.68841227995597,-5.413033858030147]]],[[[161.36166492037552,-9.44319509158379],[161.35466111992292,-9.446254095258421],[161.35403616018314,-9.443015932889319],[161.36166492037552,-9.44319509158379]]],[[[159.5170695603291,-5.509853347323128],[159.51096179972802,-5.5085090456769334],[159.5074251603022,-5.498741581074946],[159.5170695603291,-5.509853347323128]]],[[[159.64764696053473,-5.535644427958544],[159.64527060040126,-5.537298257074237],[159.63546995999025,-5.53221940590246],[159.64764696053473,-5.535644427958544]]],[[[159.54987203969708,-5.520962577036484],[159.5398665600451,-5.520141105017486],[159.53637203992804,-5.516803604858786],[159.54987203969708,-5.520962577036484]]],[[[161.1984898800429,-9.411211006062205],[161.1917701196966,-9.406815942043353],[161.19376307976512,-9.403903981427131],[161.1984898800429,-9.411211006062205]]],[[[161.13987683974327,-9.361503038662521],[161.13491208023834,-9.359608012397654],[161.13638987984763,-9.354922086059792],[161.13987683974327,-9.361503038662521]]],[[[159.69054132041703,-5.4385904354257875],[159.688294920454,-5.4483264505324165],[159.6881538005128,-5.433092511616385],[159.69054132041703,-5.4385904354257875]]],[[[160.7499039599659,-8.87971403787595],[160.7422420797873,-8.879797979681468],[160.74773495974608,-8.876423935096318],[160.7499039599659,-8.87971403787595]]],[[[161.39139083967694,-9.451774898697762],[161.38578995976314,-9.453027911187817],[161.38536515994002,-9.449524009166574],[161.39139083967694,-9.451774898697762]]],[[[161.39167992023036,-9.496526127645529],[161.38712699965564,-9.497891888490864],[161.38727388049276,-9.494935071364909],[161.39167992023036,-9.496526127645529]]],[[[161.3350778404409,-9.41820996463331],[161.33266907987175,-9.419511932310662],[161.33179608001066,-9.414936023954361],[161.3350778404409,-9.41820996463331]]],[[[159.28508807967398,-5.471495394254789],[159.27970463966963,-5.47111965309328],[159.28071444037207,-5.468554865804372],[159.28508807967398,-5.471495394254789]]],[[[159.5311117203216,-5.515314194390001],[159.52269563978328,-5.514335943571638],[159.51936204027294,-5.511198362392647],[159.5311117203216,-5.515314194390001]]],[[[160.75564488004602,-8.930615104592762],[160.7488628403994,-8.934263019608874],[160.7524768804667,-8.929524012323498],[160.75564488004602,-8.930615104592762]]],[[[159.5614586404874,-5.524338393792481],[159.5525140801691,-5.522454839999907],[159.5532322796455,-5.520588300490852],[159.5614586404874,-5.524338393792481]]],[[[161.38617696027578,-9.462731016047407],[161.38432907992225,-9.465065089903085],[161.3825578797614,-9.45991203275379],[161.38617696027578,-9.462731016047407]]],[[[161.35230708022928,-9.438321901507068],[161.34820415991638,-9.440969005036713],[161.34974208017437,-9.436228068734948],[161.35230708022928,-9.438321901507068]]],[[[159.68638295967804,-5.508087103359281],[159.68091167971025,-5.509461326496502],[159.6823560000072,-5.50633948699132],[159.68638295967804,-5.508087103359281]]],[[[161.32267295976672,-9.404396058019403],[161.3199700799938,-9.404485025323067],[161.32072104013028,-9.400123971275553],[161.32267295976672,-9.404396058019403]]],[[[161.34781608052714,-9.438139899332095],[161.3424758405048,-9.43487094187522],[161.34604091969416,-9.435250931126767],[161.34781608052714,-9.438139899332095]]],[[[159.67365227981324,-5.52086331917336],[159.6694813202024,-5.523771160187059],[159.67217448020395,-5.518733043454535],[159.67365227981324,-5.52086331917336]]],[[[160.9504110000264,-8.750971907773014],[160.947752039786,-8.755508981836913],[160.94789891972485,-8.750059967482885],[160.9504110000264,-8.750971907773014]]],[[[161.33595516030022,-9.320633014727395],[161.33221188051127,-9.3220930768608],[161.3312200802505,-9.318192102853853],[161.33595516030022,-9.320633014727395]]],[[[161.1457790397562,-9.36641407359293],[161.1396939598194,-9.362846067259989],[161.1426898799195,-9.363168060421645],[161.1457790397562,-9.36641407359293]]],[[[159.19488504039987,-5.393247465411721],[159.19001675995642,-5.388304663863458],[159.19021799964807,-5.385039188726123],[159.19488504039987,-5.393247465411721]]],[[[159.62412996022022,-5.528657662788558],[159.62244984024602,-5.529624244994974],[159.6207121202958,-5.524915659499369],[159.62412996022022,-5.528657662788558]]],[[[161.1605541603418,-9.3749419753426],[161.1596109598362,-9.37689907577873],[161.1554871599811,-9.374822986355856],[161.1605541603418,-9.3749419753426]]],[[[159.45407711983168,-5.476563296372482],[159.44847875969225,-5.474638379584822],[159.44730084018266,-5.471034722414786],[159.45407711983168,-5.476563296372482]]],[[[161.3523628799815,-9.391096958504182],[161.3478229202997,-9.386494036617744],[161.3496621597585,-9.385164950650303],[161.3523628799815,-9.391096958504182]]],[[[159.5718248404383,-5.52595552591236],[159.56254908025795,-5.525555274450362],[159.56262648000114,-5.524421167295498],[159.5718248404383,-5.52595552591236]]],[[[159.36570431979553,-5.439452875031152],[159.36058116035653,-5.4383965525046225],[159.36061175967006,-5.435110561942038],[159.36570431979553,-5.439452875031152]]],[[[161.39179007973533,-9.46011089105163],[161.39090592010345,-9.462492920919242],[161.38912104039744,-9.46026802396959],[161.39179007973533,-9.46011089105163]]],[[[161.355534119784,-9.44958597736],[161.35183908042416,-9.450856043659993],[161.35245215994433,-9.44845191553183],[161.355534119784,-9.44958597736]]],[[[159.4443225602998,-5.459697357903965],[159.4390914000075,-5.459765805529329],[159.4385100004741,-5.457167103753355],[159.4443225602998,-5.459697357903965]]],[[[160.7240120404156,-8.832527047646913],[160.721391960159,-8.83180188992146],[160.7200988397991,-8.828756992272874],[160.7240120404156,-8.832527047646913]]],[[[159.69094452024916,-5.499498043551146],[159.6885919196566,-5.501927245465516],[159.68912724010747,-5.498121646615814],[159.69094452024916,-5.499498043551146]]],[[[159.6879720003639,-5.505263573743298],[159.6873931197066,-5.507330472826148],[159.68553875980496,-5.503494270766791],[159.6879720003639,-5.505263573743298]]],[[[161.3599920003983,-9.441587984922712],[161.35682795969447,-9.441068083851924],[161.3578168799565,-9.439001967935514],[161.3599920003983,-9.441587984922712]]],[[[159.50249927988278,-5.492374322314332],[159.49960632018897,-5.493175945065577],[159.49995480004387,-5.49015346119788],[159.50249927988278,-5.492374322314332]]],[[[159.27681023997644,-5.457724186846595],[159.27141059975423,-5.452145625511547],[159.27240672001324,-5.451029655956391],[159.27681023997644,-5.457724186846595]]],[[[161.35203600011758,-9.448854084608984],[161.3508220797247,-9.450538926447578],[161.34950087982565,-9.447373958453504],[161.35203600011758,-9.448854084608984]]],[[[160.73561807985033,-8.855167022795005],[160.73411400002743,-8.855366041900965],[160.73273915992613,-8.850659983758318],[160.73561807985033,-8.855167022795005]]],[[[161.23962491998392,-9.454104075398627],[161.23635791977213,-9.452967010367704],[161.23685292023978,-9.451294075376422],[161.23962491998392,-9.454104075398627]]],[[[161.24806404051265,-9.46585607225253],[161.2437098398552,-9.465015020644731],[161.2463360403338,-9.464149998968324],[161.24806404051265,-9.46585607225253]]],[[[160.732415160061,-8.834002971841835],[160.73010791989876,-8.8344460333167],[160.73049383973805,-8.831977976607511],[160.732415160061,-8.834002971841835]]],[[[159.64387560030835,-5.366279302632135],[159.64160255990728,-5.364250629086919],[159.64378740012052,-5.362918726333371],[159.64387560030835,-5.366279302632135]]],[[[161.37827784042054,-9.480000050932329],[161.37614699973565,-9.482711103256404],[161.37730188015314,-9.478740034402865],[161.37827784042054,-9.480000050932329]]],[[[159.21081395983137,-5.40983553617884],[159.2054416804961,-5.405418462823395],[159.20628408014537,-5.404868678041251],[159.21081395983137,-5.40983553617884]]],[[[161.3455250396844,-9.399979951634206],[161.34050592042666,-9.395661994342198],[161.3428261196852,-9.396267026803626],[161.3455250396844,-9.399979951634206]]],[[[160.75570896046847,-8.916434031037966],[160.75227815965113,-8.917577087467382],[160.75212516038857,-8.915941990265647],[160.75570896046847,-8.916434031037966]]],[[[160.72178688021918,-8.316642015936152],[160.71897816004113,-8.318370897814567],[160.7189270405116,-8.316420984455865],[160.72178688021918,-8.316642015936152]]],[[[161.30687796027948,-9.371832968577403],[161.3038201202052,-9.373191053442401],[161.30357315985881,-9.371518976241743],[161.30687796027948,-9.371832968577403]]],[[[159.70049711964052,-5.382160424275461],[159.6933907199044,-5.38660257667074],[159.6990013204879,-5.381913298242969],[159.70049711964052,-5.382160424275461]]],[[[160.74618191994355,-8.890696011103048],[160.74395784042042,-8.892944045967928],[160.74501011975775,-8.889599998049038],[160.74618191994355,-8.890696011103048]]],[[[159.436590480375,-5.456374930265164],[159.43167360017642,-5.452241310271682],[159.43267404043362,-5.4512061541042],[159.436590480375,-5.456374930265164]]],[[[161.22897287970287,-9.442616065284891],[161.2269921600784,-9.44368711233355],[161.22711492025184,-9.44121492791505],[161.22897287970287,-9.442616065284891]]],[[[159.63538788002444,-5.376446042265032],[159.6348356398052,-5.379143297139229],[159.6334377597135,-5.377842967928779],[159.63538788002444,-5.376446042265032]]],[[[160.72638192010263,-8.835982067675639],[160.72460315972035,-8.836286036459544],[160.72408512016062,-8.833736886483438],[160.72638192010263,-8.835982067675639]]],[[[161.34162911995904,-9.382588990079771],[161.33978196005435,-9.383777077588398],[161.33968692009392,-9.382067934812355],[161.34162911995904,-9.382588990079771]]],[[[160.81540488031726,-8.324631995986152],[160.81398108023632,-8.325438091438052],[160.8142561201218,-8.322102918784738],[160.81540488031726,-8.324631995986152]]],[[[161.53977600010387,-9.520752872484687],[161.53834607980087,-9.521413071163316],[161.53628291998615,-9.515101988452363],[161.53977600010387,-9.520752872484687]]],[[[161.34610500011664,-9.403838986204448],[161.3433261597016,-9.402234005272703],[161.3448399601942,-9.401391023927228],[161.34610500011664,-9.403838986204448]]],[[[160.77495996031342,-9.016892939532429],[160.7731149599587,-9.016484055248387],[160.7725468797461,-9.013932963692751],[160.77495996031342,-9.016892939532429]]],[[[160.81905383969627,-8.322531973053568],[160.81885799977783,-8.327491970990069],[160.81770600025746,-8.32446707221388],[160.81905383969627,-8.322531973053568]]],[[[159.26202504029334,-5.444350282316534],[159.25972644012748,-5.444265346896191],[159.2590204801968,-5.442548185554531],[159.26202504029334,-5.444350282316534]]],[[[161.34945191984605,-9.383532001846998],[161.34786792050554,-9.38424698394942],[161.34770699989878,-9.382137018267278],[161.34945191984605,-9.383532001846998]]],[[[161.3907921601508,-9.471230085333811],[161.38704888036187,-9.468834090125359],[161.38960595997096,-9.469467045892262],[161.3907921601508,-9.471230085333811]]],[[[161.38788588023797,-9.446477996658626],[161.38679508024296,-9.448036074312304],[161.38581587975236,-9.446601933252978],[161.38788588023797,-9.446477996658626]]],[[[160.72838208016816,-8.837800009014723],[160.72599815981326,-8.837745938515276],[160.7267458797265,-8.83645500697502],[160.72838208016816,-8.837800009014723]]],[[[160.94888891976183,-8.771573936223586],[160.94557512001867,-8.77263009578802],[160.94838887974544,-8.770937072091233],[160.94888891976183,-8.771573936223586]]],[[[159.61569947968786,-5.528139524331227],[159.61338539975304,-5.528118562631206],[159.6143919602323,-5.526884846266208],[159.61569947968786,-5.528139524331227]]],[[[160.7550728400596,-8.949084044821351],[160.7549039999053,-8.950824078658213],[160.75276596012176,-8.948201045390372],[160.7550728400596,-8.949084044821351]]],[[[160.80855588024934,-8.336613010469147],[160.80771203970238,-8.338426043679704],[160.80690312026377,-8.3366860303735],[160.80855588024934,-8.336613010469147]]],[[[160.73049600018632,-8.84053001643916],[160.72792199991056,-8.83997793392283],[160.72855883986998,-8.838605015728456],[160.73049600018632,-8.84053001643916]]],[[[161.2559620796946,-9.486828061591261],[161.2550160000885,-9.488071892424536],[161.2552410002194,-9.485132034372237],[161.2559620796946,-9.486828061591261]]],[[[159.21590688018122,-5.414303648896994],[159.21273923992806,-5.412815237808374],[159.2139725998637,-5.412269043866207],[159.21590688018122,-5.414303648896994]]],[[[160.9495239603957,-8.746125933167287],[160.94820887982038,-8.748016011158729],[160.94845188039295,-8.745671914084149],[160.9495239603957,-8.746125933167287]]],[[[160.8186960002944,-8.328420059971943],[160.81828307979262,-8.330066072830144],[160.8172498797736,-8.328458886647732],[160.8186960002944,-8.328420059971943]]],[[[161.36470188000936,-9.453552943055604],[161.36314596020802,-9.455460061424281],[161.36367912021063,-9.453054900023147],[161.36470188000936,-9.453552943055604]]],[[[161.35150608033823,-9.442853996845932],[161.35091388036025,-9.44376008916954],[161.34983604035983,-9.44182609470247],[161.35150608033823,-9.442853996845932]]],[[[161.00213616027435,-8.748363994986985],[160.9992471603543,-8.750761091183778],[161.00020404040504,-8.748803956286539],[161.00213616027435,-8.748363994986985]]],[[[159.25764600031997,-5.442004168669614],[159.25561560026702,-5.441390626659834],[159.25556664028738,-5.4396166543949285],[159.25764600031997,-5.442004168669614]]],[[[161.03087711998592,-8.858763934510288],[161.0281911599813,-8.859367033264505],[161.02896587965876,-8.858194093980574],[161.03087711998592,-8.858763934510288]]],[[[160.94203200014638,-8.776247024262425],[160.9408249204244,-8.77784912082489],[160.94101212034644,-8.775685060900141],[160.94203200014638,-8.776247024262425]]],[[[159.6887244004998,-5.430737395958836],[159.6883201199944,-5.4320669988824655],[159.68743020036487,-5.430491723225782],[159.6887244004998,-5.430737395958836]]],[[[161.37289008041796,-9.41386506578465],[161.37254808011122,-9.414701979971607],[161.37114407979746,-9.412174006063266],[161.37289008041796,-9.41386506578465]]],[[[159.24827664017852,-5.42098604469365],[159.2470908002231,-5.422378924983639],[159.24722616016675,-5.419913741050011],[159.24827664017852,-5.42098604469365]]],[[[161.36630604023978,-9.441744061410263],[161.36381087970662,-9.441285064394098],[161.3645229598593,-9.440389974947903],[161.36630604023978,-9.441744061410263]]],[[[159.57392615978802,-5.369497208109563],[159.57356435971406,-5.3715023874662595],[159.5729588404153,-5.368686998577537],[159.57392615978802,-5.369497208109563]]],[[[161.2532840401359,-9.479831030676795],[161.25127308052402,-9.481687048883076],[161.25214716016006,-9.479801026819008],[161.2532840401359,-9.479831030676795]]],[[[161.18799191969762,-9.393272044586912],[161.18585207969025,-9.393934973853156],[161.18723916023563,-9.392568979096701],[161.18799191969762,-9.393272044586912]]],[[[161.15079383991403,-9.364781036298387],[161.14918283991102,-9.364610006850304],[161.14976495989325,-9.36377705618464],[161.15079383991403,-9.364781036298387]]],[[[159.57424871965367,-5.358980528263744],[159.57302687971327,-5.360987176020033],[159.57287891999943,-5.358283926157234],[159.57424871965367,-5.358980528263744]]],[[[161.37005400025132,-9.393685998066333],[161.36875296034387,-9.395476950605456],[161.36973288038502,-9.392514992735101],[161.37005400025132,-9.393685998066333]]],[[[160.71626303982416,-8.310907994245824],[160.71527700045928,-8.313441061817029],[160.71467688003537,-8.31129698525956],[160.71626303982416,-8.310907994245824]]],[[[160.73523684023365,-8.849379947394288],[160.73430515972322,-8.849928992156595],[160.73461908049086,-8.848028940328152],[160.73523684023365,-8.849379947394288]]],[[[161.5446248401062,-9.545250018260875],[161.54324604023114,-9.545834906448588],[161.54361216030327,-9.544085919774341],[161.5446248401062,-9.545250018260875]]],[[[161.35557804021488,-9.447599990856972],[161.3549098804931,-9.448712925496114],[161.35428996030205,-9.447253041366766],[161.35557804021488,-9.447599990856972]]],[[[160.8881270401323,-8.492228098806105],[160.88755392037095,-8.493384913172646],[160.88670612005018,-8.492250886163127],[160.8881270401323,-8.492228098806105]]],[[[161.1079390804644,-9.338103983933301],[161.10713699990006,-9.338989035904126],[161.10697391974338,-9.33732603025765],[161.1079390804644,-9.338103983933301]]],[[[161.2937761198955,-9.350393101706052],[161.29231308050464,-9.351821958035094],[161.29285200050484,-9.350084951478827],[161.2937761198955,-9.350393101706052]]],[[[161.3845648804978,-9.428104048364489],[161.38298015981016,-9.427824910658778],[161.38370195973417,-9.426940084802313],[161.3845648804978,-9.428104048364489]]],[[[161.3041819202791,-9.329243031722319],[161.30284200038787,-9.330809096399035],[161.3027080804436,-9.329552089307038],[161.3041819202791,-9.329243031722319]]],[[[161.15789303965317,-9.367611096778091],[161.15650812045436,-9.36641407359293],[161.15668307993235,-9.365387010139258],[161.15789303965317,-9.367611096778091]]],[[[160.69842216051498,-8.77977301490406],[160.69725215965462,-8.78026790672347],[160.69678488029837,-8.779103966476898],[160.69842216051498,-8.77977301490406]]],[[[159.21829800053314,-5.415271669765833],[159.21645515972838,-5.41537094447348],[159.21663480032728,-5.414085745764339],[159.21829800053314,-5.415271669765833]]],[[[160.73458884050342,-8.842075096611902],[160.7334231596413,-8.84261188047587],[160.73334504034756,-8.841148974408085],[160.73458884050342,-8.842075096611902]]],[[[160.7419810796714,-8.85013406107467],[160.74093312033233,-8.85098795107275],[160.7406231602368,-8.84963090393094],[160.7419810796714,-8.85013406107467]]],[[[161.3540271599623,-9.447411956090132],[161.35324992051048,-9.448289094597444],[161.35268904029485,-9.44733507332982],[161.3540271599623,-9.447411956090132]]],[[[160.74284291976176,-8.86091505758075],[160.74098784030954,-8.858980915125066],[160.74214200027816,-8.859381972438682],[160.74284291976176,-8.86091505758075]]],[[[161.17184808013107,-9.37810600773144],[161.1707918401217,-9.38030603793434],[161.17066512017442,-9.378507903789625],[161.17184808013107,-9.37810600773144]]],[[[161.3912378404144,-9.402194937477066],[161.38975103968596,-9.402823931565718],[161.38986083986484,-9.401926966801382],[161.3912378404144,-9.402194937477066]]],[[[160.7132001602011,-8.353742991168726],[160.71181992032663,-8.354069965059127],[160.71187608030323,-8.352744972860966],[160.7132001602011,-8.353742991168726]]],[[[159.23951388000916,-5.4149165022124395],[159.23817071989464,-5.415299803498179],[159.23807172016046,-5.413948480767284],[159.23951388000916,-5.4149165022124395]]],[[[161.31806315966486,-9.395031921034333],[161.31727584021723,-9.396856074893245],[161.31640392013114,-9.39598999422219],[161.31806315966486,-9.395031921034333]]],[[[161.32741416003847,-9.415034045262098],[161.3268910800317,-9.416003960150283],[161.32640616045816,-9.414698960456793],[161.32741416003847,-9.415034045262098]]],[[[161.34007103970941,-9.393652966911155],[161.33911092033375,-9.393573940838463],[161.3387260802694,-9.391627057393169],[161.34007103970941,-9.393652966911155]]],[[[160.85000700050796,-8.460631019146172],[160.8493050003511,-8.461678967467652],[160.84880892010847,-8.460465085069623],[160.85000700050796,-8.460631019146172]]],[[[161.38974600013725,-9.442012001674577],[161.38874699987943,-9.442429093648224],[161.3889241198057,-9.441150118199122],[161.38974600013725,-9.442012001674577]]],[[[160.81942392044053,-8.336014957115559],[160.81941887999344,-8.33715193488303],[160.81911108034618,-8.335289918545046],[160.81942392044053,-8.336014957115559]]],[[[160.72243704039766,-8.816596007149313],[160.72153703987405,-8.81727103531433],[160.72155900008948,-8.815854986780911],[160.72243704039766,-8.816596007149313]]],[[[161.36857584041763,-9.373207036956378],[161.3676549603519,-9.373879062931],[161.36691083998792,-9.372750968556709],[161.36857584041763,-9.373207036956378]]],[[[160.76158308004395,-8.928066965557667],[160.7611179602376,-8.92839593012564],[160.75971107992504,-8.926963062314998],[160.76158308004395,-8.928066965557667]]],[[[160.8150171602541,-8.316290966142226],[160.81437312029766,-8.316762950798973],[160.8139051204925,-8.3157110489472],[160.8150171602541,-8.316290966142226]]],[[[160.75489896035657,-8.918527023162206],[160.75367783996668,-8.919677007555281],[160.75363283976083,-8.918737922126665],[160.75489896035657,-8.918527023162206]]],[[[160.82862191975497,-8.414614978802636],[160.82740800026036,-8.414530043685616],[160.82773307990047,-8.41368495828031],[160.82862191975497,-8.414614978802636]]],[[[161.32803911977828,-9.418958969719025],[161.32758012019397,-9.419577101167013],[161.32680287984383,-9.418250984116607],[161.32803911977828,-9.418958969719025]]],[[[161.25360984022484,-9.486550037015618],[161.25296795981833,-9.487130054082135],[161.25248807979355,-9.485789106299173],[161.25360984022484,-9.486550037015618]]],[[[161.30035296007674,-9.379347034053833],[161.2988409598079,-9.379656935091132],[161.29878984027837,-9.37879898003441],[161.30035296007674,-9.379347034053833]]],[[[161.12481516017527,-9.347801075423137],[161.12397599985093,-9.34794511700021],[161.12348315983152,-9.346586045358084],[161.12481516017527,-9.347801075423137]]],[[[161.23312907999357,-9.448960974505486],[161.23204296022124,-9.449410017844265],[161.23199292046667,-9.44873192468605],[161.23312907999357,-9.448960974505486]]],[[[161.35013016046196,-9.444104023862396],[161.34958116046593,-9.444792957191737],[161.34915888041718,-9.443858990565179],[161.35013016046196,-9.444104023862396]]],[[[160.73775791985773,-8.852160023758591],[160.73676215982314,-8.851355047067845],[160.7374011602308,-8.850937973682084],[160.73775791985773,-8.852160023758591]]],[[[160.73273088015412,-8.313727994422694],[160.7321228401827,-8.314181992577362],[160.7317199996767,-8.313184942111873],[160.73273088015412,-8.313727994422694]]],[[[161.22629916014233,-9.153612969867835],[161.22566808018053,-9.154220018802775],[161.2251518399463,-9.153005030750853],[161.22629916014233,-9.153612969867835]]],[[[160.95013488036594,-8.748035936430112],[160.94923416029184,-8.748541011088962],[160.9493360400248,-8.74754900788899],[160.95013488036594,-8.748035936430112]]],[[[161.3889629997895,-9.457053963654277],[161.3882948400677,-9.45739202589422],[161.38778184005673,-9.456645057816493],[161.3889629997895,-9.457053963654277]]],[[[161.37132587994634,-9.39644993894379],[161.36953200001952,-9.396292954104315],[161.36986104033164,-9.395397037336398],[161.37132587994634,-9.39644993894379]]],[[[161.18689391970562,-9.388359080677187],[161.18578295971903,-9.388410048839706],[161.18641403968087,-9.387613916763058],[161.18689391970562,-9.388359080677187]]],[[[159.3899009998271,-5.466969293397495],[159.38848043996938,-5.466379607398159],[159.38884224004332,-5.465815902464574],[159.3899009998271,-5.466969293397495]]],[[[159.5080386000468,-5.497729617952123],[159.5071724399583,-5.497460322401324],[159.50733300034062,-5.496435278704604],[159.5080386000468,-5.497729617952123]]],[[[161.54371188048637,-9.547158045954589],[161.54255412007006,-9.547571991717222],[161.54241803967756,-9.546954977547777],[161.54371188048637,-9.547158045954589]]],[[[159.57502956045147,-5.525885831236796],[159.57408996039356,-5.526426546451128],[159.57389952024823,-5.525371093643726],[159.57502956045147,-5.525885831236796]]],[[[161.2373939997899,-9.446335061588105],[161.23650911970915,-9.446623950008824],[161.2369479602002,-9.44563494547681],[161.2373939997899,-9.446335061588105]]],[[[160.75193292001947,-8.920424041921024],[160.75105884038337,-8.921856935746911],[160.75069812008442,-8.921240070290166],[160.75193292001947,-8.920424041921024]]],[[[161.38530287974137,-9.427043962178029],[161.38476900018821,-9.427874096969644],[161.38437696012687,-9.42693404688149],[161.38530287974137,-9.427043962178029]]],[[[159.23589803971802,-5.413594745675085],[159.23478960040407,-5.41274714218665],[159.2356885202544,-5.412143605484581],[159.23589803971802,-5.413594745675085]]],[[[159.57351251973566,-5.525718850756918],[159.57327203983576,-5.526455212252793],[159.5723907602027,-5.526113905769289],[159.57351251973566,-5.525718850756918]]],[[[160.73110008038395,-8.8301989596283],[160.7299779597283,-8.83043000772589],[160.73004204015078,-8.829600971606142],[160.73110008038395,-8.8301989596283]]],[[[160.74493884023656,-8.315122046616846],[160.7442029996446,-8.315628941719819],[160.74412415990201,-8.314743924251259],[160.74493884023656,-8.315122046616846]]],[[[160.74486108026892,-8.899882970703352],[160.74379908026194,-8.899923872175515],[160.74339083998277,-8.89917999708742],[160.74486108026892,-8.899882970703352]]],[[[161.3207041203619,-9.407624993498372],[161.3195099997362,-9.407278891768412],[161.32012884015225,-9.406905974714315],[161.3207041203619,-9.407624993498372]]],[[[160.74356183968698,-8.315342009628896],[160.74324288026895,-8.316178046165414],[160.7425340403395,-8.315826996845239],[160.74356183968698,-8.315342009628896]]],[[[161.36760312037347,-9.372238068528558],[161.36665991986786,-9.372259912546484],[161.36659799989363,-9.370860976362255],[161.36760312037347,-9.372238068528558]]],[[[161.19622115964003,-9.385770001683028],[161.1952678800369,-9.386418915404919],[161.19537299999314,-9.385508055894062],[161.19622115964003,-9.385770001683028]]],[[[161.24905295987634,-9.472393011566945],[161.2479229196731,-9.473066974451392],[161.24786711992093,-9.472533983348526],[161.24905295987634,-9.472393011566945]]],[[[161.15467283987104,-9.366330956951165],[161.15442588042302,-9.367193915190104],[161.15359499987062,-9.366400043579443],[161.15467283987104,-9.366330956951165]]],[[[161.3795648396601,-9.424442032881357],[161.37945612015452,-9.425284070621535],[161.378633160048,-9.424720995850498],[161.3795648396601,-9.424442032881357]]],[[[161.25003216036697,-9.17194003229814],[161.24924484002105,-9.171814043875738],[161.24946588037812,-9.171012977863466],[161.25003216036697,-9.17194003229814]]],[[[161.2546459202426,-9.482264943649827],[161.25385896012114,-9.483239995467795],[161.25361811999682,-9.48255096182821],[161.2546459202426,-9.482264943649827]]],[[[160.90231608006363,-8.516810985031396],[160.90155791993013,-8.516982947714006],[160.90172388008563,-8.516218016108326],[160.90231608006363,-8.516810985031396]]],[[[160.73263115997105,-8.831895091481833],[160.7318488800722,-8.831317026980978],[160.73227584034362,-8.830907045612866],[160.73263115997105,-8.831895091481833]]],[[[161.23466592047663,-9.446739009030654],[161.23359312002495,-9.447405031941857],[161.23358196025418,-9.446835956202749],[161.23466592047663,-9.446739009030654]]],[[[160.8273291605178,-8.412868896062596],[160.82653715994923,-8.413455969556214],[160.8264478799864,-8.412634030811287],[160.8273291605178,-8.412868896062596]]],[[[161.32601015972472,-9.409250903161858],[161.32535783999634,-9.409940083606724],[161.32493916039522,-9.409104933796435],[161.32601015972472,-9.409250903161858]]],[[[161.3990361603116,-9.578284053717786],[161.39818115999384,-9.57867204777289],[161.3982938401715,-9.577771105357979],[161.3990361603116,-9.578284053717786]]],[[[161.36171603990508,-9.459977016381085],[161.36100612020067,-9.460231981051068],[161.36108712039152,-9.45928509561547],[161.36171603990508,-9.459977016381085]]],[[[161.12284487987273,-9.34877188834301],[161.12169791990112,-9.34901201670355],[161.12167595968566,-9.348417025494733],[161.12284487987273,-9.34877188834301]]],[[[161.33410295994847,-9.42216308638472],[161.33337396002744,-9.422371910858608],[161.3333890804703,-9.421587043767882],[161.33410295994847,-9.42216308638472]]],[[[160.74946800037202,-8.864987128433528],[160.74910691984863,-8.86567700657539],[160.7487080400147,-8.865131008982642],[160.74946800037202,-8.864987128433528]]],[[[161.3694470400549,-9.397482948540759],[161.36901287978648,-9.398178012750142],[161.3687878796556,-9.396980917146369],[161.3694470400549,-9.397482948540759]]],[[[161.35989084021585,-9.45084894119528],[161.35918703983515,-9.45027294624123],[161.35967592008075,-9.450052953126184],[161.35989084021585,-9.45084894119528]]],[[[160.82470512048744,-8.409989960863246],[160.82431416020106,-8.410437080223483],[160.82360712049544,-8.410132056578783],[160.82470512048744,-8.409989960863246]]],[[[161.54596116044814,-9.546828060288552],[161.54564615990554,-9.547201002597195],[161.54514792011298,-9.546070991845722],[161.54596116044814,-9.546828060288552]]],[[[160.91624304010406,-8.535957981163776],[160.9149358799746,-8.535549991377264],[160.9155781197072,-8.535345995424146],[160.91624304010406,-8.535957981163776]]],[[[161.23565483984032,-9.44749895970005],[161.23565483984032,-9.448356922168877],[161.2349758796738,-9.448087033555147],[161.23565483984032,-9.44749895970005]]],[[[161.26410815989618,-9.495065914314127],[161.2637240402807,-9.49565798928573],[161.26318188005726,-9.495291027565715],[161.26410815989618,-9.495065914314127]]],[[[161.06983992038224,-8.897910977353805],[161.06905692003448,-8.896991042192708],[161.06937911967577,-8.89685908885511],[161.06983992038224,-8.897910977353805]]],[[[161.3730121201426,-9.39865890925009],[161.37195695990815,-9.398396973334673],[161.37210815984523,-9.397878073310622],[161.3730121201426,-9.39865890925009]]],[[[160.63972308047576,-8.4454489777442],[160.63914995981605,-8.44567794727216],[160.63925507977228,-8.444921064867058],[160.63972308047576,-8.4454489777442]]],[[[161.34768900035544,-9.390389982073176],[161.34740316002532,-9.390579113447854],[161.346635999671,-9.389499022368197],[161.34768900035544,-9.390389982073176]]],[[[161.1832431601028,-9.387345046125777],[161.1824378402135,-9.387670035121872],[161.18273196031564,-9.38696003184775],[161.1832431601028,-9.387345046125777]]],[[[161.3795090399079,-9.4267729916149],[161.37904104010275,-9.426950916309318],[161.37838008037795,-9.426223059325334],[161.3795090399079,-9.4267729916149]]],[[[160.73277588035995,-8.83854507601903],[160.73165411992872,-8.839209036077158],[160.73241984028363,-8.838359920912023],[160.73277588035995,-8.83854507601903]]],[[[161.37048312007263,-9.409164955771939],[161.36970084017378,-9.409592919126872],[161.36979983990798,-9.408888998751502],[161.37048312007263,-9.409164955771939]]],[[[161.3904451202953,-9.454465044287144],[161.39011607998316,-9.455063049234125],[161.38969487970937,-9.454582053074335],[161.3904451202953,-9.454465044287144]]],[[[161.35303103970332,-9.443267003533293],[161.3523999597415,-9.443594957615408],[161.3524370403998,-9.44290904112349],[161.35303103970332,-9.443267003533293]]],[[[160.74786311969274,-8.951319984882067],[160.74730512037422,-8.951693025029648],[160.747382159893,-8.951025889917657],[160.74786311969274,-8.951319984882067]]],[[[160.84760904038347,-8.454027952239704],[160.84680407982032,-8.453541001131326],[160.84740816001795,-8.453349069582668],[160.84760904038347,-8.454027952239704]]],[[[161.2554541201307,-9.48353702000257],[161.254779119738,-9.483835996528882],[161.25509088005734,-9.483028012021972],[161.2554541201307,-9.48353702000257]]],[[[160.9299921597694,-8.55451288855522],[160.92951983996605,-8.554958949628874],[160.92931896049882,-8.554325100880432],[160.9299921597694,-8.55451288855522]]],[[[161.2014159597229,-9.396512981926845],[161.20093895969694,-9.39672395237072],[161.20080503975268,-9.39610897584862],[161.2014159597229,-9.396512981926845]]],[[[161.07130116044755,-9.312170038027435],[161.07078096043958,-9.31165811390524],[161.0711870402705,-9.31149096629781],[161.07130116044755,-9.312170038027435]]],[[[160.73970804016864,-8.85029697821488],[160.73920907992724,-8.85075193589646],[160.73919899993143,-8.849967053596957],[160.73970804016864,-8.85029697821488]]],[[[160.73537400040112,-8.842525974239235],[160.73483904017468,-8.84306097852286],[160.7347148400018,-8.842472971256925],[160.73537400040112,-8.842525974239235]]],[[[161.3131840796751,-9.395468070858655],[161.31255408038655,-9.39511005915117],[161.31300011997627,-9.394807985840163],[161.3131840796751,-9.395468070858655]]],[[[161.3587820397792,-9.466636044137093],[161.35808508006937,-9.466376112870398],[161.35858800008455,-9.466155952702977],[161.3587820397792,-9.466636044137093]]],[[[161.35733987993046,-9.466125058417214],[161.3567509201757,-9.466397951749423],[161.35669295997525,-9.465829084434903],[161.35733987993046,-9.466125058417214]]],[[[161.37746496030982,-9.483535954245019],[161.37699696050467,-9.484218949869533],[161.37690696009295,-9.483632003514316],[161.37746496030982,-9.483535954245019]]],[[[160.86468600045987,-8.47536702064448],[160.8637489201763,-8.475438946210371],[160.86433895970603,-8.47502092165341],[160.86468600045987,-8.47536702064448]]],[[[160.8906038399994,-8.493679902014632],[160.88977907966904,-8.493633971531796],[160.8903518401043,-8.493384913172646],[160.8906038399994,-8.493679902014632]]],[[[161.31397212046986,-9.396794986509308],[161.31379608031858,-9.397262033729504],[161.3133619200502,-9.396832988893143],[161.31397212046986,-9.396794986509308]]],[[[161.35455887996548,-9.380316870920517],[161.3544008402559,-9.380534955282807],[161.35371900009062,-9.379910005207334],[161.35455887996548,-9.380316870920517]]],[[[161.3532960004913,-9.40822094783762],[161.3525018403728,-9.408852950391877],[161.35235496043396,-9.408477016379546],[161.3532960004913,-9.40822094783762]]],[[[161.25926183966823,-9.188336969018437],[161.25854291974292,-9.188763070932229],[161.25856307973456,-9.188330039664152],[161.25926183966823,-9.188336969018437]]],[[[161.383646159982,-9.428729977067656],[161.3828890805218,-9.429112991668298],[161.38279583988688,-9.428615977885753],[161.383646159982,-9.428729977067656]]],[[[161.00383500024074,-8.74794894087313],[161.003455920174,-8.748198008967334],[161.0033709602094,-8.747439061700055],[161.00383500024074,-8.74794894087313]]],[[[161.37105012051032,-9.451142087432618],[161.37060192047238,-9.451599117809918],[161.37062892023653,-9.450854977799734],[161.37105012051032,-9.451142087432618]]],[[[161.5306309196445,-9.531859980312513],[161.53034615998763,-9.532000040026148],[161.5298698804105,-9.531308973756852],[161.5306309196445,-9.531859980312513]]],[[[161.34599915971154,-9.36108194284175],[161.34597611972117,-9.361549925590007],[161.3450779203197,-9.3612499549545],[161.34599915971154,-9.36108194284175]]],[[[161.27565408047883,-9.508746940625432],[161.27534915993206,-9.508961038410995],[161.27516412045824,-9.508255013442184],[161.27565408047883,-9.508746940625432]]],[[[161.11146815966876,-9.339549941750386],[161.11086408036945,-9.339065943032386],[161.11146707989377,-9.339198087777406],[161.11146815966876,-9.339549941750386]]],[[[161.53608708006772,-9.543116012219917],[161.53525511974038,-9.542753005952013],[161.53582715972678,-9.542726024276735],[161.53608708006772,-9.543116012219917]]],[[[160.74376488050075,-8.895990900853135],[160.74303516013086,-8.896217106195461],[160.74348695971815,-8.895744066175292],[160.74376488050075,-8.895990900853135]]],[[[161.24459903993412,-9.459924993982243],[161.24405184016197,-9.45947702948653],[161.24436792047953,-9.45935398593284],[161.24459903993412,-9.459924993982243]]],[[[161.04334283996099,-8.757271990834052],[161.0429860803341,-8.75728604496837],[161.0427481202086,-8.756634034807393],[161.04334283996099,-8.757271990834052]]],[[[161.31747995990767,-9.388644110837848],[161.31679091974542,-9.388915999304746],[161.31719988047348,-9.388324983843768],[161.31747995990767,-9.388644110837848]]],[[[160.72802208031806,-8.828440921703857],[160.72760483981804,-8.828734047749176],[160.72763004025668,-8.828192975091998],[160.72802208031806,-8.828440921703857]]],[[[161.28111204022755,-9.513201948693935],[161.2808370003421,-9.513586999201355],[161.28062999975452,-9.512944005281826],[161.28111204022755,-9.513201948693935]]],[[[160.82785296007512,-8.408471958805073],[160.82756999974376,-8.408793009982295],[160.82724599987864,-8.408482998971884],[160.82785296007512,-8.408471958805073]]],[[[161.4871490400068,-9.483361965486486],[161.48658312024244,-9.483311898931094],[161.48677391971387,-9.48282206537084],[161.4871490400068,-9.483361965486486]]],[[[161.39298887968533,-9.419041896057033],[161.39261015984303,-9.41915092634273],[161.3925781205301,-9.418651945403221],[161.39298887968533,-9.419041896057033]]],[[[161.10547884014127,-9.338546066320767],[161.10504396032232,-9.339055996507776],[161.10479484042605,-9.338745882141462],[161.10547884014127,-9.338546066320767]]],[[[160.82245800007556,-8.409189916953633],[160.82202600025542,-8.409294084503285],[160.8220731600112,-8.408807077193195],[160.82245800007556,-8.409189916953633]]],[[[160.89700212025494,-8.495540089041516],[160.89640596050316,-8.495744105599654],[160.89647508047437,-8.49540300923433],[160.89700212025494,-8.495540089041516]]],[[[161.20631916037635,-9.033167039356771],[161.20581192036298,-9.032864122746727],[161.20613412000424,-9.032678000494744],[161.20631916037635,-9.033167039356771]]],[[[160.8069441597975,-8.377457115626338],[160.80628283984825,-8.377396034636606],[160.8066658796888,-8.377102025766263],[160.8069441597975,-8.377457115626338]]],[[[161.2867201201384,-9.358001051338007],[161.28608508040278,-9.3571640002363],[161.28646883979386,-9.357321003011421],[161.2867201201384,-9.358001051338007]]],[[[161.36308512000878,-9.372489012808053],[161.3624648404916,-9.372439996058116],[161.36208503997602,-9.372038093773014],[161.36308512000878,-9.372489012808053]]],[[[160.93758203997797,-8.559844053269758],[160.93715004015783,-8.560147000049907],[160.9371838796946,-8.559642028704989],[160.93758203997797,-8.559844053269758]]],[[[160.75690596019467,-8.91642087188115],[160.75658592010336,-8.916679073906133],[160.75634400020408,-8.916278968062892],[160.75690596019467,-8.91642087188115]]],[[[161.3720908798524,-9.39577689215227],[161.37165312003467,-9.395942045978108],[161.37139607969254,-9.395687034071496],[161.3720908798524,-9.39577689215227]]],[[[161.3885900399448,-9.446204023226572],[161.38812816036167,-9.446411944574606],[161.3883380400497,-9.445924011989801],[161.3885900399448,-9.446204023226572]]],[[[161.28729611989854,-9.515550945875646],[161.28707904021354,-9.515847054714582],[161.28685404008263,-9.51550106154885],[161.28729611989854,-9.515550945875646]]],[[[160.7982721204887,-8.366728043137496],[160.7981601598615,-8.367006032885161],[160.79780987978285,-8.36673196066728],[160.7982721204887,-8.366728043137496]]],[[[160.90642799969908,-8.519785961038902],[160.90608383984235,-8.519763887170585],[160.90619903979442,-8.519377952864383],[160.90642799969908,-8.519785961038902]]]]}},{"type":"Feature","properties":{"ADM1_PCODE":"SB08","ADM1_NAME":"Makira-Ulawa"},"geometry":{"type":"MultiPolygon","coordinates":[[[[162.3791048403113,-10.836989070306558],[162.36994896030555,-10.846940054436795],[162.32814108042007,-10.837364041083578],[162.27337787986502,-10.850200994190914],[162.2010510003345,-10.81385804860146],[162.1778338801197,-10.823303981884438],[162.1810720803435,-10.832991116954602],[162.1485471597371,-10.83268190738181],[162.12075804052753,-10.84216207452285],[162.0817210797129,-10.8246860086195],[162.05482295990782,-10.829018922619092],[162.0105908396842,-10.787946016939799],[161.96974703984645,-10.78748487373653],[161.94924000029988,-10.798112926035065],[161.93114604042236,-10.794032058483053],[161.93196000030804,-10.783744065601903],[161.92276991964283,-10.77984990581643],[161.90708184033568,-10.784859983325214],[161.8997428802472,-10.777670017165024],[161.88511499982485,-10.783176999866146],[161.8755130802294,-10.772394932260351],[161.85819491980433,-10.776040925300347],[161.84346803964777,-10.749411022018247],[161.83631916037848,-10.772322963871485],[161.83264391988752,-10.756905114450943],[161.8190971196888,-10.747022062194485],[161.81745191992462,-10.752324116610595],[161.80597692043534,-10.742858976534912],[161.79942312024454,-10.756563996129895],[161.7926479203705,-10.738874980283459],[161.76320208050328,-10.739689008532473],[161.77563396004334,-10.72443892036974],[161.75809691970935,-10.72016604901829],[161.75775312007704,-10.70259800490013],[161.74299599993307,-10.709324957835042],[161.74586483986153,-10.698952009601332],[161.7357369602605,-10.700958956653043],[161.72462087994805,-10.711552031174715],[161.72075808020887,-10.691545980174766],[161.7118491596512,-10.697141023115408],[161.6886190803401,-10.693598964387078],[161.69631912005366,-10.686032021295423],[161.69230295992918,-10.676878954357079],[161.70269004032056,-10.677584012562898],[161.70682787994522,-10.667947961451818],[161.690592960192,-10.64605893337747],[161.68656888051996,-10.665421976629004],[161.6816840405326,-10.65438098306718],[161.66613600049337,-10.65937102542471],[161.6718358801414,-10.642311071346167],[161.65760400045252,-10.63574008337847],[161.65473912029785,-10.641099984936892],[161.66056788034135,-10.627464052779484],[161.6538211202309,-10.616546943445996],[161.63281691976846,-10.640666037838892],[161.6197438802708,-10.643370016195275],[161.61792911990347,-10.618583094582428],[161.60201100001836,-10.605146968428617],[161.60934312033422,-10.610236892876918],[161.6085370799961,-10.59585399806609],[161.58415104049257,-10.592916933553465],[161.59381488006215,-10.580236099048294],[161.5681598399641,-10.57250904201027],[161.56958796004324,-10.557338000082389],[161.54508600013878,-10.579471010483347],[161.5400189997781,-10.56409398952105],[161.5347921603823,-10.578057962505213],[161.53044983994445,-10.56906303354273],[161.52179399995512,-10.574601046559991],[161.51202395975596,-10.569147967984632],[161.5252150801028,-10.51961798658578],[161.5169869199354,-10.51416499602296],[161.52632711986436,-10.495947959616464],[161.5185208804196,-10.495393101349059],[161.52243012036402,-10.486155047484864],[161.5139920805086,-10.472591007104164],[161.52067691974653,-10.459401987221867],[161.48405195972424,-10.47413994451257],[161.4802651197289,-10.461097021264244],[161.4952951202084,-10.45604499161234],[161.48632212012654,-10.446158947160468],[161.48851992033437,-10.436070959440777],[161.4976289999104,-10.439484994666017],[161.50329611979666,-10.431503040906463],[161.49028212027437,-10.42150999789786],[161.48365595988915,-10.429769961194225],[161.46920808029014,-10.427074021317942],[161.48328192026946,-10.419600008267377],[161.48068883977706,-10.398996019613273],[161.49456504051236,-10.383908014309823],[161.4893479199896,-10.375338049687354],[161.4413541602093,-10.352248101637603],[161.43000011977134,-10.354749026796318],[161.4281590800887,-10.345095990493618],[161.4175610402343,-10.357816015118532],[161.41181184038223,-10.351577005882989],[161.39677607990512,-10.354550002009379],[161.3989231199095,-10.343299039206237],[161.38041695997904,-10.334488020622683],[161.35503011999387,-10.334463938124813],[161.3464081204396,-10.34735597707569],[161.3147068803885,-10.34993697733113],[161.27128800050008,-10.334037883790833],[161.26692012029747,-10.306456971260094],[161.27962812039627,-10.263176954916633],[161.27394192029337,-10.242802899265142],[161.279928000496,-10.209834032556012],[161.32166315996258,-10.209883988501558],[161.33847011970224,-10.188588995909077],[161.42375592034995,-10.21150791591173],[161.46463284017386,-10.231914980471727],[161.47444787968058,-10.244769937446955],[161.55516815998342,-10.28147203111383],[161.59643711986874,-10.32138507508137],[161.64256284020223,-10.343486030323904],[161.65853712006398,-10.368240114353972],[161.69038992027652,-10.364994040887105],[161.70083100019627,-10.392824047898605],[161.71760088017595,-10.408113977709082],[161.74116287979803,-10.412896983704663],[161.752625999966,-10.404460948369874],[161.76960288053317,-10.415840008638273],[161.79126588027216,-10.410306057840272],[161.808027839806,-10.440393107836211],[161.83970603986666,-10.456811979124303],[161.86664303965554,-10.457638086163552],[161.89319700050228,-10.445913070659008],[161.91555012017852,-10.45751010793846],[161.92587707992118,-10.44501010710341],[161.9373290403184,-10.457647999310034],[161.95743612025606,-10.45795794391115],[161.9714289600445,-10.481231926155912],[162.0266788803969,-10.506286907057993],[162.04209408026688,-10.502809008325785],[162.05327099988025,-10.46770200890275],[162.07001891964447,-10.477947028148643],[162.08496000038556,-10.47496706727987],[162.1514631603196,-10.561192010984323],[162.1658728803836,-10.605316993890304],[162.18723600002286,-10.614561023472273],[162.19205784026104,-10.653315000338376],[162.2039720404658,-10.673079998510127],[162.24707988048377,-10.695217003669905],[162.26211204051322,-10.689540031767212],[162.27554004031225,-10.726030974333305],[162.27248688046058,-10.755511105463482],[162.2806941601875,-10.760533965624964],[162.28067795996967,-10.771754991666423],[162.24433308027997,-10.800723025368942],[162.2348971199417,-10.797468089430012],[162.22375511964006,-10.80689898013449],[162.2526609597321,-10.801700966740531],[162.26176896043148,-10.820301938088772],[162.28998000036367,-10.826569069532278],[162.2884208403391,-10.813355041505384],[162.31365504038783,-10.826938042241194],[162.3673620000352,-10.821682033069282],[162.3791048403113,-10.836989070306558]]],[[[162.00684684034474,-9.717856942286957],[162.00170315979142,-9.735489969425489],[161.98720415976456,-9.739643060927525],[161.98661592045863,-9.794079069254884],[161.9971858798756,-9.845632933165422],[161.98223796026022,-9.866221086780891],[161.962993079739,-9.834840007683942],[161.94638808013988,-9.75234097949542],[161.96202791991627,-9.715655010938425],[161.9817631197842,-9.718602981188091],[161.98550784047086,-9.72746997642358],[162.00684684034474,-9.717856942286957]]],[[[161.76659508021345,-10.261680996121036],[161.74322495983776,-10.299962982836774],[161.72299115995287,-10.300471965626796],[161.7248210398647,-10.260061045161622],[161.70453612045026,-10.250274034357497],[161.71074900010927,-10.2136639866843],[161.72997983996262,-10.210327039611897],[161.74428912029302,-10.219176063676523],[161.76659508021345,-10.261680996121036]]],[[[162.48698891985944,-10.832448010770323],[162.46791684016458,-10.85223398152462],[162.4480531201256,-10.849304884610659],[162.45434304020168,-10.836698074006987],[162.44902403994593,-10.822557893958018],[162.4601210400417,-10.81010802148954],[162.47213496042954,-10.809844934323925],[162.48698891985944,-10.832448010770323]]],[[[161.98393716045106,-10.262103960762905],[161.97804612020892,-10.278261901403182],[161.9735338798418,-10.275922073150701],[161.97930684013315,-10.258526990395959],[161.96858496033033,-10.259339982163013],[161.9573248800778,-10.227024001229209],[161.96751899965125,-10.225573042965886],[161.98393716045106,-10.262103960762905]]],[[[162.4609861203553,-10.890813915846884],[162.45406800031617,-10.900198912491193],[162.43101288048305,-10.895742065925969],[162.44834795977826,-10.88276689842009],[162.4609861203553,-10.890813915846884]]],[[[161.51755788014682,-10.528048058550525],[161.50360500011718,-10.536344998775277],[161.48586384009278,-10.526397987655924],[161.50588092051706,-10.522195080796124],[161.50004784047536,-10.51237096659898],[161.50539492027022,-10.511878965149245],[161.51755788014682,-10.528048058550525]]],[[[161.69297111965096,-10.181417946707809],[161.68033583997106,-10.18477610243935],[161.67617316013218,-10.164207977120135],[161.69297111965096,-10.181417946707809]]],[[[161.95641984000548,-10.189164947495463],[161.94402612000036,-10.195504953278085],[161.94116196029458,-10.176627000049667],[161.94937392024414,-10.176901965093736],[161.95641984000548,-10.189164947495463]]],[[[161.9331130805017,-10.132338970336676],[161.9262640804338,-10.147741077435086],[161.91712907997024,-10.148625048660222],[161.92545984031952,-10.12912804464306],[161.9331130805017,-10.132338970336676]]],[[[161.3656238398501,-10.34861195082757],[161.36178191965305,-10.351963018581875],[161.35662816000223,-10.33796602817033],[161.3656238398501,-10.34861195082757]]],[[[162.19839816031617,-10.824558007830879],[162.1900411197533,-10.829332909312168],[162.18462491998716,-10.82454899127472],[162.19839816031617,-10.824558007830879]]],[[[161.51113511990147,-10.475809940857186],[161.5063561203192,-10.485075029362525],[161.50880087997504,-10.476217924734124],[161.51113511990147,-10.475809940857186]]],[[[162.26923787979212,-10.79642701133164],[162.26756388003992,-10.800613048793993],[162.26166492025024,-10.802585019362066],[162.26923787979212,-10.79642701133164]]],[[[161.81965692012943,-10.76726599446471],[161.81826516025976,-10.770105886624146],[161.81645796011387,-10.76437090431502],[161.81965692012943,-10.76726599446471]]],[[[161.99536283973632,-9.820423944540131],[161.99178408010346,-9.820907079251763],[161.9940639602771,-9.81705297592567],[161.99536283973632,-9.820423944540131]]],[[[162.2060978398053,-10.81777899508192],[162.205682040203,-10.820575977536366],[162.20338200003775,-10.818198013591656],[162.2060978398053,-10.81777899508192]]],[[[162.2725419597639,-10.815067028570223],[162.2692220397987,-10.81596889821518],[162.27022104005647,-10.81370988679709],[162.2725419597639,-10.815067028570223]]],[[[161.60924303992672,-10.631094098360588],[161.6078948402635,-10.632804108993149],[161.60723784031248,-10.63029605518359],[161.60924303992672,-10.631094098360588]]],[[[162.28124316018352,-10.807103016124303],[162.2782090796501,-10.80757403046637],[162.28001088002284,-10.804500044240584],[162.28124316018352,-10.807103016124303]]],[[[162.30367908027443,-10.810262903655781],[162.30270492023087,-10.812044038750814],[162.3013739996621,-10.811445024168517],[162.30367908027443,-10.810262903655781]]],[[[161.51419115975196,-10.48344596867703],[161.51083416002677,-10.483327912668395],[161.5114148400096,-10.48192592906637],[161.51419115975196,-10.48344596867703]]],[[[161.53512012002116,-10.58006606037578],[161.5337431203699,-10.581558013729087],[161.53317899993104,-10.580486999994626],[161.53512012002116,-10.58006606037578]]],[[[161.65424196028027,-10.647144046645586],[161.65290600016274,-10.64806003888952],[161.65317816004944,-10.646130932154486],[161.65424196028027,-10.647144046645586]]],[[[161.47045188044603,-10.423259940802973],[161.46756899984973,-10.423028916921844],[161.46812484051662,-10.42221404761452],[161.47045188044603,-10.423259940802973]]],[[[161.3668298397971,-10.340194014860451],[161.3660929203285,-10.342279971433594],[161.3663251204564,-10.339438958742507],[161.3668298397971,-10.340194014860451]]],[[[161.46569699973085,-10.419379072982242],[161.4644578797976,-10.420241039652446],[161.46450107977964,-10.418778934374732],[161.46569699973085,-10.419379072982242]]],[[[162.37553508000096,-10.821860069322762],[162.37428084052314,-10.823195958571906],[162.37466891991247,-10.821482957267976],[162.37553508000096,-10.821860069322762]]],[[[162.2657559603435,-10.816317021951914],[162.2639858399576,-10.816436893153613],[162.26531604007755,-10.815608928658078],[162.2657559603435,-10.816317021951914]]],[[[161.6068371602547,-10.634922946020733],[161.60537016019177,-10.635720092755188],[161.6048391597391,-10.634974071710337],[161.6068371602547,-10.634922946020733]]],[[[162.27728892003324,-10.80833306315223],[162.27591983992954,-10.80901695139967],[162.27566208003688,-10.808074925666135],[162.27728892003324,-10.80833306315223]]],[[[162.07187292022002,-10.832216058792728],[162.0710769598777,-10.83302205547735],[162.07070616048122,-10.831861942579026],[162.07187292022002,-10.832216058792728]]],[[[162.3231698404687,-10.843608894726524],[162.32202684027087,-10.844159052500915],[162.3220790404737,-10.843102932309888],[162.3231698404687,-10.843608894726524]]],[[[161.96987484046699,-10.254414886587528],[161.96904791968836,-10.25591690186336],[161.9687181598257,-10.255137024178964],[161.96987484046699,-10.254414886587528]]],[[[161.56731312031664,-10.561132025207883],[161.56628892051847,-10.561130078627594],[161.56641492001685,-10.56009296820718],[161.56731312031664,-10.561132025207883]]],[[[162.28071791972843,-10.776643017075559],[162.27960983974066,-10.776959003543013],[162.27987408007976,-10.776067095621238],[162.28071791972843,-10.776643017075559]]],[[[162.27259991996436,-10.78106202919233],[162.271555920399,-10.781115959710503],[162.27190296025455,-10.780523072534724],[162.27259991996436,-10.78106202919233]]],[[[162.20323295965062,-10.817536953565755],[162.2018649602202,-10.816937066444398],[162.20176884048482,-10.8162860816821],[162.20323295965062,-10.817536953565755]]],[[[162.2732529601416,-10.77950510023315],[162.27302292046195,-10.780126104564888],[162.2724030002709,-10.779768036665093],[162.2732529601416,-10.77950510023315]]],[[[162.2739149996414,-10.778164065919523],[162.27355211979247,-10.779019011133423],[162.27301392024114,-10.778535926927663],[162.2739149996414,-10.778164065919523]]],[[[161.4844439997856,-10.489149060246145],[161.48377512051326,-10.489646938566466],[161.48380104050247,-10.489015962656483],[161.4844439997856,-10.489149060246145]]],[[[161.5933990804599,-10.594028952131119],[161.59283784001983,-10.594212076058554],[161.59289399999642,-10.593292030201063],[161.5933990804599,-10.594028952131119]]],[[[161.6073289204991,-10.634161001333228],[161.60706107971234,-10.634628039849861],[161.60646816018377,-10.634214958341973],[161.6073289204991,-10.634161001333228]]],[[[161.62016507964626,-10.646082992211694],[161.6190030001301,-10.645356986829436],[161.6196578405312,-10.645336996844682],[161.62016507964626,-10.646082992211694]]],[[[162.2540440805037,-10.800736994028766],[162.253773000392,-10.80108707979817],[162.25336007989017,-10.800622950666273],[162.2540440805037,-10.800736994028766]]],[[[162.25321607995014,-10.801163992586012],[162.2529230405213,-10.80157702279691],[162.25263395996794,-10.801113071171489],[162.25321607995014,-10.801163992586012]]],[[[161.553050999742,-10.574934937613191],[161.5529260800186,-10.575439931788921],[161.55257003994228,-10.57501102320732],[161.553050999742,-10.574934937613191]]],[[[161.68278815984831,-10.190200984739121],[161.6826578403517,-10.1912380811295],[161.6820980399111,-10.1907620522043],[161.68278815984831,-10.190200984739121]]],[[[161.58367404046658,-10.298099006908544],[161.5831009198069,-10.298372981052646],[161.58318587977152,-10.297814052049857],[161.58367404046658,-10.298099006908544]]],[[[162.09534095965665,-10.488864987781785],[162.09512207974777,-10.48923401610523],[162.0950209204636,-10.488563924202642],[162.09534095965665,-10.488864987781785]]],[[[161.65335815997452,-10.648679013094437],[161.65286604040398,-10.648737036362663],[161.65308600008782,-10.648395972449302],[161.65335815997452,-10.648679013094437]]]]}},{"type":"Feature","properties":{"ADM1_PCODE":"SB09","ADM1_NAME":"Temotu"},"geometry":{"type":"MultiPolygon","coordinates":[[[[166.14747683977563,-10.67641994074399],[166.14005112039703,-10.683319048017283],[166.14117395970493,-10.698543083858375],[166.12380288042473,-10.704529051448592],[166.12547112017933,-10.714903046512145],[166.11581412038225,-10.715109975118034],[166.10773391992868,-10.73602701297503],[166.08743388007136,-10.740963897034886],[166.08520800032437,-10.756325972989629],[166.09457483979313,-10.759177992212525],[166.11712883983486,-10.746391970729356],[166.1187160802969,-10.7321361279211],[166.12432487975826,-10.732884032157722],[166.11687612038924,-10.751990950301902],[166.06206792052663,-10.780812001217003],[166.06081800014874,-10.768807956816717],[166.07399112005388,-10.76259496903529],[166.08194603966132,-10.767775975073002],[166.07762100011462,-10.758089036489466],[166.06125504041594,-10.761933963693961],[166.05073908052736,-10.773055914354483],[166.05580212021596,-10.78172900421091],[166.04584703964466,-10.785840981708626],[166.00040783969905,-10.77883794346881],[166.01609916012777,-10.759625032861171],[166.0037799598671,-10.744021024708816],[165.98776787979648,-10.778210039517335],[165.96242208024339,-10.763622017643149],[165.96500004029292,-10.753674992305903],[165.95007912044176,-10.75359506128449],[165.95033112033684,-10.76228391843562],[165.92641883973772,-10.777575946087701],[165.92834699983322,-10.793919957612895],[165.8974521603447,-10.816465004833228],[165.89364516035775,-10.830502048509274],[165.87787895996019,-10.831026948829674],[165.8640441598814,-10.865338990885704],[165.85110683965348,-10.855609063465796],[165.85196508019442,-10.8278980426335],[165.84008399997595,-10.802338015856272],[165.81767795964797,-10.833552962473975],[165.7941541204592,-10.839085083799532],[165.77022887986547,-10.834326072325414],[165.7513141203297,-10.7953590539892],[165.76035300015954,-10.759805935460033],[165.75395400035345,-10.751066960738992],[165.79660608011204,-10.710971034639222],[165.80142395967812,-10.709330970609152],[165.80322107982818,-10.750617962777378],[165.8264079600556,-10.757990891842553],[165.83454396026136,-10.7081588851501],[165.8831871597713,-10.656161975427581],[165.90903300023908,-10.662165052097393],[165.92727384005545,-10.652210096630656],[165.96093816041207,-10.662046003871458],[166.04941499973117,-10.65038591776032],[166.1093380801591,-10.672614964686627],[166.12888896010375,-10.66748097467262],[166.14747683977563,-10.67641994074399]]],[[[166.99122396016466,-11.699382013136374],[166.9621089599351,-11.710998922131246],[166.9480059597434,-11.695032927485554],[166.9458769201807,-11.709962023435624],[166.88853611980048,-11.721571966540886],[166.88026116010175,-11.715326959002159],[166.8949311598328,-11.68908009987294],[166.8618129603717,-11.710349075918279],[166.8231601200709,-11.677893085252848],[166.81573800024165,-11.644702022308989],[166.79399615986176,-11.61875103212158],[166.82316912029174,-11.58905397780734],[166.84411103965724,-11.596261040420426],[166.89201011970155,-11.590844960822716],[166.93886483995612,-11.61491199440464],[166.9273261202688,-11.630961054062405],[166.921451999795,-11.66848499686045],[166.9350830404078,-11.671845933824459],[166.93441092001393,-11.657090013330349],[166.9621269603768,-11.675205948550328],[166.97162700023918,-11.670024975424244],[166.99122396016466,-11.699382013136374]]],[[[166.5765518396667,-11.254402060193868],[166.56296507970922,-11.268794896346963],[166.5403718403575,-11.273804063001103],[166.56766488022276,-11.28338895261167],[166.56053112049804,-11.297141010031421],[166.54169484048043,-11.300494020002665],[166.52704499984264,-11.315867128224992],[166.52484504008487,-11.305373076593057],[166.51581300002758,-11.310763030424331],[166.4941140003036,-11.295367937648242],[166.51233612012777,-11.27198600878772],[166.52792592014958,-11.273786940091936],[166.52105603964125,-11.26426598864632],[166.5261968401958,-11.255434103496837],[166.51620792008777,-11.254543997317867],[166.5114210000596,-11.264270048945251],[166.483663920163,-11.276153977631942],[166.48266887967898,-11.251801986977524],[166.47561504037012,-11.246168886102534],[166.49729603965244,-11.22519402518463],[166.4972780401091,-11.214444004416345],[166.51165896018512,-11.213892067527397],[166.51629395982735,-11.222529951587651],[166.52155104010887,-11.213145908904155],[166.53265812020052,-11.21993294582956],[166.54082400016927,-11.213344896552876],[166.55319504040838,-11.218724038808995],[166.55728104005462,-11.232778971113564],[166.5680580000591,-11.233382071880653],[166.54869683981087,-11.249350009593126],[166.5765518396667,-11.254402060193868]]],[[[167.00046407968614,-11.629567896923755],[166.98667283981376,-11.647415016423807],[166.946709960283,-11.658245045648307],[166.9463128797746,-11.638598084460257],[166.9657251604507,-11.614042941070183],[166.9952700000521,-11.616226942656006],[167.00046407968614,-11.629567896923755]]],[[[166.08810491979196,-10.790931057661835],[166.07859084016,-10.812259916742653],[166.0610869198122,-10.824681942157113],[166.04398908019365,-10.829079915990306],[166.02410483993864,-10.812834000617269],[166.0718880004804,-10.78526401759253],[166.0822239604439,-10.783482016439772],[166.08810491979196,-10.790931057661835]]],[[[165.82496616043133,-10.677229007841092],[165.80970612027218,-10.700366089549096],[165.80839788036772,-10.694915965048231],[165.78538884051545,-10.702281939634114],[165.80253708011298,-10.652092990456216],[165.81697416016559,-10.658846888125103],[165.82496616043133,-10.677229007841092]]],[[[166.36204116027147,-10.270915054123654],[166.32995796015484,-10.294259092964182],[166.30964784030172,-10.296928017396437],[166.31474004020274,-10.282321979919178],[166.3081988397821,-10.272347915887426],[166.35166703987466,-10.261888935672848],[166.36204116027147,-10.270915054123654]]],[[[167.19328188047774,-9.889970029671755],[167.1881821203553,-9.899674002445533],[167.1743520004991,-9.890355002661106],[167.1587308798166,-9.856452993626823],[167.1745651204104,-9.857191981565341],[167.187552839719,-9.86885809065251],[167.19328188047774,-9.889970029671755]]],[[[168.84688284009627,-12.296787032165819],[168.8133171601477,-12.304991960099157],[168.8300870401274,-12.282972053279273],[168.84688284009627,-12.296787032165819]]],[[[166.3338250798922,-10.294117056842074],[166.32825695974017,-10.30913092750953],[166.3072351199588,-10.319326073728108],[166.30136603993208,-10.3001168818413],[166.3338250798922,-10.294117056842074]]],[[[166.3148469603828,-10.225266056794805],[166.3050819597324,-10.264964090270308],[166.29395903964738,-10.276880960430534],[166.30742988010226,-10.231941904902428],[166.29870204014296,-10.202426961049241],[166.3148469603828,-10.225266056794805]]],[[[167.10934284039223,-9.802424000499443],[167.09730407979015,-9.80961192788664],[167.08875191975767,-9.801756015835776],[167.10934284039223,-9.802424000499443]]],[[[166.13552016003771,-10.719370007912186],[166.13050284010552,-10.728746926310938],[166.12373088045476,-10.72124895123647],[166.13552016003771,-10.719370007912186]]],[[[166.3808850005105,-10.265698955597117],[166.37209811967742,-10.270330040893477],[166.3702318804544,-10.26519292768534],[166.3808850005105,-10.265698955597117]]],[[[167.07881988007512,-9.775069963110438],[167.06273508048398,-9.76037101834004],[167.07265487972245,-9.764685936212661],[167.07881988007512,-9.775069963110438]]],[[[166.30220988047904,-10.192836947125873],[166.29875388012138,-10.19447796870932],[166.2946761602471,-10.180270975582404],[166.30220988047904,-10.192836947125873]]],[[[166.35545712009326,-10.323413071276565],[166.34893104011547,-10.319986967661334],[166.35115800053575,-10.317517996081559],[166.35545712009326,-10.323413071276565]]],[[[166.30214508050602,-10.281251884256433],[166.2951621604939,-10.290621031930856],[166.2997309201637,-10.2800680799009],[166.30214508050602,-10.281251884256433]]],[[[169.85255291999175,-11.610531083143735],[169.84793987966665,-11.613327102683398],[169.84934712020365,-11.606812006263535],[169.85255291999175,-11.610531083143735]]],[[[166.05361908022655,-10.083200021381842],[166.04667504019824,-10.081096947390874],[166.0495140003637,-10.078283906391409],[166.05361908022655,-10.083200021381842]]],[[[167.09255207997208,-9.782615021860002],[167.08587696050552,-9.780938041697807],[167.0865328797833,-9.776858016643482],[167.09255207997208,-9.782615021860002]]],[[[165.72395916049024,-10.048390930118083],[165.722785920305,-10.0526710448811],[165.72274883964667,-10.044178997112192],[165.72395916049024,-10.048390930118083]]],[[[167.2360221604242,-9.913314048459103],[167.23558187993376,-9.91783601738691],[167.23238003991943,-9.911277963257936],[167.2360221604242,-9.913314048459103]]],[[[166.24912787967313,-10.17324997917998],[166.2471201602845,-10.175861986968213],[166.24745387992098,-10.168799082078362],[166.24912787967313,-10.17324997917998]]],[[[166.18648391992895,-10.293316020616244],[166.18389983965736,-10.294672981116475],[166.1832241197141,-10.289321967286863],[166.18648391992895,-10.293316020616244]]],[[[166.14176004035923,-10.705784102286973],[166.1356569599808,-10.706447883075745],[166.13990784000754,-10.703601910322545],[166.14176004035923,-10.705784102286973]]],[[[166.10219712043735,-10.739473962590456],[166.09820615985322,-10.742047079123774],[166.0973299197689,-10.738080933611533],[166.10219712043735,-10.739473962590456]]],[[[167.12530992025697,-9.821711948183104],[167.11967195968487,-9.821186956414314],[167.12108388044447,-9.819334049600801],[167.12530992025697,-9.821711948183104]]],[[[166.0665600000038,-10.764176035000647],[166.06428084027903,-10.765621993255236],[166.06214712049368,-10.761469951034206],[166.0665600000038,-10.764176035000647]]],[[[167.24746403992728,-9.933393008065455],[167.24379996010538,-9.931979910793352],[167.24390903983536,-9.928012036802919],[167.24746403992728,-9.933393008065455]]],[[[167.24509308046527,-9.92122492666701],[167.2391329202519,-9.923208113379097],[167.23936583993034,-9.921264111608238],[167.24509308046527,-9.92122492666701]]],[[[166.29994116007617,-10.306968068645967],[166.2984720004633,-10.308077037861691],[166.29761592037056,-10.30242890460502],[166.29994116007617,-10.306968068645967]]],[[[166.07086308023338,-10.762344041716702],[166.0682228399852,-10.765229071776627],[166.0673080801415,-10.763930060118994],[166.07086308023338,-10.762344041716702]]],[[[166.07052900037246,-10.758564902107556],[166.06893995968662,-10.761608942792412],[166.0678030797108,-10.7602839203879],[166.07052900037246,-10.758564902107556]]],[[[166.8900769200573,-11.575653071567244],[166.88618388033072,-11.577053022126895],[166.88626308029774,-11.575579008942173],[166.8900769200573,-11.575653071567244]]],[[[167.08421484007468,-9.77586908950632],[167.0807469603957,-9.776748924687503],[167.08098815984607,-9.775129032876507],[167.08421484007468,-9.77586908950632]]],[[[166.10462711987475,-10.743497917712125],[166.1023281603828,-10.74435702918955],[166.1003200798714,-10.74281688739736],[166.10462711987475,-10.743497917712125]]],[[[165.7467428399872,-10.0793880006409],[165.74580108037932,-10.080972006170898],[165.74379407964287,-10.077811961937],[165.7467428399872,-10.0793880006409]]],[[[166.1219341205291,-10.720568047824933],[166.1197471198676,-10.71940891639408],[166.12107192021435,-10.718508879832655],[166.1219341205291,-10.720568047824933]]],[[[166.05977184013517,-10.772373890224111],[166.05827388053427,-10.772687052238224],[166.05803304040998,-10.77048094113003],[166.05977184013517,-10.772373890224111]]],[[[166.06334807999366,-10.654923878831328],[166.06144583988734,-10.65678393987074],[166.06199808010655,-10.654748043423078],[166.06334807999366,-10.654923878831328]]],[[[166.29639084020693,-10.302831978628285],[166.29412499980285,-10.304505016204326],[166.29373907996353,-10.303728977628941],[166.29639084020693,-10.302831978628285]]],[[[166.10727888011814,-10.74220500193165],[166.1058421200426,-10.742020021050124],[166.10661216039574,-10.740660959073525],[166.10727888011814,-10.74220500193165]]],[[[167.1951531601478,-9.893420048792134],[167.19435108048177,-9.894374046424815],[167.19317892007146,-9.893603933162472],[167.1951531601478,-9.893420048792134]]],[[[166.067683919985,-10.763258978751965],[166.0660178397804,-10.763382054876585],[166.06683684011313,-10.76208604101082],[166.067683919985,-10.763258978751965]]],[[[166.09670100025534,-10.739366970334226],[166.0947080401868,-10.740539995755821],[166.0947868799294,-10.739184109896902],[166.09670100025534,-10.739366970334226]]],[[[167.17600511981084,-9.894213036757112],[167.17511195995814,-9.894272972136237],[167.1751130397331,-9.893134026124308],[167.17600511981084,-9.894213036757112]]],[[[166.20108012036448,-10.16887207715949],[166.20001307991043,-10.168821937597544],[166.19925203977814,-10.167731083764858],[166.20108012036448,-10.16887207715949]]],[[[166.50674100021152,-11.306741005898768],[166.5050889597765,-11.30800602446853],[166.5032310003255,-11.308620969753028],[166.50674100021152,-11.306741005898768]]],[[[166.98404916000788,-11.680379068417302],[166.98277008031585,-11.680324071854793],[166.9829169602547,-11.679400930126441],[166.98404916000788,-11.680379068417302]]],[[[166.10186591967692,-10.74458409662673],[166.1014540798484,-10.745255043303464],[166.10122116016996,-10.743735951101117],[166.10186591967692,-10.74458409662673]]],[[[166.10839992010057,-10.747056899545523],[166.1075909997636,-10.747448076402144],[166.1074430400498,-10.74629187684634],[166.10839992010057,-10.747056899545523]]],[[[167.232695040462,-9.909839060190006],[167.23130292036788,-9.909758027015483],[167.23259784005333,-9.909323961159542],[167.232695040462,-9.909839060190006]]],[[[166.1171349600569,-10.73841694478583],[166.11599483985788,-10.738755961672508],[166.1161618797883,-10.7377150351589],[166.1171349600569,-10.73841694478583]]],[[[166.29749387974766,-10.29206708795707],[166.29621084028184,-10.292172110283708],[166.2966028803432,-10.291554902996275],[166.29749387974766,-10.29206708795707]]],[[[166.0888130401709,-10.754377925840052],[166.08859704026082,-10.754985011824052],[166.08799008006437,-10.75345005301137],[166.0888130401709,-10.754377925840052]]],[[[166.06219608047329,-10.76719296338787],[166.06158588005363,-10.767638930550063],[166.06133388015854,-10.766888990657076],[166.06219608047329,-10.76719296338787]]],[[[166.01503103989876,-10.75958400667797],[166.01405111985758,-10.759542096667642],[166.0141699202573,-10.758926001425227],[166.01503103989876,-10.75958400667797]]],[[[166.06199988033038,-10.76276296084628],[166.06123200042555,-10.762793022884072],[166.0617151197752,-10.762222026627196],[166.06199988033038,-10.76276296084628]]],[[[166.3040469603879,-10.287582965796398],[166.3037078400799,-10.288261990386069],[166.30332192024062,-10.287514071128589],[166.3040469603879,-10.287582965796398]]],[[[166.10521787985334,-10.751237081173466],[166.10415804029464,-10.751104981241062],[166.10482908001524,-10.750623090871896],[166.10521787985334,-10.751237081173466]]],[[[166.30471583966025,-10.288322029426787],[166.3042348798605,-10.288839000612],[166.304040119717,-10.288269959769405],[166.30471583966025,-10.288322029426787]]],[[[166.09662288006328,-10.74227910067216],[166.09661712006567,-10.742559046551461],[166.09580496040383,-10.742308987114582],[166.09662288006328,-10.74227910067216]]],[[[166.0655660401931,-10.766721001175828],[166.06489608024742,-10.766750001365416],[166.06501091997504,-10.76633391690199],[166.0655660401931,-10.766721001175828]]],[[[166.30105500006158,-10.286030979401254],[166.300602119801,-10.286330998709412],[166.30046496053183,-10.28564400046217],[166.30105500006158,-10.286030979401254]]],[[[166.30896815968643,-10.279109024485587],[166.3082258404446,-10.279302075462793],[166.30885404040762,-10.27880191382],[166.30896815968643,-10.279109024485587]]],[[[166.08925404021187,-10.750713986843182],[166.08873887975258,-10.750599040436512],[166.08905100029637,-10.750254024180668],[166.08925404021187,-10.750713986843182]]],[[[165.75172488038325,-10.759066939669934],[165.75135191964023,-10.759257921735236],[165.7512010799276,-10.758860041554062],[165.75172488038325,-10.759066939669934]]],[[[166.07782511980503,-10.762002929628471],[166.07731284024294,-10.761796917368233],[166.07751588015842,-10.761542983515808],[166.07782511980503,-10.762002929628471]]],[[[166.30571808014128,-10.295234926227984],[166.30540092004873,-10.295452938798487],[166.30530588008833,-10.29502895717206],[166.30571808014128,-10.295234926227984]]],[[[166.29568488027627,-10.29128800697773],[166.2955318801154,-10.291442087306262],[166.2952971602131,-10.290890939032808],[166.29568488027627,-10.29128800697773]]],[[[166.2937549199569,-10.304342973369335],[166.29366312021972,-10.304579042727747],[166.2931969197401,-10.304336951715982],[166.2937549199569,-10.304342973369335]]]]}}]}